Attrition,Business_Travel,CF_age_band,CF_attrition_label,Department,Education_Field,emp_no,Employee_Number,Gender,Job_Role,Marital_Status,Over_Time,Over18,Training_Times_Last_Year,Age,CF_current_Employee,Daily_Rate,Distance_From_Home,Education,Employee_Count,Environment_Satisfaction,Hourly_Rate,Job_Involvement,Job_Level,Job_Satisfaction,Monthly_Income,Monthly_Rate,Num_Companies_Worked,Percent_Salary_Hike,Performance_Rating,Relationship_Satisfaction,Standard_Hours,Stock_Option_Level,Total_Working_Years,Work_Life_Balance,Years_At_Company,Years_In_Current_Role,Years_Since_Last_Promotion,Years_With_Curr_Manager
Yes,Travel_Rarely,35 - 44,Ex-Employees,Sales,Life Sciences,STAFF-1,1,Female,Sales Executive,Single,Yes,Y,0,41,0,1102,1,Associates Degree,1,2,94,3,2,4,5993.00,19479.00,8,11,3,1,80,0,8,1,6,4,0,5
No,Travel_Frequently,45 - 54,Current Employees,R&D,Life Sciences,STAFF-2,2,Male,Research Scientist,Married,No,Y,3,49,1,279,8,High School,1,3,61,2,2,2,5130.00,24907.00,1,23,4,4,80,1,10,3,10,7,1,7
Yes,Travel_Rarely,35 - 44,Ex-Employees,R&D,Other,STAFF-4,4,Male,Laboratory Technician,Single,Yes,Y,3,37,0,1373,2,Associates Degree,1,4,92,2,1,3,2090.00,2396.00,6,15,3,2,80,0,7,3,0,0,0,0
No,Travel_Frequently,25 - 34,Current Employees,R&D,Life Sciences,STAFF-5,5,Female,Research Scientist,Married,Yes,Y,3,33,1,1392,3,Master's Degree,1,4,56,3,1,3,2909.00,23159.00,1,11,3,3,80,0,8,3,8,7,3,0
No,Travel_Rarely,25 - 34,Current Employees,R&D,Medical,STAFF-7,7,Male,Laboratory Technician,Married,No,Y,3,27,1,591,2,High School,1,1,40,3,1,2,3468.00,16632.00,9,12,3,4,80,1,6,3,2,2,2,2
No,Travel_Frequently,25 - 34,Current Employees,R&D,Life Sciences,STAFF-8,8,Male,Laboratory Technician,Single,No,Y,2,32,1,1005,2,Associates Degree,1,4,79,3,1,4,3068.00,11864.00,0,13,3,3,80,0,8,2,7,7,3,6
No,Travel_Rarely,Over 55,Current Employees,R&D,Medical,STAFF-10,10,Female,Laboratory Technician,Married,Yes,Y,3,59,1,1324,3,Bachelor's Degree,1,3,81,4,1,1,2670.00,9964.00,4,20,4,1,80,3,12,2,1,0,0,0
No,Travel_Rarely,25 - 34,Current Employees,R&D,Life Sciences,STAFF-11,11,Male,Laboratory Technician,Divorced,No,Y,2,30,1,1358,24,High School,1,4,67,3,1,3,2693.00,13335.00,1,22,4,2,80,1,1,3,1,0,0,0
No,Travel_Frequently,35 - 44,Current Employees,R&D,Life Sciences,STAFF-12,12,Male,Manufacturing Director,Single,No,Y,2,38,1,216,23,Bachelor's Degree,1,4,44,2,3,3,9526.00,8787.00,0,21,4,2,80,0,10,3,9,7,1,8
No,Travel_Rarely,35 - 44,Current Employees,R&D,Medical,STAFF-13,13,Male,Healthcare Representative,Married,No,Y,3,36,1,1299,27,Bachelor's Degree,1,3,94,3,2,3,5237.00,16577.00,6,13,3,2,80,2,17,2,7,7,7,7
No,Travel_Rarely,35 - 44,Current Employees,R&D,Medical,STAFF-14,14,Male,Laboratory Technician,Married,No,Y,5,35,1,809,16,Bachelor's Degree,1,1,84,4,1,2,2426.00,16479.00,0,13,3,3,80,1,6,3,5,4,0,3
No,Travel_Rarely,25 - 34,Current Employees,R&D,Life Sciences,STAFF-15,15,Female,Laboratory Technician,Single,Yes,Y,3,29,1,153,15,Associates Degree,1,4,49,2,2,3,4193.00,12682.00,0,12,3,4,80,0,10,3,9,5,0,8
No,Travel_Rarely,25 - 34,Current Employees,R&D,Life Sciences,STAFF-16,16,Male,Research Scientist,Divorced,No,Y,1,31,1,670,26,High School,1,1,31,3,1,3,2911.00,15170.00,1,17,3,4,80,1,5,2,5,2,4,3
No,Travel_Rarely,25 - 34,Current Employees,R&D,Medical,STAFF-18,18,Male,Laboratory Technician,Divorced,No,Y,2,34,1,1346,19,Associates Degree,1,2,93,3,1,4,2661.00,8758.00,0,11,3,3,80,1,3,3,2,2,1,2
Yes,Travel_Rarely,25 - 34,Ex-Employees,R&D,Life Sciences,STAFF-19,19,Male,Laboratory Technician,Single,Yes,Y,4,28,0,103,24,Bachelor's Degree,1,3,50,2,1,3,2028.00,12947.00,5,14,3,2,80,0,6,3,4,2,0,3
No,Travel_Rarely,25 - 34,Current Employees,R&D,Life Sciences,STAFF-20,20,Female,Manufacturing Director,Divorced,No,Y,1,29,1,1389,21,Master's Degree,1,2,51,4,3,1,9980.00,10195.00,1,11,3,3,80,1,10,3,10,9,8,8
No,Travel_Rarely,25 - 34,Current Employees,R&D,Life Sciences,STAFF-21,21,Male,Research Scientist,Divorced,Yes,Y,5,32,1,334,5,Associates Degree,1,1,80,4,1,2,3298.00,15053.00,0,12,3,4,80,2,7,2,6,2,0,5
No,Non-Travel,Under 25,Current Employees,R&D,Medical,STAFF-22,22,Male,Laboratory Technician,Divorced,Yes,Y,2,22,1,1123,16,Associates Degree,1,4,96,4,1,4,2935.00,7324.00,1,13,3,2,80,2,1,2,1,0,0,0
No,Travel_Rarely,45 - 54,Current Employees,Sales,Life Sciences,STAFF-23,23,Female,Manager,Married,No,Y,3,53,1,1219,2,Master's Degree,1,1,78,2,4,4,15427.00,22021.00,2,16,3,3,80,0,31,3,25,8,3,7
No,Travel_Rarely,35 - 44,Current Employees,R&D,Life Sciences,STAFF-24,24,Male,Research Scientist,Single,Yes,Y,3,38,1,371,2,Bachelor's Degree,1,4,45,3,1,4,3944.00,4306.00,5,11,3,3,80,0,6,3,3,2,1,2
No,Non-Travel,Under 25,Current Employees,R&D,Other,STAFF-26,26,Female,Manufacturing Director,Divorced,No,Y,5,24,1,673,11,Associates Degree,1,1,96,4,2,3,4011.00,8232.00,0,18,3,4,80,1,5,2,4,2,1,3
Yes,Travel_Rarely,35 - 44,Ex-Employees,Sales,Life Sciences,STAFF-27,27,Male,Sales Representative,Single,No,Y,4,36,0,1218,9,Master's Degree,1,3,82,2,1,1,3407.00,6986.00,7,23,4,2,80,0,10,3,5,3,0,3
No,Travel_Rarely,25 - 34,Current Employees,R&D,Life Sciences,STAFF-28,28,Female,Research Director,Single,No,Y,4,34,1,419,7,Master's Degree,1,1,53,3,3,2,11994.00,21293.00,0,11,3,3,80,0,13,3,12,6,2,11
No,Travel_Rarely,Under 25,Current Employees,R&D,Life Sciences,STAFF-30,30,Male,Research Scientist,Single,No,Y,6,21,1,391,15,Associates Degree,1,3,96,3,1,4,1232.00,19281.00,1,14,3,4,80,0,0,3,0,0,0,0
Yes,Travel_Rarely,25 - 34,Ex-Employees,R&D,Medical,STAFF-31,31,Male,Research Scientist,Single,No,Y,2,34,0,699,6,High School,1,2,83,3,1,1,2960.00,17102.00,2,11,3,3,80,0,8,3,4,2,1,3
No,Travel_Rarely,45 - 54,Current Employees,R&D,Other,STAFF-32,32,Female,Manager,Divorced,No,Y,3,53,1,1282,5,Bachelor's Degree,1,3,58,3,5,3,19094.00,10735.00,4,11,3,4,80,1,26,2,14,13,4,8
Yes,Travel_Frequently,25 - 34,Ex-Employees,R&D,Life Sciences,STAFF-33,33,Female,Research Scientist,Single,Yes,Y,5,32,0,1125,16,High School,1,2,72,1,1,1,3919.00,4681.00,1,22,4,2,80,0,10,3,10,2,6,7
No,Travel_Rarely,35 - 44,Current Employees,Sales,Marketing,STAFF-35,35,Male,Sales Executive,Married,No,Y,2,42,1,691,8,Master's Degree,1,3,48,3,2,2,6825.00,21173.00,0,11,3,4,80,1,10,3,9,7,4,2
No,Travel_Rarely,35 - 44,Current Employees,R&D,Medical,STAFF-36,36,Female,Healthcare Representative,Married,No,Y,4,44,1,477,7,Master's Degree,1,1,42,2,3,4,10248.00,2094.00,3,14,3,4,80,1,24,3,22,6,5,17
No,Travel_Rarely,45 - 54,Current Employees,Sales,Marketing,STAFF-38,38,Female,Manager,Single,No,Y,2,46,1,705,2,Master's Degree,1,2,83,3,5,1,18947.00,22822.00,3,12,3,4,80,0,22,2,2,2,2,1
No,Travel_Rarely,25 - 34,Current Employees,R&D,Medical,STAFF-39,39,Male,Laboratory Technician,Single,No,Y,3,33,1,924,2,Bachelor's Degree,1,3,78,3,1,4,2496.00,6670.00,4,11,3,4,80,0,7,3,1,1,0,0
No,Travel_Rarely,35 - 44,Current Employees,R&D,Other,STAFF-40,40,Male,Healthcare Representative,Married,Yes,Y,5,44,1,1459,10,Master's Degree,1,4,41,3,2,4,6465.00,19121.00,2,13,3,4,80,0,9,4,4,2,1,3
No,Travel_Rarely,25 - 34,Current Employees,R&D,Medical,STAFF-41,41,Male,Laboratory Technician,Single,No,Y,5,30,1,125,9,Associates Degree,1,4,83,2,1,3,2206.00,16117.00,1,13,3,1,80,0,10,3,10,0,1,8
Yes,Travel_Rarely,35 - 44,Ex-Employees,Sales,Technical Degree,STAFF-42,42,Male,Sales Representative,Married,No,Y,6,39,0,895,5,Bachelor's Degree,1,4,56,3,2,4,2086.00,3335.00,3,14,3,3,80,1,19,4,1,0,0,0
Yes,Travel_Rarely,Under 25,Ex-Employees,R&D,Medical,STAFF-45,45,Male,Research Scientist,Married,Yes,Y,2,24,0,813,1,Bachelor's Degree,1,2,61,3,1,4,2293.00,3020.00,2,16,3,1,80,1,6,2,2,0,2,0
No,Travel_Rarely,35 - 44,Current Employees,R&D,Medical,STAFF-46,46,Female,Research Scientist,Divorced,No,Y,3,43,1,1273,2,Associates Degree,1,4,72,4,1,3,2645.00,21923.00,1,12,3,4,80,2,6,2,5,3,1,4
Yes,Travel_Rarely,45 - 54,Ex-Employees,Sales,Marketing,STAFF-47,47,Male,Sales Representative,Married,Yes,Y,2,50,0,869,3,Associates Degree,1,1,86,2,1,3,2683.00,3810.00,1,14,3,3,80,0,3,3,3,2,0,2
No,Travel_Rarely,35 - 44,Current Employees,Sales,Marketing,STAFF-49,49,Female,Sales Representative,Married,No,Y,3,35,1,890,2,Bachelor's Degree,1,4,97,3,1,4,2014.00,9687.00,1,13,3,1,80,0,2,3,2,2,2,2
No,Travel_Rarely,35 - 44,Current Employees,R&D,Life Sciences,STAFF-51,51,Female,Research Scientist,Married,Yes,Y,3,36,1,852,5,Master's Degree,1,2,82,2,1,1,3419.00,13072.00,9,14,3,4,80,1,6,4,1,1,0,0
No,Travel_Frequently,25 - 34,Current Employees,Sales,Life Sciences,STAFF-52,52,Female,Sales Executive,Married,No,Y,3,33,1,1141,1,Bachelor's Degree,1,3,42,4,2,1,5376.00,3193.00,2,19,3,1,80,2,10,3,5,3,1,3
No,Travel_Rarely,35 - 44,Current Employees,R&D,Other,STAFF-53,53,Male,Laboratory Technician,Divorced,No,Y,3,35,1,464,4,Associates Degree,1,3,75,3,1,4,1951.00,10910.00,1,12,3,3,80,1,1,3,1,0,0,0
No,Travel_Rarely,25 - 34,Current Employees,R&D,Life Sciences,STAFF-54,54,Female,Laboratory Technician,Divorced,No,Y,6,27,1,1240,2,Master's Degree,1,4,33,3,1,1,2341.00,19715.00,1,13,3,4,80,1,1,3,1,0,0,0
Yes,Travel_Rarely,25 - 34,Ex-Employees,R&D,Life Sciences,STAFF-55,55,Male,Laboratory Technician,Single,No,Y,2,26,0,1357,25,Bachelor's Degree,1,1,48,1,1,3,2293.00,10558.00,1,12,3,3,80,0,1,2,1,0,0,1
No,Travel_Frequently,25 - 34,Current Employees,Sales,Life Sciences,STAFF-56,56,Male,Sales Executive,Single,No,Y,0,27,1,994,8,Bachelor's Degree,1,4,37,3,3,3,8726.00,2975.00,1,15,3,4,80,0,9,3,9,8,1,7
No,Travel_Frequently,25 - 34,Current Employees,R&D,Medical,STAFF-57,57,Female,Laboratory Technician,Single,No,Y,2,30,1,721,1,Associates Degree,1,3,58,3,2,4,4011.00,10781.00,1,23,4,4,80,0,12,3,12,8,3,7
Yes,Travel_Rarely,35 - 44,Ex-Employees,R&D,Technical Degree,STAFF-58,58,Female,Research Director,Married,No,Y,0,41,0,1360,12,Bachelor's Degree,1,2,49,3,5,3,19545.00,16280.00,1,12,3,4,80,0,23,3,22,15,15,8
No,Non-Travel,25 - 34,Current Employees,Sales,Marketing,STAFF-60,60,Male,Sales Executive,Single,No,Y,2,34,1,1065,23,Master's Degree,1,2,72,3,2,3,4568.00,10034.00,0,20,4,3,80,0,10,3,9,5,8,7
No,Travel_Rarely,35 - 44,Current Employees,R&D,Life Sciences,STAFF-61,61,Male,Research Scientist,Married,No,Y,1,37,1,408,19,Associates Degree,1,2,73,3,1,2,3022.00,10227.00,4,21,4,1,80,0,8,3,1,0,0,0
No,Travel_Frequently,45 - 54,Current Employees,Sales,Marketing,STAFF-62,62,Male,Sales Executive,Single,Yes,Y,4,46,1,1211,5,Master's Degree,1,1,98,3,2,4,5772.00,20445.00,4,21,4,3,80,0,14,3,9,6,0,8
No,Travel_Rarely,35 - 44,Current Employees,R&D,Life Sciences,STAFF-63,63,Male,Laboratory Technician,Married,No,Y,2,35,1,1229,8,High School,1,4,36,4,1,4,2269.00,4892.00,1,19,3,4,80,0,1,3,1,0,0,1
Yes,Travel_Rarely,45 - 54,Ex-Employees,R&D,Life Sciences,STAFF-64,64,Male,Laboratory Technician,Single,Yes,Y,2,48,0,626,1,Associates Degree,1,1,98,2,3,3,5381.00,19294.00,9,13,3,4,80,0,23,3,1,0,0,0
Yes,Travel_Rarely,25 - 34,Ex-Employees,R&D,Technical Degree,STAFF-65,65,Male,Laboratory Technician,Single,Yes,Y,3,28,0,1434,5,Master's Degree,1,3,50,3,1,3,3441.00,11179.00,1,13,3,3,80,0,2,2,2,2,2,2
No,Travel_Rarely,35 - 44,Current Employees,Sales,Marketing,STAFF-68,68,Female,Sales Executive,Divorced,Yes,Y,2,44,1,1488,1,Doctoral Degree,1,2,75,3,2,1,5454.00,4009.00,5,21,4,3,80,1,9,2,4,3,1,3
No,Non-Travel,35 - 44,Current Employees,R&D,Medical,STAFF-70,70,Male,Healthcare Representative,Married,Yes,Y,3,35,1,1097,11,Associates Degree,1,3,79,2,3,1,9884.00,8302.00,2,13,3,3,80,1,10,3,4,0,2,3
No,Travel_Rarely,25 - 34,Current Employees,Sales,Marketing,STAFF-72,72,Female,Sales Executive,Married,Yes,Y,2,26,1,1443,23,Bachelor's Degree,1,3,47,2,2,4,4157.00,21436.00,7,19,3,3,80,1,5,2,2,2,0,0
No,Travel_Frequently,25 - 34,Current Employees,R&D,Life Sciences,STAFF-73,73,Female,Research Director,Single,Yes,Y,1,33,1,515,1,Associates Degree,1,1,98,3,3,4,13458.00,15146.00,1,12,3,3,80,0,15,3,15,14,8,12
No,Travel_Frequently,35 - 44,Current Employees,Sales,Life Sciences,STAFF-74,74,Male,Sales Executive,Married,No,Y,3,35,1,853,18,Doctoral Degree,1,2,71,3,3,1,9069.00,11031.00,1,22,4,4,80,1,9,2,9,8,1,8
No,Travel_Rarely,35 - 44,Current Employees,R&D,Medical,STAFF-75,75,Female,Laboratory Technician,Married,Yes,Y,3,35,1,1142,23,Master's Degree,1,3,30,3,1,1,4014.00,16002.00,3,15,3,3,80,1,4,3,2,2,2,2
No,Travel_Rarely,25 - 34,Current Employees,R&D,Life Sciences,STAFF-76,76,Male,Laboratory Technician,Divorced,No,Y,3,31,1,655,7,Master's Degree,1,4,48,3,2,4,5915.00,9528.00,3,22,4,4,80,1,10,2,7,7,1,7
No,Travel_Rarely,35 - 44,Current Employees,R&D,Life Sciences,STAFF-77,77,Male,Manufacturing Director,Divorced,No,Y,2,37,1,1115,1,Master's Degree,1,1,51,2,2,3,5993.00,2689.00,1,18,3,3,80,1,7,4,7,5,0,7
No,Travel_Rarely,25 - 34,Current Employees,R&D,Medical,STAFF-78,78,Male,Manufacturing Director,Married,Yes,Y,3,32,1,427,1,Bachelor's Degree,1,1,33,3,2,4,6162.00,10877.00,1,22,4,2,80,1,9,3,9,8,7,8
No,Travel_Frequently,35 - 44,Current Employees,R&D,Life Sciences,STAFF-79,79,Female,Laboratory Technician,Single,No,Y,2,38,1,653,29,Doctoral Degree,1,4,50,3,2,4,2406.00,5456.00,1,11,3,4,80,0,10,3,10,3,9,9
No,Travel_Rarely,45 - 54,Current Employees,R&D,Medical,STAFF-80,80,Female,Research Director,Divorced,Yes,Y,2,50,1,989,7,Associates Degree,1,2,43,2,5,3,18740.00,16701.00,5,12,3,4,80,1,29,2,27,3,13,8
No,Travel_Rarely,Over 55,Current Employees,Sales,Life Sciences,STAFF-81,81,Female,Sales Executive,Single,No,Y,3,59,1,1435,25,Bachelor's Degree,1,1,99,3,3,1,7637.00,2354.00,7,11,3,4,80,0,28,2,21,16,7,9
No,Travel_Rarely,35 - 44,Current Employees,R&D,Technical Degree,STAFF-83,83,Female,Healthcare Representative,Divorced,No,Y,2,36,1,1223,8,Bachelor's Degree,1,3,59,3,3,3,10096.00,8202.00,1,13,3,2,80,3,17,3,17,14,12,8
No,Travel_Rarely,Over 55,Current Employees,R&D,Medical,STAFF-84,84,Female,Manager,Divorced,Yes,Y,2,55,1,836,8,Bachelor's Degree,1,4,33,3,4,3,14756.00,19730.00,2,14,3,3,80,3,21,3,5,0,0,2
No,Travel_Frequently,35 - 44,Current Employees,R&D,Life Sciences,STAFF-85,85,Male,Manufacturing Director,Single,No,Y,3,36,1,1195,11,Bachelor's Degree,1,2,95,2,2,2,6499.00,22656.00,1,13,3,3,80,0,6,3,6,5,0,3
No,Travel_Rarely,45 - 54,Current Employees,R&D,Life Sciences,STAFF-86,86,Male,Research Scientist,Divorced,No,Y,2,45,1,1339,7,Bachelor's Degree,1,2,59,3,3,1,9724.00,18787.00,2,17,3,3,80,1,25,3,1,0,0,0
No,Travel_Frequently,35 - 44,Current Employees,R&D,Medical,STAFF-88,88,Male,Research Scientist,Married,No,Y,2,35,1,664,1,Bachelor's Degree,1,2,79,3,1,1,2194.00,5868.00,4,13,3,4,80,1,5,2,3,2,1,2
Yes,Travel_Rarely,35 - 44,Ex-Employees,R&D,Medical,STAFF-90,90,Male,Research Scientist,Married,Yes,Y,0,36,0,318,9,Bachelor's Degree,1,4,79,2,1,3,3388.00,21777.00,0,17,3,1,80,1,2,2,1,0,0,0
No,Travel_Frequently,Over 55,Current Employees,Sales,Life Sciences,STAFF-91,91,Female,Sales Executive,Single,No,Y,2,59,1,1225,1,High School,1,1,57,2,2,3,5473.00,24668.00,7,11,3,4,80,0,20,2,4,3,1,3
No,Travel_Rarely,25 - 34,Current Employees,R&D,Life Sciences,STAFF-94,94,Male,Research Scientist,Married,No,Y,3,29,1,1328,2,Bachelor's Degree,1,3,76,3,1,2,2703.00,4956.00,0,23,4,4,80,1,6,3,5,4,0,4
No,Travel_Rarely,25 - 34,Current Employees,R&D,Medical,STAFF-95,95,Male,Research Scientist,Single,No,Y,4,31,1,1082,1,Master's Degree,1,3,87,3,1,2,2501.00,18775.00,1,17,3,2,80,0,1,3,1,1,1,0
No,Travel_Rarely,25 - 34,Current Employees,R&D,Life Sciences,STAFF-96,96,Male,Research Scientist,Married,No,Y,3,32,1,548,1,Bachelor's Degree,1,2,66,3,2,2,6220.00,7346.00,1,17,3,2,80,2,10,3,10,4,0,9
No,Travel_Rarely,35 - 44,Current Employees,R&D,Life Sciences,STAFF-97,97,Female,Laboratory Technician,Married,No,Y,3,36,1,132,6,Bachelor's Degree,1,2,55,4,1,4,3038.00,22002.00,3,12,3,2,80,0,5,3,1,0,0,0
No,Travel_Rarely,25 - 34,Current Employees,R&D,Life Sciences,STAFF-98,98,Female,Manufacturing Director,Single,No,Y,2,31,1,746,8,Master's Degree,1,3,61,3,2,4,4424.00,20682.00,1,23,4,4,80,0,11,3,11,7,1,8
No,Travel_Rarely,35 - 44,Current Employees,Sales,Marketing,STAFF-100,100,Male,Sales Executive,Single,No,Y,2,35,1,776,1,Master's Degree,1,3,32,2,2,1,4312.00,23016.00,0,14,3,2,80,0,16,3,15,13,2,8
No,Travel_Rarely,45 - 54,Current Employees,R&D,Other,STAFF-101,101,Male,Research Director,Married,Yes,Y,3,45,1,193,6,Master's Degree,1,4,52,3,3,1,13245.00,15067.00,4,14,3,2,80,0,17,4,0,0,0,0
No,Travel_Rarely,35 - 44,Current Employees,R&D,Medical,STAFF-102,102,Male,Research Director,Single,No,Y,3,37,1,397,7,Master's Degree,1,1,30,3,3,3,13664.00,25258.00,4,13,3,1,80,0,16,4,5,2,0,2
No,Travel_Rarely,45 - 54,Current Employees,HR,Medical,STAFF-103,103,Male,Human Resources,Divorced,Yes,Y,2,46,1,945,5,Associates Degree,1,2,80,3,2,2,5021.00,10425.00,8,22,4,4,80,1,16,3,4,2,0,2
No,Travel_Rarely,25 - 34,Current Employees,R&D,Life Sciences,STAFF-104,104,Male,Laboratory Technician,Married,Yes,Y,1,30,1,852,1,High School,1,4,55,2,2,4,5126.00,15998.00,1,12,3,3,80,2,10,2,10,8,3,0
No,Travel_Rarely,35 - 44,Current Employees,R&D,Medical,STAFF-105,105,Male,Research Scientist,Single,No,Y,3,35,1,1214,1,Bachelor's Degree,1,2,30,2,1,3,2859.00,26278.00,1,18,3,1,80,0,6,3,6,4,0,4
No,Travel_Rarely,Over 55,Current Employees,Sales,Life Sciences,STAFF-106,106,Male,Sales Executive,Married,No,Y,4,55,1,111,1,Associates Degree,1,1,70,3,3,4,10239.00,18092.00,3,14,3,4,80,1,24,3,1,0,1,0
No,Non-Travel,35 - 44,Current Employees,R&D,Medical,STAFF-107,107,Female,Research Scientist,Divorced,Yes,Y,3,38,1,573,6,Bachelor's Degree,1,2,79,1,2,4,5329.00,15717.00,7,12,3,4,80,3,17,3,13,11,1,9
No,Travel_Rarely,25 - 34,Current Employees,R&D,Medical,STAFF-110,110,Male,Manufacturing Director,Married,No,Y,2,34,1,1153,1,Associates Degree,1,1,94,3,2,2,4325.00,17736.00,1,15,3,3,80,0,5,3,5,2,1,3
No,Travel_Rarely,Over 55,Current Employees,R&D,Life Sciences,STAFF-112,112,Male,Manufacturing Director,Single,No,Y,3,56,1,1400,7,Bachelor's Degree,1,4,49,1,3,4,7260.00,21698.00,4,11,3,1,80,0,37,2,6,4,0,2
No,Travel_Rarely,Under 25,Current Employees,Sales,Technical Degree,STAFF-113,113,Male,Sales Representative,Divorced,No,Y,3,23,1,541,2,High School,1,3,62,3,1,1,2322.00,9518.00,3,13,3,3,80,1,3,3,0,0,0,0
No,Travel_Rarely,45 - 54,Current Employees,R&D,Life Sciences,STAFF-116,116,Male,Laboratory Technician,Married,No,Y,4,51,1,432,9,Master's Degree,1,4,96,3,1,4,2075.00,18725.00,3,23,4,2,80,2,10,3,4,2,0,3
No,Travel_Rarely,25 - 34,Current Employees,R&D,Life Sciences,STAFF-117,117,Male,Healthcare Representative,Married,No,Y,3,30,1,288,2,Bachelor's Degree,1,3,99,2,2,4,4152.00,15830.00,1,19,3,1,80,3,11,3,11,10,10,8
Yes,Travel_Rarely,45 - 54,Ex-Employees,Sales,Medical,STAFF-118,118,Male,Sales Executive,Single,No,Y,3,46,0,669,9,Associates Degree,1,3,64,2,3,4,9619.00,13596.00,1,16,3,4,80,0,9,3,9,8,4,7
No,Travel_Frequently,35 - 44,Current Employees,R&D,Life Sciences,STAFF-119,119,Male,Healthcare Representative,Married,No,Y,3,40,1,530,1,Master's Degree,1,3,78,2,4,2,13503.00,14115.00,1,22,4,4,80,1,22,2,22,3,11,11
No,Travel_Rarely,45 - 54,Current Employees,Sales,Marketing,STAFF-120,120,Male,Sales Executive,Single,Yes,Y,2,51,1,632,21,Master's Degree,1,3,71,3,2,4,5441.00,8423.00,0,22,4,4,80,0,11,1,10,7,1,0
No,Travel_Rarely,25 - 34,Current Employees,Sales,Medical,STAFF-121,121,Female,Sales Executive,Divorced,Yes,Y,4,30,1,1334,4,Associates Degree,1,3,63,2,2,2,5209.00,19760.00,1,12,3,2,80,3,11,2,11,8,2,7
No,Travel_Frequently,45 - 54,Current Employees,R&D,Medical,STAFF-124,124,Male,Healthcare Representative,Married,Yes,Y,5,46,1,638,1,Bachelor's Degree,1,3,40,2,3,1,10673.00,3142.00,2,13,3,3,80,1,21,2,10,9,9,5
No,Travel_Rarely,25 - 34,Current Employees,Sales,Medical,STAFF-125,125,Male,Sales Executive,Single,No,Y,0,32,1,1093,6,Master's Degree,1,2,87,3,2,3,5010.00,24301.00,1,16,3,1,80,0,12,3,11,8,5,7
No,Travel_Rarely,45 - 54,Current Employees,R&D,Technical Degree,STAFF-126,126,Female,Research Director,Married,No,Y,5,54,1,1217,2,Master's Degree,1,1,60,3,3,3,13549.00,24001.00,9,12,3,1,80,1,16,1,4,3,0,3
No,Travel_Rarely,Under 25,Current Employees,Sales,Other,STAFF-128,128,Female,Sales Executive,Married,No,Y,2,24,1,1353,3,Associates Degree,1,1,33,3,2,3,4999.00,17519.00,0,21,4,1,80,1,4,2,3,2,0,2
No,Non-Travel,25 - 34,Current Employees,Sales,Medical,STAFF-129,129,Male,Sales Executive,Married,No,Y,3,28,1,120,4,Bachelor's Degree,1,2,43,3,2,3,4221.00,8863.00,1,15,3,2,80,0,5,4,5,4,0,4
No,Travel_Rarely,Over 55,Current Employees,Sales,Medical,STAFF-131,131,Male,Sales Executive,Single,No,Y,1,58,1,682,10,Master's Degree,1,4,37,3,4,3,13872.00,24409.00,0,13,3,3,80,0,38,2,37,10,1,8
No,Non-Travel,35 - 44,Current Employees,R&D,Medical,STAFF-132,132,Male,Laboratory Technician,Married,No,Y,3,44,1,489,23,Bachelor's Degree,1,2,67,3,2,2,2042.00,25043.00,4,12,3,3,80,1,17,4,3,2,1,2
Yes,Travel_Rarely,35 - 44,Ex-Employees,HR,Human Resources,STAFF-133,133,Male,Human Resources,Divorced,Yes,Y,3,37,0,807,6,Master's Degree,1,3,63,3,1,1,2073.00,23648.00,4,22,4,4,80,0,7,3,3,2,0,2
No,Travel_Rarely,25 - 34,Current Employees,R&D,Life Sciences,STAFF-134,134,Male,Research Scientist,Single,No,Y,2,32,1,827,1,High School,1,4,71,3,1,1,2956.00,15178.00,1,13,3,4,80,0,1,3,1,0,0,0
Yes,Travel_Frequently,Under 25,Ex-Employees,R&D,Life Sciences,STAFF-137,137,Female,Laboratory Technician,Single,Yes,Y,5,20,0,871,6,Bachelor's Degree,1,4,66,2,1,4,2926.00,19783.00,1,18,3,2,80,0,1,3,1,0,1,0
No,Travel_Rarely,25 - 34,Current Employees,R&D,Other,STAFF-138,138,Female,Research Scientist,Single,No,Y,3,34,1,665,6,Master's Degree,1,1,41,3,2,3,4809.00,12482.00,1,14,3,3,80,0,16,3,16,13,2,10
No,Non-Travel,35 - 44,Current Employees,R&D,Life Sciences,STAFF-139,139,Male,Healthcare Representative,Divorced,No,Y,2,37,1,1040,2,Associates Degree,1,3,100,2,2,4,5163.00,15850.00,5,14,3,4,80,1,17,4,1,0,0,0
No,Non-Travel,Over 55,Current Employees,HR,Human Resources,STAFF-140,140,Female,Manager,Married,No,Y,3,59,1,1420,2,Master's Degree,1,3,32,2,5,4,18844.00,21922.00,9,21,4,4,80,1,30,3,3,2,2,2
No,Travel_Frequently,45 - 54,Current Employees,R&D,Life Sciences,STAFF-141,141,Female,Research Director,Married,Yes,Y,1,50,1,1115,1,Bachelor's Degree,1,1,73,3,5,2,18172.00,9755.00,3,19,3,1,80,0,28,2,8,3,0,7
Yes,Travel_Rarely,25 - 34,Ex-Employees,Sales,Marketing,STAFF-142,142,Male,Sales Executive,Single,Yes,Y,1,25,0,240,5,Bachelor's Degree,1,3,46,2,2,3,5744.00,26959.00,1,11,3,4,80,0,6,3,6,4,0,3
No,Travel_Rarely,25 - 34,Current Employees,R&D,Medical,STAFF-143,143,Male,Research Scientist,Married,No,Y,2,25,1,1280,7,High School,1,4,64,2,1,4,2889.00,26897.00,1,11,3,3,80,2,2,3,2,2,2,1
No,Travel_Rarely,Under 25,Current Employees,R&D,Medical,STAFF-144,144,Female,Laboratory Technician,Single,No,Y,5,22,1,534,15,Bachelor's Degree,1,2,59,3,1,4,2871.00,23785.00,1,15,3,3,80,0,1,3,0,0,0,0
No,Travel_Frequently,45 - 54,Current Employees,R&D,Medical,STAFF-145,145,Female,Healthcare Representative,Single,No,Y,1,51,1,1456,1,Master's Degree,1,1,30,2,3,1,7484.00,25796.00,3,20,4,3,80,0,23,2,13,12,12,8
Yes,Travel_Frequently,25 - 34,Ex-Employees,R&D,Life Sciences,STAFF-147,147,Male,Laboratory Technician,Single,Yes,Y,3,34,0,658,7,Bachelor's Degree,1,1,66,1,2,3,6074.00,22887.00,1,24,4,4,80,0,9,3,9,7,0,6
No,Non-Travel,45 - 54,Current Employees,HR,Human Resources,STAFF-148,148,Female,Manager,Single,Yes,Y,3,54,1,142,26,Bachelor's Degree,1,4,30,4,4,4,17328.00,13871.00,2,12,3,3,80,0,23,3,5,3,4,4
No,Travel_Rarely,Under 25,Current Employees,R&D,Life Sciences,STAFF-150,150,Male,Laboratory Technician,Married,No,Y,2,24,1,1127,18,High School,1,2,52,3,1,3,2774.00,13257.00,0,12,3,3,80,1,6,3,5,3,1,2
No,Travel_Rarely,25 - 34,Current Employees,R&D,Life Sciences,STAFF-151,151,Female,Research Scientist,Divorced,No,Y,3,34,1,1031,6,Master's Degree,1,3,45,2,2,2,4505.00,15000.00,6,15,3,3,80,1,12,3,1,0,0,0
No,Travel_Rarely,35 - 44,Current Employees,Sales,Life Sciences,STAFF-152,152,Male,Sales Executive,Single,No,Y,3,37,1,1189,3,Bachelor's Degree,1,3,87,3,3,4,7428.00,14506.00,2,12,3,1,80,0,12,3,5,3,1,3
No,Travel_Rarely,25 - 34,Current Employees,R&D,Medical,STAFF-153,153,Female,Manager,Single,No,Y,6,34,1,1354,5,Bachelor's Degree,1,3,45,2,3,1,11631.00,5615.00,2,12,3,4,80,0,14,3,11,10,5,8
No,Travel_Frequently,35 - 44,Current Employees,Sales,Technical Degree,STAFF-154,154,Female,Sales Executive,Married,No,Y,6,36,1,1467,11,Associates Degree,1,2,92,3,3,4,9738.00,22952.00,0,14,3,3,80,1,10,3,9,7,2,8
No,Travel_Rarely,35 - 44,Current Employees,R&D,Life Sciences,STAFF-155,155,Female,Laboratory Technician,Divorced,No,Y,2,36,1,922,3,Associates Degree,1,1,39,3,1,4,2835.00,2561.00,5,22,4,1,80,1,7,3,1,0,0,0
No,Travel_Frequently,35 - 44,Current Employees,Sales,Life Sciences,STAFF-158,158,Male,Manager,Married,Yes,Y,3,43,1,394,26,Associates Degree,1,3,92,3,4,4,16959.00,19494.00,1,12,3,4,80,2,25,4,25,12,4,12
No,Travel_Frequently,25 - 34,Current Employees,R&D,Life Sciences,STAFF-159,159,Male,Research Scientist,Divorced,No,Y,2,30,1,1312,23,Bachelor's Degree,1,1,96,1,1,3,2613.00,22310.00,1,25,4,3,80,3,10,2,10,7,0,9
No,Non-Travel,25 - 34,Current Employees,Sales,Marketing,STAFF-160,160,Male,Sales Executive,Married,No,Y,2,33,1,750,22,Associates Degree,1,3,95,3,2,2,6146.00,15480.00,0,13,3,1,80,1,8,4,7,7,0,7
Yes,Travel_Rarely,Over 55,Ex-Employees,R&D,Life Sciences,STAFF-161,161,Female,Research Scientist,Married,Yes,Y,2,56,0,441,14,Master's Degree,1,2,72,3,1,2,4963.00,4510.00,9,18,3,1,80,3,7,3,5,4,4,3
No,Travel_Rarely,45 - 54,Current Employees,R&D,Life Sciences,STAFF-162,162,Male,Research Director,Single,No,Y,5,51,1,684,6,Bachelor's Degree,1,1,51,3,5,3,19537.00,6462.00,7,13,3,3,80,0,23,3,20,18,15,15
Yes,Travel_Rarely,25 - 34,Ex-Employees,Sales,Life Sciences,STAFF-163,163,Male,Sales Executive,Married,Yes,Y,3,31,0,249,6,Master's Degree,1,2,76,1,2,3,6172.00,20739.00,4,18,3,2,80,0,12,2,7,7,7,7
No,Travel_Rarely,25 - 34,Current Employees,R&D,Other,STAFF-164,164,Female,Research Scientist,Married,No,Y,3,26,1,841,6,Bachelor's Degree,1,3,46,2,1,2,2368.00,23300.00,1,19,3,3,80,0,5,2,5,4,4,3
Yes,Travel_Rarely,Over 55,Ex-Employees,R&D,Medical,STAFF-165,165,Female,Healthcare Representative,Married,No,Y,3,58,0,147,23,Master's Degree,1,4,94,3,3,4,10312.00,3465.00,1,12,3,4,80,1,40,2,40,10,15,6
Yes,Travel_Rarely,Under 25,Ex-Employees,Sales,Marketing,STAFF-167,167,Male,Sales Representative,Single,Yes,Y,2,19,0,528,22,High School,1,4,50,3,1,3,1675.00,26820.00,1,19,3,4,80,0,0,2,0,0,0,0
No,Travel_Rarely,Under 25,Current Employees,R&D,Technical Degree,STAFF-169,169,Male,Laboratory Technician,Married,No,Y,2,22,1,594,2,High School,1,3,100,3,1,4,2523.00,19299.00,0,14,3,3,80,1,3,3,2,1,2,1
No,Travel_Rarely,45 - 54,Current Employees,R&D,Medical,STAFF-170,170,Female,Manufacturing Director,Married,No,Y,2,49,1,470,20,Master's Degree,1,3,96,3,2,1,6567.00,5549.00,1,14,3,3,80,0,16,2,15,11,5,11
No,Travel_Frequently,35 - 44,Current Employees,R&D,Medical,STAFF-171,171,Female,Research Scientist,Single,No,Y,2,43,1,957,28,Bachelor's Degree,1,2,72,4,1,3,4739.00,16090.00,4,12,3,4,80,0,18,3,3,2,1,2
No,Travel_Frequently,45 - 54,Current Employees,Sales,Marketing,STAFF-174,174,Female,Sales Executive,Single,No,Y,3,50,1,809,12,Bachelor's Degree,1,3,77,3,3,4,9208.00,6645.00,4,11,3,4,80,0,16,3,2,2,2,1
Yes,Travel_Rarely,25 - 34,Ex-Employees,Sales,Life Sciences,STAFF-175,175,Female,Sales Executive,Married,Yes,Y,2,31,0,542,20,Bachelor's Degree,1,2,71,1,2,3,4559.00,24788.00,3,11,3,3,80,1,4,3,2,2,2,2
No,Travel_Rarely,35 - 44,Current Employees,Sales,Life Sciences,STAFF-176,176,Male,Sales Executive,Divorced,Yes,Y,2,41,1,802,9,High School,1,3,96,3,3,3,8189.00,21196.00,3,13,3,3,80,1,12,3,9,7,0,7
No,Travel_Rarely,25 - 34,Current Employees,HR,Life Sciences,STAFF-177,177,Female,Human Resources,Married,No,Y,3,26,1,1355,25,High School,1,3,61,3,1,3,2942.00,8916.00,1,23,4,4,80,1,8,3,8,7,5,7
No,Travel_Rarely,35 - 44,Current Employees,R&D,Medical,STAFF-178,178,Male,Manufacturing Director,Divorced,No,Y,0,36,1,216,6,Associates Degree,1,2,84,3,2,2,4941.00,2819.00,6,20,4,4,80,2,7,3,3,2,0,1
Yes,Travel_Frequently,45 - 54,Ex-Employees,R&D,Life Sciences,STAFF-179,179,Male,Manufacturing Director,Single,No,Y,2,51,0,1150,8,Master's Degree,1,1,53,1,3,4,10650.00,25150.00,2,15,3,4,80,0,18,3,4,2,0,3
No,Travel_Rarely,35 - 44,Current Employees,Sales,Life Sciences,STAFF-182,182,Female,Sales Executive,Married,No,Y,1,39,1,1329,4,Master's Degree,1,4,47,2,2,3,5902.00,14590.00,4,14,3,3,80,1,17,4,15,11,5,9
No,Travel_Rarely,25 - 34,Current Employees,Sales,Life Sciences,STAFF-183,183,Male,Sales Executive,Married,No,Y,3,25,1,959,28,Bachelor's Degree,1,1,41,2,2,3,8639.00,24835.00,2,18,3,4,80,0,6,3,2,2,2,2
No,Travel_Rarely,25 - 34,Current Employees,HR,Human Resources,STAFF-184,184,Male,Human Resources,Married,Yes,Y,2,30,1,1240,9,Bachelor's Degree,1,3,48,3,2,4,6347.00,13982.00,0,19,3,4,80,0,12,1,11,9,4,7
Yes,Travel_Rarely,25 - 34,Ex-Employees,R&D,Medical,STAFF-190,190,Female,Laboratory Technician,Single,No,Y,2,32,0,1033,9,Bachelor's Degree,1,1,41,3,1,1,4200.00,10224.00,7,22,4,1,80,0,10,4,5,4,0,4
No,Travel_Rarely,45 - 54,Current Employees,R&D,Medical,STAFF-192,192,Male,Research Scientist,Single,No,Y,2,45,1,1316,29,Bachelor's Degree,1,3,83,3,1,4,3452.00,9752.00,5,13,3,2,80,0,9,2,6,5,0,3
No,Travel_Rarely,35 - 44,Current Employees,R&D,Technical Degree,STAFF-193,193,Female,Research Scientist,Single,Yes,Y,2,38,1,364,3,Doctoral Degree,1,4,32,3,2,3,4317.00,2302.00,3,20,4,2,80,0,19,3,3,2,2,2
No,Travel_Rarely,25 - 34,Current Employees,R&D,Life Sciences,STAFF-194,194,Female,Research Scientist,Single,No,Y,4,30,1,438,18,Bachelor's Degree,1,1,75,3,1,3,2632.00,23910.00,1,14,3,3,80,0,5,2,5,4,0,4
No,Travel_Frequently,25 - 34,Current Employees,Sales,Medical,STAFF-195,195,Male,Sales Executive,Divorced,No,Y,2,32,1,689,9,Associates Degree,1,4,35,1,2,4,4668.00,22812.00,0,17,3,4,80,3,9,4,8,7,0,7
No,Travel_Rarely,25 - 34,Current Employees,R&D,Technical Degree,STAFF-197,197,Female,Research Scientist,Divorced,No,Y,3,30,1,201,5,Bachelor's Degree,1,4,84,3,1,1,3204.00,10415.00,5,14,3,4,80,1,8,3,3,2,2,2
No,Travel_Rarely,25 - 34,Current Employees,R&D,Medical,STAFF-198,198,Male,Laboratory Technician,Single,No,Y,3,30,1,1427,2,High School,1,2,35,2,1,4,2720.00,11162.00,0,13,3,4,80,0,6,3,5,3,1,2
No,Travel_Frequently,35 - 44,Current Employees,R&D,Life Sciences,STAFF-199,199,Male,Manager,Divorced,No,Y,2,41,1,857,10,Bachelor's Degree,1,4,91,2,4,1,17181.00,12888.00,4,13,3,2,80,1,21,2,7,6,7,7
No,Travel_Rarely,35 - 44,Current Employees,R&D,Life Sciences,STAFF-200,200,Male,Laboratory Technician,Married,No,Y,2,41,1,933,9,Master's Degree,1,3,94,3,1,1,2238.00,6961.00,2,21,4,4,80,1,7,3,5,0,1,4
No,Travel_Rarely,Under 25,Current Employees,R&D,Medical,STAFF-201,201,Female,Laboratory Technician,Single,No,Y,3,19,1,1181,3,High School,1,2,79,3,1,2,1483.00,16102.00,1,14,3,4,80,0,1,3,1,0,0,0
No,Travel_Frequently,35 - 44,Current Employees,R&D,Medical,STAFF-202,202,Female,Research Scientist,Divorced,No,Y,2,40,1,1395,26,Bachelor's Degree,1,2,54,3,2,2,5605.00,8504.00,1,11,3,1,80,1,20,3,20,7,2,13
No,Travel_Rarely,35 - 44,Current Employees,Sales,Marketing,STAFF-204,204,Male,Sales Executive,Married,No,Y,3,35,1,662,1,Doctoral Degree,1,3,94,3,3,2,7295.00,11439.00,1,13,3,1,80,2,10,3,10,8,0,6
No,Travel_Rarely,45 - 54,Current Employees,Sales,Marketing,STAFF-205,205,Male,Sales Representative,Married,Yes,Y,3,53,1,1436,6,Associates Degree,1,2,34,3,2,3,2306.00,16047.00,2,20,4,4,80,1,13,1,7,7,4,5
No,Travel_Rarely,45 - 54,Current Employees,R&D,Life Sciences,STAFF-206,206,Male,Laboratory Technician,Divorced,No,Y,2,45,1,194,9,Bachelor's Degree,1,2,60,3,2,2,2348.00,10901.00,8,18,3,3,80,1,20,1,17,9,0,15
No,Travel_Frequently,25 - 34,Current Employees,Sales,Marketing,STAFF-207,207,Female,Sales Executive,Single,No,Y,2,32,1,967,8,Bachelor's Degree,1,2,43,3,3,4,8998.00,15589.00,1,14,3,4,80,0,9,3,9,8,3,7
No,Non-Travel,25 - 34,Current Employees,R&D,Technical Degree,STAFF-208,208,Male,Manufacturing Director,Married,No,Y,1,29,1,1496,1,High School,1,4,41,3,2,3,4319.00,26283.00,1,13,3,1,80,1,10,3,10,7,0,9
No,Travel_Rarely,45 - 54,Current Employees,R&D,Medical,STAFF-211,211,Male,Manufacturing Director,Married,No,Y,2,51,1,1169,7,Master's Degree,1,2,34,2,2,3,6132.00,13983.00,2,17,3,3,80,0,10,3,1,0,0,0
No,Travel_Rarely,Over 55,Current Employees,R&D,Medical,STAFF-214,214,Female,Research Scientist,Married,Yes,Y,3,58,1,1145,9,Bachelor's Degree,1,2,75,2,1,2,3346.00,11873.00,4,20,4,2,80,1,9,2,1,0,0,0
No,Travel_Rarely,35 - 44,Current Employees,Sales,Marketing,STAFF-215,215,Male,Sales Executive,Married,No,Y,2,40,1,630,4,Master's Degree,1,3,67,2,3,4,10855.00,8552.00,7,11,3,1,80,1,15,2,12,11,2,11
No,Travel_Frequently,25 - 34,Current Employees,Sales,Marketing,STAFF-216,216,Female,Sales Representative,Married,No,Y,3,34,1,303,2,Master's Degree,1,3,75,3,1,3,2231.00,11314.00,6,18,3,4,80,1,6,3,4,3,1,2
No,Travel_Rarely,Under 25,Current Employees,R&D,Medical,STAFF-217,217,Male,Research Scientist,Married,No,Y,6,22,1,1256,19,High School,1,3,80,3,1,4,2323.00,11992.00,1,24,4,1,80,2,2,3,2,2,2,2
No,Non-Travel,25 - 34,Current Employees,R&D,Medical,STAFF-218,218,Male,Research Scientist,Divorced,No,Y,1,27,1,691,9,Bachelor's Degree,1,4,57,3,1,2,2024.00,5970.00,6,18,3,4,80,1,6,1,2,2,2,2
No,Travel_Rarely,25 - 34,Current Employees,R&D,Medical,STAFF-221,221,Male,Research Scientist,Married,No,Y,2,28,1,440,21,Bachelor's Degree,1,3,42,3,1,4,2713.00,6672.00,1,11,3,3,80,1,5,1,5,2,0,2
No,Travel_Rarely,Over 55,Current Employees,R&D,Life Sciences,STAFF-223,223,Male,Healthcare Representative,Divorced,Yes,Y,2,57,1,334,24,Associates Degree,1,3,83,4,3,4,9439.00,23402.00,3,16,3,2,80,1,12,1,5,3,1,4
No,Non-Travel,25 - 34,Current Employees,R&D,Medical,STAFF-224,224,Male,Research Scientist,Divorced,Yes,Y,2,27,1,1450,3,Bachelor's Degree,1,3,79,2,1,3,2566.00,25326.00,1,15,3,4,80,1,1,2,1,1,0,1
No,Travel_Rarely,45 - 54,Current Employees,R&D,Life Sciences,STAFF-226,226,Female,Manager,Single,No,Y,5,50,1,1452,11,Bachelor's Degree,1,3,53,3,5,2,19926.00,17053.00,3,15,3,2,80,0,21,3,5,4,4,4
No,Travel_Rarely,35 - 44,Current Employees,R&D,Life Sciences,STAFF-227,227,Male,Research Scientist,Divorced,No,Y,2,41,1,465,14,Bachelor's Degree,1,1,56,3,1,3,2451.00,4609.00,4,12,3,1,80,1,13,3,9,8,1,8
No,Travel_Rarely,25 - 34,Current Employees,Sales,Life Sciences,STAFF-228,228,Female,Sales Executive,Married,No,Y,2,30,1,1339,5,Bachelor's Degree,1,2,41,3,3,4,9419.00,8053.00,2,12,3,3,80,1,12,3,10,9,7,4
No,Travel_Rarely,35 - 44,Current Employees,Sales,Life Sciences,STAFF-230,230,Female,Sales Executive,Single,No,Y,2,38,1,702,1,Master's Degree,1,1,59,2,2,4,8686.00,12930.00,4,22,4,3,80,0,12,4,8,3,0,7
No,Travel_Rarely,25 - 34,Current Employees,R&D,Life Sciences,STAFF-231,231,Male,Research Scientist,Single,No,Y,2,32,1,120,6,Doctoral Degree,1,3,43,3,1,3,3038.00,12430.00,3,20,4,1,80,0,8,3,5,4,1,4
No,Travel_Rarely,25 - 34,Current Employees,R&D,Technical Degree,STAFF-233,233,Male,Research Scientist,Married,Yes,Y,3,27,1,1157,17,Bachelor's Degree,1,3,51,3,1,2,3058.00,13364.00,0,16,3,4,80,1,6,2,5,2,1,1
Yes,Travel_Frequently,Under 25,Ex-Employees,Sales,Technical Degree,STAFF-235,235,Female,Sales Representative,Single,No,Y,5,19,0,602,1,High School,1,3,100,1,1,1,2325.00,20989.00,0,21,4,1,80,0,1,4,0,0,0,0
No,Travel_Frequently,35 - 44,Current Employees,R&D,Medical,STAFF-238,238,Male,Laboratory Technician,Single,No,Y,3,36,1,1480,3,Associates Degree,1,4,30,3,1,2,2088.00,15062.00,4,12,3,3,80,0,13,2,8,7,7,2
No,Non-Travel,25 - 34,Current Employees,R&D,Medical,STAFF-239,239,Male,Laboratory Technician,Divorced,No,Y,4,30,1,111,9,Bachelor's Degree,1,3,66,3,2,1,3072.00,11012.00,1,11,3,3,80,2,12,3,12,9,6,10
No,Travel_Rarely,45 - 54,Current Employees,Sales,Life Sciences,STAFF-240,240,Female,Sales Executive,Divorced,Yes,Y,3,45,1,1268,4,Associates Degree,1,3,30,3,2,1,5006.00,6319.00,4,11,3,1,80,1,9,4,5,4,0,3
No,Travel_Rarely,Over 55,Current Employees,R&D,Life Sciences,STAFF-241,241,Female,Research Scientist,Divorced,Yes,Y,3,56,1,713,8,Bachelor's Degree,1,3,67,3,1,1,4257.00,13939.00,4,18,3,3,80,1,19,3,2,2,2,2
No,Travel_Rarely,25 - 34,Current Employees,R&D,Life Sciences,STAFF-242,242,Male,Research Scientist,Single,No,Y,2,33,1,134,2,Bachelor's Degree,1,3,90,3,1,4,2500.00,10515.00,0,14,3,1,80,0,4,4,3,1,0,2
Yes,Travel_Rarely,Under 25,Ex-Employees,R&D,Life Sciences,STAFF-243,243,Male,Laboratory Technician,Single,No,Y,3,19,0,303,2,Bachelor's Degree,1,2,47,2,1,4,1102.00,9241.00,1,22,4,3,80,0,1,2,1,0,1,0
No,Travel_Rarely,45 - 54,Current Employees,Sales,Marketing,STAFF-244,244,Female,Sales Executive,Divorced,No,Y,2,46,1,526,1,Associates Degree,1,2,92,3,3,1,10453.00,2137.00,1,25,4,3,80,3,24,3,24,13,15,7
No,Travel_Rarely,35 - 44,Current Employees,R&D,Life Sciences,STAFF-245,245,Female,Laboratory Technician,Single,No,Y,3,38,1,1380,9,Associates Degree,1,3,75,3,1,4,2288.00,6319.00,1,12,3,3,80,0,2,3,2,2,2,1
No,Travel_Rarely,25 - 34,Current Employees,R&D,Medical,STAFF-246,246,Female,Research Scientist,Married,Yes,Y,0,31,1,140,12,High School,1,3,95,3,1,4,3929.00,6984.00,8,23,4,3,80,1,7,3,4,2,0,2
No,Travel_Rarely,25 - 34,Current Employees,R&D,Medical,STAFF-247,247,Female,Research Scientist,Single,No,Y,3,34,1,629,27,Associates Degree,1,4,95,3,1,2,2311.00,5711.00,2,15,3,4,80,0,9,3,3,2,1,2
Yes,Travel_Rarely,35 - 44,Ex-Employees,Sales,Marketing,STAFF-248,248,Female,Sales Representative,Single,Yes,Y,5,41,0,1356,20,Associates Degree,1,2,70,3,1,2,3140.00,21728.00,1,22,4,4,80,0,4,2,4,3,0,2
No,Travel_Rarely,45 - 54,Current Employees,R&D,Medical,STAFF-249,249,Male,Laboratory Technician,Married,No,Y,2,50,1,328,1,Bachelor's Degree,1,3,86,2,1,3,3690.00,3425.00,2,15,3,4,80,1,5,2,3,2,0,2
No,Travel_Rarely,45 - 54,Current Employees,R&D,Medical,STAFF-250,250,Female,Manufacturing Director,Divorced,No,Y,3,53,1,1084,13,Associates Degree,1,4,57,4,2,1,4450.00,26250.00,1,11,3,3,80,2,5,3,4,2,1,3
No,Travel_Rarely,25 - 34,Current Employees,R&D,Medical,STAFF-252,252,Female,Research Scientist,Married,No,Y,5,33,1,931,14,Bachelor's Degree,1,4,72,3,1,2,2756.00,4673.00,1,13,3,4,80,1,8,3,8,7,1,6
No,Travel_Rarely,35 - 44,Current Employees,R&D,Medical,STAFF-253,253,Female,Manager,Married,No,Y,2,40,1,989,4,High School,1,4,46,3,5,3,19033.00,6499.00,1,14,3,2,80,1,21,3,20,8,9,9
No,Travel_Rarely,Over 55,Current Employees,R&D,Medical,STAFF-254,254,Male,Research Director,Single,No,Y,3,55,1,692,14,Master's Degree,1,3,61,4,5,2,18722.00,13339.00,8,11,3,4,80,0,36,3,24,15,2,15
No,Travel_Frequently,25 - 34,Current Employees,R&D,Life Sciences,STAFF-256,256,Male,Manufacturing Director,Married,No,Y,2,34,1,1069,2,High School,1,4,45,2,2,3,9547.00,14074.00,1,17,3,3,80,0,10,2,10,9,1,9
No,Travel_Rarely,45 - 54,Current Employees,R&D,Medical,STAFF-258,258,Female,Healthcare Representative,Single,No,Y,6,51,1,313,3,Bachelor's Degree,1,4,98,3,4,2,13734.00,7192.00,3,18,3,3,80,0,21,3,7,7,1,0
No,Travel_Rarely,45 - 54,Current Employees,R&D,Life Sciences,STAFF-259,259,Male,Manager,Married,No,Y,5,52,1,699,1,Master's Degree,1,3,65,2,5,3,19999.00,5678.00,0,14,3,1,80,1,34,3,33,18,11,9
No,Travel_Rarely,25 - 34,Current Employees,R&D,Medical,STAFF-260,260,Female,Research Scientist,Single,No,Y,2,27,1,894,9,Bachelor's Degree,1,4,99,3,1,2,2279.00,11781.00,1,16,3,4,80,0,7,2,7,7,0,3
Yes,Travel_Rarely,35 - 44,Ex-Employees,R&D,Life Sciences,STAFF-261,261,Male,Manufacturing Director,Married,Yes,Y,1,35,0,556,23,Associates Degree,1,2,50,2,2,3,5916.00,15497.00,3,13,3,1,80,0,8,3,1,0,0,1
No,Non-Travel,35 - 44,Current Employees,R&D,Medical,STAFF-262,262,Male,Research Scientist,Divorced,No,Y,3,43,1,1344,7,Bachelor's Degree,1,4,37,4,1,4,2089.00,5228.00,4,14,3,4,80,3,7,4,5,4,2,2
No,Non-Travel,45 - 54,Current Employees,R&D,Medical,STAFF-264,264,Male,Manager,Married,No,Y,1,45,1,1195,2,Associates Degree,1,1,65,2,4,4,16792.00,20462.00,9,23,4,4,80,1,22,3,20,8,11,8
No,Travel_Rarely,35 - 44,Current Employees,R&D,Life Sciences,STAFF-267,267,Male,Research Scientist,Married,Yes,Y,3,37,1,290,21,Bachelor's Degree,1,2,65,4,1,1,3564.00,22977.00,1,12,3,1,80,1,8,2,8,7,1,7
No,Travel_Frequently,35 - 44,Current Employees,R&D,Medical,STAFF-269,269,Female,Laboratory Technician,Single,No,Y,5,35,1,138,2,Bachelor's Degree,1,2,37,3,2,2,4425.00,15986.00,5,11,3,4,80,0,10,3,6,2,1,2
No,Non-Travel,35 - 44,Current Employees,R&D,Medical,STAFF-270,270,Female,Manufacturing Director,Divorced,No,Y,5,42,1,926,21,Associates Degree,1,3,36,3,2,3,5265.00,16439.00,2,16,3,2,80,1,11,3,5,3,0,2
No,Travel_Rarely,35 - 44,Current Employees,R&D,Life Sciences,STAFF-271,271,Male,Manufacturing Director,Married,No,Y,3,38,1,1261,2,Master's Degree,1,4,88,3,2,3,6553.00,7259.00,9,14,3,2,80,0,14,3,1,0,0,0
No,Travel_Rarely,35 - 44,Current Employees,R&D,Technical Degree,STAFF-273,273,Male,Manufacturing Director,Married,No,Y,3,38,1,1084,29,Bachelor's Degree,1,4,54,3,2,4,6261.00,4185.00,3,18,3,1,80,1,9,1,7,7,1,7
No,Travel_Frequently,25 - 34,Current Employees,R&D,Technical Degree,STAFF-274,274,Male,Manufacturing Director,Married,No,Y,1,27,1,472,1,High School,1,3,60,2,2,1,4298.00,9679.00,5,19,3,3,80,1,6,3,2,2,2,0
No,Non-Travel,45 - 54,Current Employees,R&D,Life Sciences,STAFF-275,275,Male,Manufacturing Director,Divorced,Yes,Y,0,49,1,1002,18,Master's Degree,1,4,92,3,2,4,6804.00,23793.00,1,15,3,1,80,2,7,3,7,7,1,7
No,Travel_Frequently,25 - 34,Current Employees,R&D,Medical,STAFF-277,277,Male,Research Scientist,Divorced,Yes,Y,4,34,1,878,10,Master's Degree,1,4,43,3,1,3,3815.00,5972.00,1,17,3,4,80,1,5,4,5,3,2,0
No,Travel_Rarely,35 - 44,Current Employees,R&D,Medical,STAFF-281,281,Male,Laboratory Technician,Married,Yes,Y,2,40,1,905,19,Associates Degree,1,3,99,3,2,4,2741.00,16523.00,8,15,3,3,80,1,15,4,7,2,3,7
Yes,Travel_Rarely,35 - 44,Ex-Employees,R&D,Medical,STAFF-282,282,Male,Healthcare Representative,Married,Yes,Y,2,38,0,1180,29,High School,1,2,70,3,2,1,6673.00,11354.00,7,19,3,2,80,0,17,3,1,0,0,0
Yes,Travel_Rarely,25 - 34,Ex-Employees,Sales,Marketing,STAFF-283,283,Female,Sales Executive,Married,No,Y,3,29,0,121,27,Bachelor's Degree,1,2,35,3,3,4,7639.00,24525.00,1,22,4,4,80,3,10,2,10,4,1,9
No,Travel_Rarely,Under 25,Current Employees,R&D,Life Sciences,STAFF-284,284,Male,Research Scientist,Divorced,Yes,Y,2,22,1,1136,5,Bachelor's Degree,1,4,60,4,1,2,2328.00,12392.00,1,16,3,1,80,1,4,2,4,2,2,2
No,Travel_Frequently,35 - 44,Current Employees,R&D,Medical,STAFF-286,286,Female,Laboratory Technician,Single,No,Y,2,36,1,635,18,High School,1,2,73,3,1,4,2153.00,7703.00,1,13,3,1,80,0,8,3,8,1,1,7
No,Non-Travel,35 - 44,Current Employees,R&D,Life Sciences,STAFF-287,287,Male,Healthcare Representative,Married,No,Y,5,40,1,1151,9,Doctoral Degree,1,4,63,2,2,4,4876.00,14242.00,9,14,3,4,80,1,5,1,3,2,0,2
No,Travel_Rarely,45 - 54,Current Employees,R&D,Medical,STAFF-288,288,Male,Healthcare Representative,Divorced,No,Y,3,46,1,644,1,Master's Degree,1,4,97,3,3,1,9396.00,12368.00,7,16,3,3,80,1,17,3,4,2,0,3
Yes,Travel_Rarely,25 - 34,Ex-Employees,Sales,Medical,STAFF-291,291,Male,Sales Executive,Married,No,Y,2,32,0,1045,4,Master's Degree,1,4,32,1,3,4,10400.00,25812.00,1,11,3,3,80,0,14,2,14,8,9,8
No,Non-Travel,25 - 34,Current Employees,R&D,Life Sciences,STAFF-292,292,Male,Manufacturing Director,Single,No,Y,2,30,1,829,1,High School,1,3,88,2,3,3,8474.00,20925.00,1,22,4,3,80,0,12,3,11,8,5,8
No,Travel_Frequently,25 - 34,Current Employees,Sales,Life Sciences,STAFF-293,293,Female,Sales Executive,Single,No,Y,2,27,1,1242,20,Bachelor's Degree,1,4,90,3,2,3,9981.00,12916.00,1,14,3,4,80,0,7,3,7,7,0,7
No,Travel_Rarely,45 - 54,Current Employees,R&D,Life Sciences,STAFF-296,296,Male,Research Director,Married,No,Y,5,51,1,1469,8,Master's Degree,1,2,81,2,3,2,12490.00,15736.00,5,16,3,4,80,2,16,1,10,9,4,7
Yes,Travel_Rarely,25 - 34,Ex-Employees,R&D,Technical Degree,STAFF-297,297,Female,Research Scientist,Single,Yes,Y,5,30,0,1005,3,Bachelor's Degree,1,4,88,3,1,1,2657.00,8556.00,5,11,3,3,80,0,8,3,5,2,0,4
No,Travel_Rarely,35 - 44,Current Employees,Sales,Life Sciences,STAFF-298,298,Female,Manager,Single,Yes,Y,3,41,1,896,6,Bachelor's Degree,1,4,75,3,3,4,13591.00,14674.00,3,18,3,3,80,0,16,3,1,0,0,0
Yes,Travel_Frequently,25 - 34,Ex-Employees,Sales,Marketing,STAFF-299,299,Female,Sales Executive,Single,No,Y,5,30,0,334,26,Master's Degree,1,3,52,2,2,1,6696.00,22967.00,5,15,3,3,80,0,9,2,6,3,0,1
Yes,Travel_Rarely,25 - 34,Ex-Employees,R&D,Technical Degree,STAFF-300,300,Male,Research Scientist,Single,No,Y,1,29,0,992,1,Bachelor's Degree,1,3,85,3,1,3,2058.00,19757.00,0,14,3,4,80,0,7,2,6,2,1,5
No,Non-Travel,45 - 54,Current Employees,Sales,Medical,STAFF-302,302,Female,Sales Executive,Single,No,Y,2,45,1,1052,6,Bachelor's Degree,1,4,57,2,3,4,8865.00,16840.00,6,12,3,4,80,0,23,3,19,7,12,8
No,Travel_Rarely,45 - 54,Current Employees,Sales,Marketing,STAFF-303,303,Female,Sales Executive,Married,No,Y,4,54,1,1147,3,Bachelor's Degree,1,4,52,3,2,1,5940.00,17011.00,2,14,3,4,80,1,16,3,6,2,0,5
No,Travel_Rarely,35 - 44,Current Employees,R&D,Life Sciences,STAFF-304,304,Male,Laboratory Technician,Single,No,Y,3,36,1,1396,5,Associates Degree,1,4,62,3,2,2,5914.00,9945.00,8,16,3,4,80,0,16,4,13,11,3,7
No,Travel_Rarely,25 - 34,Current Employees,R&D,Medical,STAFF-305,305,Female,Research Scientist,Married,No,Y,3,33,1,147,4,Master's Degree,1,3,47,2,1,2,2622.00,13248.00,6,21,4,4,80,0,7,3,3,2,1,1
No,Travel_Frequently,35 - 44,Current Employees,R&D,Other,STAFF-306,306,Male,Research Director,Divorced,Yes,Y,1,37,1,663,11,Bachelor's Degree,1,2,47,3,3,4,12185.00,10056.00,1,14,3,3,80,3,10,3,10,8,0,7
No,Travel_Rarely,35 - 44,Current Employees,Sales,Life Sciences,STAFF-307,307,Male,Sales Executive,Divorced,No,Y,6,38,1,119,3,Bachelor's Degree,1,1,76,3,3,3,10609.00,9647.00,0,12,3,3,80,2,17,2,16,10,5,13
No,Non-Travel,25 - 34,Current Employees,R&D,Medical,STAFF-308,308,Male,Manufacturing Director,Married,No,Y,2,31,1,979,1,Master's Degree,1,3,90,1,2,3,4345.00,4381.00,0,12,3,4,80,1,6,3,5,4,1,4
No,Travel_Rarely,Over 55,Current Employees,R&D,Life Sciences,STAFF-309,309,Male,Research Scientist,Married,No,Y,6,59,1,142,3,Bachelor's Degree,1,3,70,2,1,4,2177.00,8456.00,3,17,3,1,80,1,7,3,1,0,0,0
No,Travel_Frequently,35 - 44,Current Employees,Sales,Marketing,STAFF-311,311,Male,Sales Representative,Divorced,No,Y,2,37,1,319,4,Master's Degree,1,1,41,3,1,4,2793.00,2539.00,4,17,3,3,80,1,13,3,9,8,5,8
No,Travel_Frequently,25 - 34,Current Employees,Sales,Medical,STAFF-312,312,Female,Sales Executive,Married,No,Y,5,29,1,1413,1,High School,1,2,42,3,3,4,7918.00,6599.00,1,14,3,4,80,1,11,3,11,10,4,1
No,Travel_Frequently,35 - 44,Current Employees,Sales,Marketing,STAFF-314,314,Female,Sales Executive,Single,No,Y,3,35,1,944,1,Bachelor's Degree,1,3,92,3,3,3,8789.00,9096.00,1,14,3,1,80,0,10,4,10,7,0,8
Yes,Travel_Rarely,25 - 34,Ex-Employees,R&D,Medical,STAFF-315,315,Male,Research Scientist,Single,Yes,Y,3,29,0,896,18,High School,1,3,86,2,1,4,2389.00,14961.00,1,13,3,3,80,0,4,2,4,3,0,1
No,Travel_Rarely,45 - 54,Current Employees,R&D,Life Sciences,STAFF-316,316,Female,Laboratory Technician,Single,No,Y,3,52,1,1323,2,Bachelor's Degree,1,3,89,2,1,4,3212.00,3300.00,7,15,3,2,80,0,6,2,2,2,2,2
No,Travel_Rarely,35 - 44,Current Employees,R&D,Technical Degree,STAFF-319,319,Male,Manager,Married,No,Y,3,42,1,532,4,Associates Degree,1,3,58,3,5,4,19232.00,4933.00,1,11,3,4,80,0,22,3,22,17,11,15
No,Travel_Rarely,Over 55,Current Employees,HR,Medical,STAFF-321,321,Male,Human Resources,Married,No,Y,2,59,1,818,6,Associates Degree,1,2,52,3,1,3,2267.00,25657.00,8,17,3,4,80,0,7,2,2,2,2,2
No,Travel_Rarely,45 - 54,Current Employees,Sales,Medical,STAFF-323,323,Female,Manager,Divorced,No,Y,3,50,1,854,1,Master's Degree,1,4,68,3,5,4,19517.00,24118.00,3,11,3,3,80,1,32,2,7,0,0,6
Yes,Travel_Rarely,25 - 34,Ex-Employees,R&D,Medical,STAFF-325,325,Male,Laboratory Technician,Married,Yes,Y,2,33,0,813,14,Bachelor's Degree,1,3,58,3,1,4,2436.00,22149.00,5,13,3,3,80,1,8,1,5,4,0,4
No,Travel_Rarely,35 - 44,Current Employees,Sales,Marketing,STAFF-327,327,Female,Manager,Married,Yes,Y,3,43,1,1034,16,Bachelor's Degree,1,4,80,3,4,4,16064.00,7744.00,5,22,4,3,80,1,22,3,17,13,1,9
Yes,Travel_Rarely,25 - 34,Ex-Employees,R&D,Life Sciences,STAFF-328,328,Female,Laboratory Technician,Married,No,Y,3,33,0,465,2,Associates Degree,1,1,39,3,1,1,2707.00,21509.00,7,20,4,1,80,0,13,4,9,7,1,7
No,Non-Travel,45 - 54,Current Employees,Sales,Life Sciences,STAFF-329,329,Male,Manager,Single,Yes,Y,2,52,1,771,2,Master's Degree,1,1,79,2,5,3,19068.00,21030.00,1,18,3,4,80,0,33,4,33,7,15,12
No,Travel_Rarely,25 - 34,Current Employees,Sales,Life Sciences,STAFF-330,330,Female,Sales Representative,Married,No,Y,5,32,1,1401,4,Associates Degree,1,3,56,3,1,2,3931.00,20990.00,2,11,3,1,80,1,6,3,4,3,1,2
Yes,Travel_Rarely,25 - 34,Ex-Employees,R&D,Life Sciences,STAFF-331,331,Male,Laboratory Technician,Single,Yes,Y,2,32,0,515,1,Bachelor's Degree,1,4,62,2,1,3,3730.00,9571.00,0,14,3,4,80,0,4,1,3,2,1,2
No,Travel_Rarely,35 - 44,Current Employees,R&D,Medical,STAFF-332,332,Female,Laboratory Technician,Divorced,No,Y,1,39,1,1431,1,Master's Degree,1,3,96,3,1,3,2232.00,15417.00,7,14,3,3,80,3,7,3,3,2,1,2
No,Non-Travel,25 - 34,Current Employees,Sales,Marketing,STAFF-333,333,Male,Sales Executive,Married,No,Y,2,32,1,976,26,Master's Degree,1,3,100,3,2,4,4465.00,12069.00,0,18,3,1,80,0,4,3,3,2,2,2
No,Travel_Rarely,35 - 44,Current Employees,R&D,Life Sciences,STAFF-334,334,Male,Research Scientist,Divorced,No,Y,2,41,1,1411,19,Associates Degree,1,3,36,3,2,1,3072.00,19877.00,2,16,3,1,80,2,17,2,1,0,0,0
No,Travel_Rarely,35 - 44,Current Employees,R&D,Technical Degree,STAFF-335,335,Male,Research Scientist,Divorced,No,Y,3,40,1,1300,24,Associates Degree,1,1,62,3,2,4,3319.00,24447.00,1,17,3,1,80,2,9,3,9,8,4,7
No,Travel_Rarely,45 - 54,Current Employees,R&D,Other,STAFF-336,336,Male,Manager,Married,No,Y,2,45,1,252,1,Bachelor's Degree,1,3,70,4,5,4,19202.00,15970.00,0,11,3,3,80,1,25,3,24,0,1,7
No,Travel_Frequently,25 - 34,Current Employees,R&D,Medical,STAFF-337,337,Male,Research Director,Divorced,No,Y,3,31,1,1327,3,Master's Degree,1,2,73,3,3,3,13675.00,13523.00,9,12,3,1,80,1,9,3,2,2,2,2
No,Travel_Rarely,25 - 34,Current Employees,R&D,Life Sciences,STAFF-338,338,Female,Research Scientist,Married,No,Y,2,33,1,832,5,Master's Degree,1,3,63,2,1,4,2911.00,14776.00,1,13,3,3,80,1,2,2,2,2,0,2
No,Travel_Rarely,25 - 34,Current Employees,R&D,Life Sciences,STAFF-339,339,Male,Manufacturing Director,Married,No,Y,3,34,1,470,2,Master's Degree,1,4,84,2,2,1,5957.00,23687.00,6,13,3,2,80,1,13,3,11,9,5,9
No,Travel_Rarely,35 - 44,Current Employees,R&D,Medical,STAFF-340,340,Female,Research Scientist,Married,No,Y,2,37,1,1017,1,Associates Degree,1,3,83,2,1,1,3920.00,18697.00,2,14,3,1,80,1,17,2,3,1,0,2
No,Travel_Frequently,45 - 54,Current Employees,R&D,Life Sciences,STAFF-341,341,Male,Manufacturing Director,Married,No,Y,1,45,1,1199,7,Master's Degree,1,1,77,4,2,3,6434.00,5118.00,4,17,3,4,80,1,9,3,3,2,0,2
Yes,Travel_Frequently,35 - 44,Ex-Employees,R&D,Medical,STAFF-342,342,Male,Manufacturing Director,Divorced,No,Y,5,37,0,504,10,Bachelor's Degree,1,1,61,3,3,3,10048.00,22573.00,6,11,3,2,80,2,17,3,1,0,0,0
No,Travel_Frequently,35 - 44,Current Employees,R&D,Technical Degree,STAFF-343,343,Female,Healthcare Representative,Single,No,Y,1,39,1,505,2,Master's Degree,1,3,64,3,3,3,10938.00,6420.00,0,25,4,4,80,0,20,3,19,6,11,8
No,Travel_Rarely,25 - 34,Current Employees,R&D,Life Sciences,STAFF-346,346,Male,Research Scientist,Single,No,Y,1,29,1,665,15,Bachelor's Degree,1,3,60,3,1,4,2340.00,22673.00,1,19,3,1,80,0,6,3,6,5,1,5
No,Travel_Rarely,35 - 44,Current Employees,R&D,Life Sciences,STAFF-347,347,Female,Research Scientist,Single,Yes,Y,1,42,1,916,17,Associates Degree,1,4,82,4,2,1,6545.00,23016.00,3,13,3,3,80,0,10,3,3,2,0,2
No,Travel_Rarely,25 - 34,Current Employees,Sales,Marketing,STAFF-349,349,Male,Sales Executive,Divorced,No,Y,2,29,1,1247,20,Associates Degree,1,4,45,3,2,4,6931.00,10732.00,2,14,3,4,80,1,10,3,3,2,0,2
No,Travel_Rarely,25 - 34,Current Employees,R&D,Life Sciences,STAFF-350,350,Female,Manufacturing Director,Married,No,Y,3,25,1,685,1,Bachelor's Degree,1,1,62,3,2,3,4898.00,7505.00,0,12,3,4,80,2,5,3,4,2,1,2
No,Travel_Rarely,35 - 44,Current Employees,R&D,Medical,STAFF-351,351,Female,Laboratory Technician,Divorced,Yes,Y,4,42,1,269,2,Bachelor's Degree,1,4,56,2,1,1,2593.00,8007.00,0,11,3,3,80,1,10,3,9,6,7,8
No,Travel_Rarely,35 - 44,Current Employees,R&D,Medical,STAFF-352,352,Male,Research Director,Divorced,No,Y,5,40,1,1416,2,Associates Degree,1,1,49,3,5,3,19436.00,5949.00,0,19,3,4,80,1,22,3,21,7,3,9
No,Travel_Rarely,45 - 54,Current Employees,R&D,Life Sciences,STAFF-353,353,Male,Research Scientist,Married,No,Y,0,51,1,833,1,Bachelor's Degree,1,3,96,3,1,4,2723.00,23231.00,1,11,3,2,80,0,1,2,1,0,0,0
Yes,Travel_Frequently,25 - 34,Ex-Employees,R&D,Medical,STAFF-355,355,Male,Laboratory Technician,Single,No,Y,2,31,0,307,29,Associates Degree,1,3,71,2,1,2,3479.00,11652.00,0,11,3,2,80,0,6,4,5,4,1,4
No,Travel_Frequently,25 - 34,Current Employees,R&D,Life Sciences,STAFF-359,359,Male,Laboratory Technician,Married,No,Y,3,32,1,1311,7,Bachelor's Degree,1,2,100,4,1,2,2794.00,26062.00,1,20,4,3,80,0,5,1,5,1,0,3
No,Non-Travel,35 - 44,Current Employees,Sales,Life Sciences,STAFF-361,361,Male,Sales Executive,Married,No,Y,0,38,1,1327,2,Associates Degree,1,4,39,2,2,4,5249.00,19682.00,3,18,3,4,80,1,13,3,8,7,7,5
No,Travel_Rarely,25 - 34,Current Employees,R&D,Technical Degree,STAFF-362,362,Male,Laboratory Technician,Single,No,Y,5,32,1,128,2,High School,1,4,84,2,2,1,2176.00,19737.00,4,13,3,4,80,0,9,3,6,2,0,4
No,Travel_Rarely,45 - 54,Current Employees,Sales,Technical Degree,STAFF-363,363,Female,Manager,Married,Yes,Y,2,46,1,488,2,Bachelor's Degree,1,3,75,1,4,2,16872.00,14977.00,3,12,3,2,80,1,28,2,7,7,7,7
Yes,Travel_Rarely,25 - 34,Ex-Employees,R&D,Life Sciences,STAFF-364,364,Male,Laboratory Technician,Single,No,Y,5,28,0,529,2,Master's Degree,1,1,79,3,1,3,3485.00,14935.00,2,11,3,3,80,0,5,1,0,0,0,0
No,Travel_Rarely,25 - 34,Current Employees,Sales,Medical,STAFF-366,366,Male,Sales Executive,Married,No,Y,2,29,1,1210,2,Bachelor's Degree,1,1,78,2,2,2,6644.00,3687.00,2,19,3,2,80,2,10,3,0,0,0,0
No,Travel_Rarely,25 - 34,Current Employees,R&D,Medical,STAFF-367,367,Male,Healthcare Representative,Married,No,Y,2,31,1,1463,23,Bachelor's Degree,1,2,64,2,2,4,5582.00,14408.00,0,21,4,2,80,1,10,3,9,0,7,8
No,Non-Travel,25 - 34,Current Employees,R&D,Life Sciences,STAFF-369,369,Male,Healthcare Representative,Divorced,No,Y,2,25,1,675,5,Associates Degree,1,2,85,4,2,1,4000.00,18384.00,1,12,3,4,80,2,6,3,6,3,1,5
No,Travel_Rarely,45 - 54,Current Employees,R&D,Medical,STAFF-372,372,Male,Healthcare Representative,Married,Yes,Y,2,45,1,1385,20,Associates Degree,1,3,79,3,4,4,13496.00,7501.00,0,14,3,2,80,0,21,3,20,7,4,10
No,Travel_Rarely,35 - 44,Current Employees,R&D,Life Sciences,STAFF-373,373,Male,Laboratory Technician,Married,No,Y,4,36,1,1403,6,Bachelor's Degree,1,4,47,3,1,4,3210.00,20251.00,0,11,3,3,80,1,16,3,15,13,10,11
No,Travel_Rarely,Over 55,Current Employees,R&D,Medical,STAFF-374,374,Male,Manager,Single,Yes,Y,2,55,1,452,1,Bachelor's Degree,1,4,81,3,5,1,19045.00,18938.00,0,14,3,3,80,0,37,3,36,10,4,13
Yes,Non-Travel,45 - 54,Ex-Employees,R&D,Life Sciences,STAFF-376,376,Male,Manager,Married,Yes,Y,2,47,0,666,29,Master's Degree,1,1,88,3,3,2,11849.00,10268.00,1,12,3,4,80,1,10,2,10,7,9,9
No,Travel_Rarely,25 - 34,Current Employees,R&D,Medical,STAFF-377,377,Male,Research Scientist,Married,No,Y,3,28,1,1158,9,Bachelor's Degree,1,4,94,3,1,4,2070.00,2613.00,1,23,4,4,80,1,5,2,5,2,0,4
No,Travel_Rarely,35 - 44,Current Employees,Sales,Medical,STAFF-378,378,Male,Sales Executive,Married,No,Y,5,37,1,228,6,Master's Degree,1,3,98,3,2,4,6502.00,22825.00,4,14,3,2,80,1,7,4,5,4,0,1
No,Travel_Rarely,Under 25,Current Employees,R&D,Medical,STAFF-379,379,Male,Research Scientist,Single,No,Y,4,21,1,996,3,Associates Degree,1,4,100,2,1,3,3230.00,10531.00,1,17,3,1,80,0,3,4,3,2,1,0
No,Non-Travel,35 - 44,Current Employees,R&D,Medical,STAFF-380,380,Female,Research Director,Divorced,Yes,Y,2,37,1,728,1,Master's Degree,1,1,80,3,3,4,13603.00,11677.00,2,18,3,1,80,2,15,3,5,2,0,2
No,Travel_Rarely,35 - 44,Current Employees,R&D,Life Sciences,STAFF-381,381,Female,Manager,Divorced,No,Y,6,35,1,1315,22,Bachelor's Degree,1,2,71,4,3,2,11996.00,19100.00,7,18,3,2,80,1,10,2,7,7,6,2
No,Travel_Rarely,35 - 44,Current Employees,Sales,Medical,STAFF-382,382,Female,Sales Executive,Divorced,Yes,Y,3,38,1,322,7,Associates Degree,1,1,44,4,2,1,5605.00,19191.00,1,24,4,3,80,1,8,3,8,0,7,7
No,Travel_Frequently,25 - 34,Current Employees,R&D,Life Sciences,STAFF-384,384,Female,Manufacturing Director,Divorced,No,Y,6,26,1,1479,1,Bachelor's Degree,1,3,84,3,2,2,6397.00,26767.00,1,20,4,1,80,1,6,1,6,5,1,4
No,Travel_Rarely,45 - 54,Current Employees,R&D,Life Sciences,STAFF-385,385,Male,Research Director,Divorced,No,Y,4,50,1,797,4,High School,1,1,96,3,5,2,19144.00,15815.00,3,14,3,1,80,2,28,2,10,4,1,6
No,Travel_Rarely,45 - 54,Current Employees,R&D,Medical,STAFF-386,386,Male,Research Director,Married,Yes,Y,5,53,1,1070,3,Master's Degree,1,3,45,3,4,3,17584.00,21016.00,3,16,3,4,80,3,21,2,5,3,1,3
No,Travel_Rarely,35 - 44,Current Employees,Sales,Life Sciences,STAFF-387,387,Male,Sales Executive,Married,No,Y,3,42,1,635,1,High School,1,2,99,3,2,3,4907.00,24532.00,1,25,4,3,80,0,20,3,20,16,11,6
No,Travel_Frequently,25 - 34,Current Employees,Sales,Life Sciences,STAFF-388,388,Male,Sales Executive,Single,No,Y,3,29,1,442,2,Associates Degree,1,2,44,3,2,4,4554.00,20260.00,1,18,3,1,80,0,10,2,10,7,0,9
No,Travel_Rarely,Over 55,Current Employees,R&D,Technical Degree,STAFF-389,389,Male,Laboratory Technician,Married,Yes,Y,4,55,1,147,20,Associates Degree,1,2,37,3,2,4,5415.00,15972.00,3,19,3,4,80,1,12,3,10,7,0,8
No,Travel_Frequently,25 - 34,Current Employees,R&D,Medical,STAFF-390,390,Male,Healthcare Representative,Married,Yes,Y,3,26,1,496,11,Associates Degree,1,1,60,3,2,1,4741.00,22722.00,1,13,3,3,80,1,5,3,5,3,3,3
No,Travel_Rarely,35 - 44,Current Employees,R&D,Life Sciences,STAFF-391,391,Female,Research Scientist,Single,No,Y,3,37,1,1372,1,Bachelor's Degree,1,4,42,3,1,4,2115.00,15881.00,1,12,3,2,80,0,17,3,17,12,5,7
Yes,Travel_Frequently,35 - 44,Ex-Employees,R&D,Life Sciences,STAFF-392,392,Male,Laboratory Technician,Divorced,Yes,Y,0,44,0,920,24,Bachelor's Degree,1,4,43,3,1,3,3161.00,19920.00,3,22,4,4,80,1,19,1,1,0,0,0
No,Travel_Rarely,35 - 44,Current Employees,R&D,Life Sciences,STAFF-393,393,Male,Healthcare Representative,Divorced,No,Y,2,38,1,688,23,Master's Degree,1,4,82,3,2,4,5745.00,18899.00,9,14,3,2,80,1,10,3,2,2,1,2
Yes,Travel_Rarely,25 - 34,Ex-Employees,R&D,Medical,STAFF-394,394,Male,Laboratory Technician,Divorced,Yes,Y,2,26,0,1449,16,Master's Degree,1,1,45,3,1,2,2373.00,14180.00,2,13,3,4,80,1,5,3,3,2,0,2
No,Travel_Rarely,25 - 34,Current Employees,R&D,Life Sciences,STAFF-395,395,Female,Research Scientist,Single,No,Y,3,28,1,1117,8,Associates Degree,1,4,66,3,1,4,3310.00,4488.00,1,21,4,4,80,0,5,3,5,3,0,2
No,Travel_Frequently,45 - 54,Current Employees,R&D,Life Sciences,STAFF-396,396,Female,Research Director,Single,Yes,Y,4,49,1,636,10,Master's Degree,1,3,35,3,5,1,18665.00,25594.00,9,11,3,4,80,0,22,3,3,2,1,2
No,Travel_Rarely,35 - 44,Current Employees,R&D,Technical Degree,STAFF-397,397,Male,Research Scientist,Single,No,Y,2,36,1,506,3,Bachelor's Degree,1,3,30,3,2,2,4485.00,26285.00,4,12,3,4,80,0,10,3,8,0,7,7
No,Travel_Frequently,25 - 34,Current Employees,Sales,Marketing,STAFF-399,399,Female,Sales Representative,Divorced,No,Y,5,31,1,444,5,Bachelor's Degree,1,4,84,3,1,2,2789.00,3909.00,1,11,3,3,80,1,2,2,2,2,2,2
Yes,Travel_Rarely,25 - 34,Ex-Employees,Sales,Marketing,STAFF-401,401,Male,Sales Executive,Single,Yes,Y,0,26,0,950,4,Master's Degree,1,4,48,2,2,4,5828.00,8450.00,1,12,3,2,80,0,8,3,8,7,7,4
No,Travel_Frequently,35 - 44,Current Employees,R&D,Medical,STAFF-403,403,Male,Research Scientist,Married,Yes,Y,3,37,1,889,9,Bachelor's Degree,1,2,53,3,1,4,2326.00,11411.00,1,12,3,3,80,3,4,2,4,2,1,2
No,Travel_Frequently,35 - 44,Current Employees,Sales,Marketing,STAFF-404,404,Female,Sales Executive,Married,No,Y,2,42,1,555,26,Bachelor's Degree,1,3,77,3,4,2,13525.00,14864.00,5,14,3,4,80,1,23,4,20,4,4,8
Yes,Travel_Rarely,Under 25,Ex-Employees,R&D,Life Sciences,STAFF-405,405,Male,Laboratory Technician,Single,No,Y,2,18,0,230,3,Bachelor's Degree,1,3,54,3,1,3,1420.00,25233.00,1,13,3,3,80,0,0,3,0,0,0,0
No,Travel_Rarely,35 - 44,Current Employees,Sales,Marketing,STAFF-406,406,Male,Sales Executive,Married,No,Y,3,35,1,1232,16,Bachelor's Degree,1,3,96,3,3,2,8020.00,5100.00,0,15,3,3,80,2,12,2,11,9,6,9
No,Travel_Frequently,35 - 44,Current Employees,R&D,Life Sciences,STAFF-407,407,Male,Laboratory Technician,Married,No,Y,2,36,1,566,18,Master's Degree,1,3,81,4,1,4,3688.00,7122.00,4,18,3,4,80,2,4,3,1,0,0,0
No,Travel_Rarely,45 - 54,Current Employees,R&D,Medical,STAFF-408,408,Male,Manufacturing Director,Divorced,No,Y,3,51,1,1302,2,Bachelor's Degree,1,4,84,1,2,2,5482.00,16321.00,5,18,3,4,80,1,13,3,4,1,1,2
No,Travel_Rarely,35 - 44,Current Employees,Sales,Life Sciences,STAFF-410,410,Male,Manager,Single,No,Y,2,41,1,334,2,Master's Degree,1,4,88,3,4,2,16015.00,15896.00,1,19,3,2,80,0,22,3,22,10,0,4
No,Travel_Rarely,Under 25,Current Employees,Sales,Medical,STAFF-411,411,Female,Sales Representative,Single,No,Y,2,18,1,812,10,Bachelor's Degree,1,4,69,2,1,3,1200.00,9724.00,1,12,3,1,80,0,0,3,0,0,0,0
No,Travel_Rarely,25 - 34,Current Employees,R&D,Medical,STAFF-412,412,Male,Healthcare Representative,Single,No,Y,2,28,1,1476,16,Associates Degree,1,2,68,4,2,1,5661.00,4824.00,0,19,3,3,80,0,9,3,8,3,0,7
No,Travel_Rarely,25 - 34,Current Employees,Sales,Technical Degree,STAFF-416,416,Male,Sales Executive,Married,No,Y,3,31,1,218,7,Bachelor's Degree,1,2,100,4,2,4,6929.00,12241.00,4,11,3,2,80,1,10,2,8,7,7,7
No,Travel_Rarely,35 - 44,Current Employees,R&D,Medical,STAFF-417,417,Male,Healthcare Representative,Divorced,No,Y,5,39,1,1132,1,Bachelor's Degree,1,3,48,4,3,4,9613.00,10942.00,0,17,3,1,80,3,19,2,18,10,3,7
No,Non-Travel,35 - 44,Current Employees,R&D,Life Sciences,STAFF-419,419,Female,Laboratory Technician,Married,No,Y,3,36,1,1105,24,Master's Degree,1,2,47,3,2,2,5674.00,6927.00,7,15,3,3,80,1,11,3,9,8,0,8
No,Travel_Rarely,25 - 34,Current Employees,Sales,Life Sciences,STAFF-420,420,Male,Sales Executive,Married,No,Y,3,32,1,906,7,Bachelor's Degree,1,4,91,2,2,3,5484.00,16985.00,1,14,3,3,80,1,13,2,13,8,4,8
No,Travel_Rarely,35 - 44,Current Employees,R&D,Life Sciences,STAFF-421,421,Female,Research Director,Married,No,Y,2,38,1,849,25,Associates Degree,1,1,81,2,3,2,12061.00,26707.00,3,17,3,3,80,1,19,3,10,8,0,1
No,Non-Travel,Over 55,Current Employees,R&D,Life Sciences,STAFF-422,422,Male,Healthcare Representative,Divorced,Yes,Y,2,58,1,390,1,Master's Degree,1,4,32,1,2,3,5660.00,17056.00,2,13,3,4,80,1,12,3,5,3,1,2
No,Travel_Rarely,25 - 34,Current Employees,R&D,Technical Degree,STAFF-423,423,Male,Research Scientist,Married,Yes,Y,4,31,1,691,5,Master's Degree,1,3,86,3,1,4,4821.00,10077.00,0,12,3,3,80,1,6,3,5,2,0,3
No,Travel_Rarely,25 - 34,Current Employees,HR,Human Resources,STAFF-424,424,Male,Human Resources,Married,No,Y,1,31,1,106,2,Bachelor's Degree,1,1,62,2,2,1,6410.00,17822.00,3,12,3,4,80,0,9,3,2,2,1,0
No,Travel_Frequently,45 - 54,Current Employees,R&D,Life Sciences,STAFF-425,425,Male,Laboratory Technician,Divorced,No,Y,2,45,1,1249,7,Bachelor's Degree,1,1,97,3,3,1,5210.00,20308.00,1,18,3,1,80,1,24,3,24,9,9,11
No,Travel_Rarely,25 - 34,Current Employees,R&D,Life Sciences,STAFF-426,426,Male,Research Scientist,Divorced,Yes,Y,2,31,1,192,2,Master's Degree,1,3,32,3,1,4,2695.00,7747.00,0,18,3,2,80,1,3,1,2,2,2,2
No,Travel_Frequently,25 - 34,Current Employees,R&D,Life Sciences,STAFF-428,428,Female,Manager,Married,No,Y,2,33,1,553,5,Master's Degree,1,4,74,3,3,2,11878.00,23364.00,6,11,3,2,80,2,12,3,10,6,8,8
No,Travel_Rarely,35 - 44,Current Employees,R&D,Medical,STAFF-429,429,Male,Manager,Married,Yes,Y,3,39,1,117,10,High School,1,3,99,3,4,1,17068.00,5355.00,1,14,3,4,80,0,21,3,21,9,11,10
No,Travel_Frequently,35 - 44,Current Employees,R&D,Life Sciences,STAFF-430,430,Female,Laboratory Technician,Single,No,Y,5,43,1,185,10,Master's Degree,1,3,33,3,1,4,2455.00,10675.00,0,19,3,1,80,0,9,3,8,7,1,7
No,Travel_Rarely,45 - 54,Current Employees,R&D,Technical Degree,STAFF-431,431,Female,Healthcare Representative,Single,Yes,Y,2,49,1,1091,1,Associates Degree,1,3,90,2,4,3,13964.00,17810.00,7,12,3,4,80,0,25,3,7,1,0,7
Yes,Travel_Rarely,45 - 54,Ex-Employees,R&D,Medical,STAFF-433,433,Male,Research Scientist,Married,No,Y,3,52,0,723,8,Master's Degree,1,3,85,2,2,2,4941.00,17747.00,2,15,3,1,80,0,11,2,8,2,7,7
No,Travel_Rarely,25 - 34,Current Employees,R&D,Life Sciences,STAFF-434,434,Female,Research Scientist,Single,Yes,Y,2,27,1,1220,5,Bachelor's Degree,1,3,85,3,1,2,2478.00,20938.00,1,12,3,2,80,0,4,2,4,3,1,2
No,Travel_Rarely,25 - 34,Current Employees,Sales,Technical Degree,STAFF-436,436,Female,Sales Executive,Married,Yes,Y,2,32,1,588,8,Associates Degree,1,3,65,2,2,2,5228.00,24624.00,1,11,3,4,80,0,13,3,13,12,11,9
No,Travel_Rarely,25 - 34,Current Employees,Sales,Life Sciences,STAFF-437,437,Male,Sales Executive,Single,Yes,Y,3,27,1,1377,2,Bachelor's Degree,1,4,74,3,2,3,4478.00,5242.00,1,11,3,1,80,0,5,3,5,4,0,4
No,Travel_Rarely,25 - 34,Current Employees,Sales,Marketing,STAFF-438,438,Male,Sales Executive,Divorced,No,Y,3,31,1,691,7,Bachelor's Degree,1,4,73,3,2,4,7547.00,7143.00,4,12,3,4,80,3,13,3,7,7,1,7
No,Travel_Rarely,25 - 34,Current Employees,R&D,Medical,STAFF-439,439,Female,Research Scientist,Single,No,Y,0,32,1,1018,2,Master's Degree,1,1,74,4,2,4,5055.00,10557.00,7,16,3,3,80,0,10,2,7,7,0,7
Yes,Travel_Rarely,25 - 34,Ex-Employees,R&D,Medical,STAFF-440,440,Male,Research Scientist,Married,Yes,Y,4,28,0,1157,2,Master's Degree,1,1,84,1,1,4,3464.00,24737.00,5,13,3,4,80,0,5,2,3,2,2,2
No,Travel_Rarely,25 - 34,Current Employees,R&D,Medical,STAFF-441,441,Female,Research Scientist,Married,No,Y,2,30,1,1275,28,Associates Degree,1,4,64,3,2,4,5775.00,11934.00,1,13,3,4,80,2,11,3,10,8,1,9
No,Travel_Frequently,25 - 34,Current Employees,R&D,Life Sciences,STAFF-442,442,Female,Manufacturing Director,Married,No,Y,2,31,1,798,7,Associates Degree,1,3,48,2,3,3,8943.00,14034.00,1,24,4,1,80,1,10,3,10,9,8,9
No,Travel_Frequently,35 - 44,Current Employees,R&D,Medical,STAFF-444,444,Male,Manager,Married,No,Y,2,39,1,672,7,Associates Degree,1,3,54,2,5,4,19272.00,21141.00,1,15,3,1,80,1,21,3,21,9,13,3
Yes,Travel_Rarely,35 - 44,Ex-Employees,Sales,Medical,STAFF-445,445,Female,Sales Executive,Married,Yes,Y,3,39,0,1162,3,Associates Degree,1,4,41,3,2,3,5238.00,17778.00,4,18,3,1,80,0,12,2,1,0,0,0
No,Travel_Frequently,25 - 34,Current Employees,Sales,Marketing,STAFF-446,446,Male,Sales Executive,Single,No,Y,6,33,1,508,10,Bachelor's Degree,1,2,46,2,2,4,4682.00,4317.00,3,14,3,3,80,0,9,2,7,7,0,1
No,Travel_Rarely,45 - 54,Current Employees,R&D,Life Sciences,STAFF-447,447,Male,Research Director,Married,No,Y,2,47,1,1482,5,Doctoral Degree,1,4,42,3,5,3,18300.00,16375.00,4,11,3,2,80,1,21,3,3,2,1,1
No,Travel_Frequently,35 - 44,Current Employees,R&D,Life Sciences,STAFF-448,448,Female,Laboratory Technician,Divorced,No,Y,3,43,1,559,10,Master's Degree,1,3,82,2,2,3,5257.00,6227.00,1,11,3,2,80,1,9,4,9,7,0,0
No,Non-Travel,25 - 34,Current Employees,Sales,Marketing,STAFF-449,449,Male,Sales Executive,Married,Yes,Y,0,27,1,210,1,High School,1,3,73,3,2,2,6349.00,22107.00,0,13,3,4,80,1,6,3,5,4,1,4
No,Travel_Frequently,45 - 54,Current Employees,R&D,Life Sciences,STAFF-450,450,Female,Research Scientist,Single,No,Y,4,54,1,928,20,Master's Degree,1,4,31,3,2,3,4869.00,16885.00,3,12,3,4,80,0,20,2,4,3,0,3
No,Travel_Rarely,35 - 44,Current Employees,R&D,Life Sciences,STAFF-451,451,Female,Healthcare Representative,Married,No,Y,1,43,1,1001,7,Bachelor's Degree,1,3,43,3,3,1,9985.00,9262.00,8,16,3,1,80,1,10,2,1,0,0,0
No,Travel_Rarely,45 - 54,Current Employees,R&D,Other,STAFF-452,452,Male,Research Scientist,Married,No,Y,3,45,1,549,8,Master's Degree,1,4,75,3,2,4,3697.00,9278.00,9,14,3,1,80,2,12,3,10,9,9,8
No,Travel_Rarely,35 - 44,Current Employees,Sales,Medical,STAFF-453,453,Male,Sales Executive,Married,Yes,Y,2,40,1,1124,1,Associates Degree,1,2,57,1,2,4,7457.00,13273.00,2,22,4,3,80,3,6,2,4,3,0,2
Yes,Travel_Rarely,25 - 34,Ex-Employees,R&D,Other,STAFF-454,454,Male,Laboratory Technician,Married,Yes,Y,4,29,0,318,8,Master's Degree,1,2,77,1,1,1,2119.00,4759.00,1,11,3,4,80,0,7,2,7,7,0,7
No,Travel_Rarely,25 - 34,Current Employees,R&D,Other,STAFF-455,455,Male,Laboratory Technician,Single,No,Y,2,29,1,738,9,Doctoral Degree,1,2,30,2,1,4,3983.00,7621.00,0,17,3,3,80,0,4,3,3,2,2,2
No,Travel_Rarely,25 - 34,Current Employees,Sales,Marketing,STAFF-456,456,Female,Sales Executive,Divorced,No,Y,2,30,1,570,5,Bachelor's Degree,1,4,30,2,2,3,6118.00,5431.00,1,13,3,3,80,3,10,3,10,9,1,2
No,Travel_Rarely,25 - 34,Current Employees,Sales,Marketing,STAFF-458,458,Female,Sales Executive,Married,No,Y,3,27,1,1130,8,Master's Degree,1,2,56,3,2,2,6214.00,3415.00,1,18,3,1,80,1,8,3,8,7,0,7
No,Travel_Rarely,35 - 44,Current Employees,R&D,Medical,STAFF-460,460,Male,Manufacturing Director,Divorced,No,Y,2,37,1,1192,5,Associates Degree,1,4,61,3,2,4,6347.00,23177.00,7,16,3,3,80,2,8,2,6,2,0,4
No,Travel_Rarely,35 - 44,Current Employees,R&D,Life Sciences,STAFF-461,461,Male,Research Director,Divorced,Yes,Y,3,38,1,343,15,Associates Degree,1,3,92,2,3,4,11510.00,15682.00,0,14,3,2,80,1,12,3,11,10,2,9
No,Travel_Rarely,25 - 34,Current Employees,R&D,Medical,STAFF-462,462,Female,Manufacturing Director,Single,Yes,Y,2,31,1,1232,7,Master's Degree,1,3,39,3,3,4,7143.00,25713.00,1,14,3,3,80,0,11,2,11,9,4,10
No,Travel_Rarely,25 - 34,Current Employees,Sales,Marketing,STAFF-463,463,Female,Sales Executive,Divorced,Yes,Y,2,29,1,144,10,High School,1,4,39,2,2,2,8268.00,11866.00,1,14,3,1,80,2,7,3,7,7,1,7
No,Travel_Rarely,35 - 44,Current Employees,R&D,Technical Degree,STAFF-464,464,Male,Manufacturing Director,Single,No,Y,5,35,1,1296,5,Master's Degree,1,3,62,3,3,2,8095.00,18264.00,0,13,3,4,80,0,17,3,16,6,0,13
No,Travel_Rarely,Under 25,Current Employees,R&D,Life Sciences,STAFF-465,465,Male,Research Scientist,Divorced,No,Y,2,23,1,1309,26,High School,1,3,83,3,1,4,2904.00,16092.00,1,12,3,3,80,2,4,2,4,2,0,2
No,Travel_Rarely,35 - 44,Current Employees,R&D,Medical,STAFF-466,466,Male,Manufacturing Director,Single,Yes,Y,3,41,1,483,6,Bachelor's Degree,1,4,95,2,2,2,6032.00,10110.00,6,15,3,4,80,0,8,3,5,4,1,2
No,Travel_Frequently,45 - 54,Current Employees,Sales,Medical,STAFF-467,467,Male,Sales Representative,Single,No,Y,3,47,1,1309,4,High School,1,2,99,3,2,3,2976.00,25751.00,3,19,3,1,80,0,5,3,0,0,0,0
No,Travel_Rarely,35 - 44,Current Employees,R&D,Life Sciences,STAFF-468,468,Female,Research Director,Single,No,Y,2,42,1,810,23,Doctoral Degree,1,1,44,3,4,4,15992.00,15901.00,2,14,3,2,80,0,16,3,1,0,0,0
No,Non-Travel,25 - 34,Current Employees,Sales,Life Sciences,STAFF-469,469,Male,Sales Executive,Married,No,Y,3,29,1,746,2,Bachelor's Degree,1,4,61,3,2,3,4649.00,16928.00,1,14,3,1,80,1,4,2,4,3,0,2
No,Travel_Rarely,35 - 44,Current Employees,HR,Technical Degree,STAFF-470,470,Male,Human Resources,Divorced,Yes,Y,5,42,1,544,2,High School,1,3,52,3,1,3,2696.00,24017.00,0,11,3,3,80,1,4,3,3,2,1,0
No,Travel_Rarely,25 - 34,Current Employees,R&D,Medical,STAFF-471,471,Female,Laboratory Technician,Married,No,Y,4,32,1,1062,2,Bachelor's Degree,1,3,75,3,1,2,2370.00,3956.00,1,13,3,3,80,1,8,3,8,0,0,7
No,Travel_Rarely,45 - 54,Current Employees,Sales,Medical,STAFF-473,473,Female,Manager,Married,No,Y,3,48,1,530,29,High School,1,1,91,3,3,3,12504.00,23978.00,3,21,4,2,80,1,15,1,0,0,0,0
No,Travel_Rarely,35 - 44,Current Employees,R&D,Medical,STAFF-474,474,Male,Research Scientist,Divorced,Yes,Y,2,37,1,1319,6,Bachelor's Degree,1,3,51,4,2,1,5974.00,17001.00,4,13,3,1,80,2,13,3,7,7,6,7
No,Non-Travel,25 - 34,Current Employees,Sales,Technical Degree,STAFF-475,475,Female,Sales Executive,Married,Yes,Y,2,30,1,641,25,Associates Degree,1,4,85,3,2,3,4736.00,6069.00,7,12,3,2,80,1,4,4,2,2,2,2
No,Travel_Rarely,25 - 34,Current Employees,Sales,Life Sciences,STAFF-476,476,Male,Sales Executive,Married,No,Y,3,26,1,933,1,Bachelor's Degree,1,3,57,3,2,3,5296.00,20156.00,1,17,3,2,80,1,8,3,8,7,7,7
No,Travel_Rarely,35 - 44,Current Employees,R&D,Other,STAFF-477,477,Male,Healthcare Representative,Single,No,Y,6,42,1,1332,2,Master's Degree,1,1,98,2,2,4,6781.00,17078.00,3,23,4,2,80,0,14,3,1,0,0,0
Yes,Travel_Frequently,Under 25,Ex-Employees,Sales,Technical Degree,STAFF-478,478,Female,Sales Representative,Single,Yes,Y,3,21,0,756,1,High School,1,1,99,2,1,2,2174.00,9150.00,1,11,3,3,80,0,3,3,3,2,1,2
No,Non-Travel,35 - 44,Current Employees,Sales,Medical,STAFF-479,479,Female,Sales Executive,Single,No,Y,6,36,1,845,1,Doctoral Degree,1,4,45,3,2,4,6653.00,15276.00,4,15,3,2,80,0,7,3,1,0,0,0
No,Travel_Frequently,35 - 44,Current Employees,Sales,Medical,STAFF-481,481,Male,Sales Executive,Married,No,Y,2,36,1,541,3,Master's Degree,1,1,48,2,3,4,9699.00,7246.00,4,11,3,1,80,1,16,3,13,9,1,12
No,Travel_Rarely,Over 55,Current Employees,R&D,Medical,STAFF-482,482,Male,Healthcare Representative,Married,No,Y,2,57,1,593,1,Master's Degree,1,4,88,3,2,3,6755.00,2967.00,2,11,3,3,80,0,15,3,3,2,1,2
No,Travel_Rarely,35 - 44,Current Employees,R&D,Life Sciences,STAFF-483,483,Female,Laboratory Technician,Married,Yes,Y,3,40,1,1171,10,Master's Degree,1,4,46,4,1,3,2213.00,22495.00,3,13,3,3,80,1,10,3,7,7,1,7
No,Non-Travel,Under 25,Current Employees,Sales,Medical,STAFF-484,484,Male,Sales Representative,Single,No,Y,3,21,1,895,9,Associates Degree,1,1,39,3,1,4,2610.00,2851.00,1,24,4,3,80,0,3,2,3,2,2,2
Yes,Travel_Rarely,25 - 34,Ex-Employees,Sales,Marketing,STAFF-485,485,Female,Sales Representative,Single,Yes,Y,2,33,0,350,5,Bachelor's Degree,1,4,34,3,1,3,2851.00,9150.00,1,13,3,2,80,0,1,3,1,0,0,0
No,Travel_Rarely,35 - 44,Current Employees,R&D,Medical,STAFF-486,486,Female,Laboratory Technician,Married,No,Y,3,37,1,921,10,Bachelor's Degree,1,3,98,3,1,1,3452.00,17663.00,6,20,4,2,80,1,17,3,5,4,0,3
No,Non-Travel,45 - 54,Current Employees,R&D,Medical,STAFF-487,487,Female,Manufacturing Director,Married,No,Y,2,46,1,1144,7,Master's Degree,1,3,30,3,2,3,5258.00,16044.00,2,14,3,3,80,0,7,4,1,0,0,0
Yes,Travel_Frequently,35 - 44,Ex-Employees,Sales,Marketing,STAFF-488,488,Male,Sales Executive,Single,No,Y,5,41,0,143,4,Bachelor's Degree,1,1,56,3,2,2,9355.00,9558.00,1,18,3,3,80,0,8,3,8,7,7,7
No,Travel_Rarely,45 - 54,Current Employees,R&D,Technical Degree,STAFF-491,491,Male,Healthcare Representative,Single,No,Y,2,50,1,1046,10,Bachelor's Degree,1,4,100,2,3,4,10496.00,2755.00,6,15,3,4,80,0,20,3,4,3,1,3
Yes,Travel_Rarely,35 - 44,Ex-Employees,Sales,Marketing,STAFF-492,492,Male,Sales Executive,Married,Yes,Y,6,40,0,575,22,Associates Degree,1,3,68,2,2,3,6380.00,6110.00,2,12,3,1,80,2,8,3,6,4,1,0
No,Travel_Rarely,25 - 34,Current Employees,R&D,Life Sciences,STAFF-493,493,Male,Research Scientist,Single,Yes,Y,5,31,1,408,9,Master's Degree,1,3,42,2,1,2,2657.00,7551.00,0,16,3,4,80,0,3,3,2,2,2,2
Yes,Travel_Rarely,Under 25,Ex-Employees,Sales,Life Sciences,STAFF-494,494,Female,Sales Representative,Single,No,Y,0,21,0,156,12,Bachelor's Degree,1,3,90,4,1,2,2716.00,25422.00,1,15,3,4,80,0,1,3,1,0,0,0
No,Travel_Rarely,25 - 34,Current Employees,R&D,Life Sciences,STAFF-495,495,Male,Research Scientist,Single,No,Y,4,29,1,1283,23,Bachelor's Degree,1,4,54,3,1,4,2201.00,18168.00,9,16,3,4,80,0,6,3,3,2,1,2
No,Travel_Rarely,35 - 44,Current Employees,R&D,Life Sciences,STAFF-496,496,Male,Healthcare Representative,Single,No,Y,5,35,1,755,9,Master's Degree,1,3,97,2,2,2,6540.00,19394.00,9,19,3,3,80,0,10,3,1,1,0,0
No,Travel_Rarely,25 - 34,Current Employees,R&D,Medical,STAFF-497,497,Male,Laboratory Technician,Divorced,No,Y,2,27,1,1469,1,Associates Degree,1,4,82,3,1,2,3816.00,17881.00,1,11,3,2,80,1,5,3,5,2,0,4
No,Travel_Rarely,25 - 34,Current Employees,Sales,Life Sciences,STAFF-498,498,Male,Sales Executive,Single,No,Y,1,28,1,304,9,Master's Degree,1,2,92,3,2,4,5253.00,20750.00,1,16,3,4,80,0,7,3,7,5,0,7
No,Travel_Rarely,45 - 54,Current Employees,R&D,Other,STAFF-499,499,Male,Healthcare Representative,Single,No,Y,2,49,1,1261,7,Bachelor's Degree,1,2,31,2,3,3,10965.00,12066.00,8,24,4,3,80,0,26,3,5,2,0,0
No,Travel_Rarely,45 - 54,Current Employees,Sales,Life Sciences,STAFF-500,500,Female,Sales Executive,Married,No,Y,2,51,1,1178,14,Associates Degree,1,3,87,3,2,4,4936.00,14862.00,4,11,3,3,80,1,18,2,7,7,0,7
No,Travel_Rarely,35 - 44,Current Employees,R&D,Life Sciences,STAFF-501,501,Female,Research Scientist,Married,No,Y,3,36,1,329,2,Bachelor's Degree,1,4,96,3,1,3,2543.00,11868.00,4,13,3,2,80,1,6,3,2,2,2,2
Yes,Non-Travel,25 - 34,Ex-Employees,Sales,Marketing,STAFF-502,502,Male,Sales Executive,Single,Yes,Y,3,34,0,1362,19,Bachelor's Degree,1,1,67,4,2,4,5304.00,4652.00,8,13,3,2,80,0,9,2,5,2,0,4
No,Travel_Rarely,Over 55,Current Employees,R&D,Life Sciences,STAFF-505,505,Female,Manager,Single,Yes,Y,2,55,1,1311,2,Bachelor's Degree,1,3,97,3,4,4,16659.00,23258.00,2,13,3,3,80,0,30,3,5,4,1,2
No,Travel_Rarely,Under 25,Current Employees,Sales,Marketing,STAFF-507,507,Female,Sales Executive,Divorced,Yes,Y,2,24,1,1371,10,Master's Degree,1,4,77,3,2,3,4260.00,5915.00,1,12,3,4,80,1,5,4,5,2,0,3
No,Travel_Rarely,25 - 34,Current Employees,Sales,Technical Degree,STAFF-508,508,Male,Sales Representative,Married,No,Y,3,30,1,202,2,High School,1,3,72,3,1,2,2476.00,17434.00,1,18,3,1,80,1,1,3,1,0,0,0
Yes,Travel_Frequently,25 - 34,Ex-Employees,R&D,Technical Degree,STAFF-510,510,Male,Research Scientist,Single,No,Y,2,26,0,575,3,High School,1,3,73,3,1,1,3102.00,6582.00,0,22,4,3,80,0,7,3,6,4,0,4
No,Travel_Rarely,Under 25,Current Employees,R&D,Medical,STAFF-511,511,Female,Research Scientist,Married,No,Y,1,22,1,253,11,Bachelor's Degree,1,1,43,3,1,2,2244.00,24440.00,1,13,3,4,80,1,2,3,2,1,1,2
No,Travel_Rarely,35 - 44,Current Employees,Sales,Medical,STAFF-513,513,Male,Sales Executive,Married,No,Y,2,36,1,164,2,Associates Degree,1,2,61,2,3,3,7596.00,3809.00,1,13,3,2,80,2,10,3,10,9,9,0
Yes,Travel_Frequently,25 - 34,Ex-Employees,R&D,Technical Degree,STAFF-514,514,Male,Research Scientist,Single,Yes,Y,4,30,0,464,4,Bachelor's Degree,1,3,40,3,1,4,2285.00,3427.00,9,23,4,3,80,0,3,3,1,0,0,0
No,Travel_Rarely,35 - 44,Current Employees,R&D,Life Sciences,STAFF-515,515,Female,Laboratory Technician,Divorced,No,Y,2,37,1,1107,14,Bachelor's Degree,1,4,95,3,1,1,3034.00,26914.00,1,12,3,3,80,1,18,2,18,7,12,17
No,Travel_Rarely,35 - 44,Current Employees,Sales,Marketing,STAFF-516,516,Female,Sales Executive,Divorced,No,Y,5,40,1,759,2,Associates Degree,1,4,46,3,2,2,5715.00,22553.00,7,12,3,3,80,2,8,3,5,4,1,3
No,Travel_Rarely,35 - 44,Current Employees,R&D,Life Sciences,STAFF-517,517,Female,Laboratory Technician,Divorced,No,Y,5,42,1,201,1,Master's Degree,1,2,95,3,1,1,2576.00,20490.00,3,16,3,2,80,1,8,3,5,2,1,2
No,Travel_Rarely,35 - 44,Current Employees,R&D,Life Sciences,STAFF-518,518,Male,Manufacturing Director,Single,Yes,Y,2,37,1,1305,10,Master's Degree,1,3,49,3,2,2,4197.00,21123.00,2,12,3,4,80,0,18,2,1,0,0,1
No,Travel_Rarely,35 - 44,Current Employees,R&D,Life Sciences,STAFF-520,520,Male,Research Director,Divorced,No,Y,3,43,1,982,12,Bachelor's Degree,1,1,59,2,4,2,14336.00,4345.00,1,11,3,3,80,1,25,3,25,10,3,9
No,Travel_Rarely,35 - 44,Current Employees,R&D,Medical,STAFF-521,521,Female,Laboratory Technician,Married,No,Y,3,40,1,555,2,Bachelor's Degree,1,2,78,2,2,3,3448.00,13436.00,6,22,4,2,80,1,20,3,1,0,0,0
No,Travel_Rarely,45 - 54,Current Employees,R&D,Medical,STAFF-522,522,Male,Research Director,Married,No,Y,4,54,1,821,5,Associates Degree,1,1,86,3,5,1,19406.00,8509.00,4,11,3,3,80,1,24,2,4,2,1,2
No,Non-Travel,25 - 34,Current Employees,Sales,Marketing,STAFF-523,523,Female,Sales Executive,Married,No,Y,3,34,1,1381,4,Master's Degree,1,3,72,3,2,3,6538.00,12740.00,9,15,3,1,80,1,6,3,3,2,1,2
No,Travel_Rarely,25 - 34,Current Employees,R&D,Medical,STAFF-524,524,Female,Manufacturing Director,Married,No,Y,5,31,1,480,7,Associates Degree,1,2,31,3,2,1,4306.00,4156.00,1,12,3,2,80,1,13,1,13,10,3,12
No,Travel_Frequently,35 - 44,Current Employees,R&D,Medical,STAFF-525,525,Male,Laboratory Technician,Married,No,Y,1,43,1,313,21,Bachelor's Degree,1,4,61,3,1,4,2258.00,15238.00,7,20,4,1,80,1,8,3,3,2,1,2
No,Travel_Rarely,35 - 44,Current Employees,R&D,Other,STAFF-526,526,Female,Healthcare Representative,Divorced,Yes,Y,3,43,1,1473,8,Master's Degree,1,3,74,3,2,3,4522.00,2227.00,4,14,3,4,80,0,8,3,5,2,0,2
No,Travel_Rarely,25 - 34,Current Employees,Sales,Life Sciences,STAFF-527,527,Female,Sales Executive,Single,Yes,Y,3,25,1,891,4,Associates Degree,1,2,99,2,2,4,4487.00,12090.00,1,11,3,2,80,0,5,3,5,4,1,3
No,Non-Travel,35 - 44,Current Employees,R&D,Medical,STAFF-529,529,Female,Research Scientist,Married,Yes,Y,2,37,1,1063,25,Doctoral Degree,1,2,72,3,2,3,4449.00,23866.00,3,15,3,1,80,2,15,3,13,11,10,7
No,Travel_Rarely,25 - 34,Current Employees,R&D,Life Sciences,STAFF-530,530,Male,Laboratory Technician,Married,No,Y,3,31,1,329,1,Associates Degree,1,4,98,2,1,1,2218.00,16193.00,1,12,3,3,80,1,4,3,4,2,3,2
No,Travel_Frequently,35 - 44,Current Employees,R&D,Life Sciences,STAFF-531,531,Male,Manager,Divorced,Yes,Y,3,39,1,1218,1,High School,1,2,52,3,5,3,19197.00,8213.00,1,14,3,3,80,1,21,3,21,8,1,6
No,Travel_Frequently,Over 55,Current Employees,Sales,Life Sciences,STAFF-532,532,Female,Sales Executive,Married,No,Y,0,56,1,906,6,Bachelor's Degree,1,3,86,4,4,1,13212.00,18256.00,9,11,3,4,80,3,36,2,7,7,7,7
No,Travel_Rarely,25 - 34,Current Employees,Sales,Technical Degree,STAFF-533,533,Female,Sales Executive,Single,No,Y,6,30,1,1082,12,Bachelor's Degree,1,2,83,3,2,3,6577.00,19558.00,0,11,3,2,80,0,6,3,5,4,4,4
No,Travel_Rarely,35 - 44,Current Employees,Sales,Marketing,STAFF-534,534,Male,Sales Executive,Married,No,Y,2,41,1,645,1,Bachelor's Degree,1,2,49,4,3,1,8392.00,19566.00,1,16,3,3,80,1,10,3,10,7,0,7
No,Travel_Rarely,25 - 34,Current Employees,R&D,Medical,STAFF-536,536,Male,Laboratory Technician,Divorced,No,Y,2,28,1,1300,17,Associates Degree,1,3,79,3,2,1,4558.00,13535.00,1,12,3,4,80,1,10,3,10,0,1,8
Yes,Travel_Rarely,25 - 34,Ex-Employees,R&D,Medical,STAFF-538,538,Male,Laboratory Technician,Married,No,Y,5,25,0,688,3,Bachelor's Degree,1,1,91,3,1,1,4031.00,9396.00,5,13,3,3,80,1,6,3,2,2,0,2
No,Travel_Rarely,45 - 54,Current Employees,R&D,Medical,STAFF-543,543,Male,Manufacturing Director,Married,Yes,Y,4,52,1,319,3,Bachelor's Degree,1,4,39,2,3,3,7969.00,19609.00,2,14,3,3,80,0,28,3,5,4,0,4
No,Travel_Rarely,45 - 54,Current Employees,R&D,Life Sciences,STAFF-544,544,Male,Research Scientist,Married,No,Y,3,45,1,192,10,Associates Degree,1,1,69,3,1,4,2654.00,9655.00,3,21,4,4,80,2,8,2,2,2,0,2
No,Travel_Rarely,45 - 54,Current Employees,R&D,Life Sciences,STAFF-546,546,Female,Manager,Married,No,Y,2,52,1,1490,4,Associates Degree,1,4,30,3,4,4,16555.00,10310.00,2,13,3,4,80,0,31,1,5,2,1,4
No,Travel_Frequently,35 - 44,Current Employees,R&D,Life Sciences,STAFF-547,547,Female,Research Scientist,Divorced,No,Y,3,42,1,532,29,Associates Degree,1,1,92,3,2,3,4556.00,12932.00,2,11,3,2,80,1,19,3,5,4,0,2
No,Travel_Rarely,25 - 34,Current Employees,R&D,Life Sciences,STAFF-548,548,Female,Manufacturing Director,Single,No,Y,2,30,1,317,2,Bachelor's Degree,1,3,43,1,2,4,6091.00,24793.00,2,20,4,3,80,0,11,3,5,4,0,2
No,Travel_Rarely,Over 55,Current Employees,R&D,Life Sciences,STAFF-549,549,Female,Manager,Married,No,Y,5,60,1,422,7,Bachelor's Degree,1,1,41,3,5,1,19566.00,3854.00,5,11,3,4,80,0,33,1,29,8,11,10
No,Travel_Rarely,45 - 54,Current Employees,R&D,Medical,STAFF-550,550,Female,Manufacturing Director,Divorced,No,Y,5,46,1,1485,18,Bachelor's Degree,1,3,87,3,2,3,4810.00,26314.00,2,14,3,3,80,1,19,2,10,7,0,8
No,Travel_Frequently,35 - 44,Current Employees,R&D,Technical Degree,STAFF-551,551,Female,Healthcare Representative,Married,No,Y,4,42,1,1368,28,Master's Degree,1,4,88,2,2,4,4523.00,4386.00,0,11,3,4,80,3,7,4,6,5,0,4
Yes,Travel_Rarely,Under 25,Ex-Employees,Sales,Technical Degree,STAFF-554,554,Female,Sales Representative,Single,Yes,Y,4,24,0,1448,1,High School,1,1,62,3,1,2,3202.00,21972.00,1,16,3,2,80,0,6,3,5,3,1,4
Yes,Travel_Frequently,25 - 34,Ex-Employees,Sales,Marketing,STAFF-555,555,Female,Sales Representative,Divorced,No,Y,3,34,0,296,6,Associates Degree,1,4,33,1,1,3,2351.00,12253.00,0,16,3,4,80,1,3,2,2,2,1,0
No,Travel_Frequently,35 - 44,Current Employees,R&D,Life Sciences,STAFF-556,556,Male,Laboratory Technician,Married,Yes,Y,3,38,1,1490,2,Associates Degree,1,4,42,3,1,4,1702.00,12106.00,1,23,4,3,80,1,1,3,1,0,0,0
No,Travel_Rarely,35 - 44,Current Employees,Sales,Life Sciences,STAFF-558,558,Female,Manager,Married,No,Y,2,40,1,1398,2,Master's Degree,1,3,79,3,5,3,18041.00,13022.00,0,14,3,4,80,0,21,3,20,15,1,12
No,Travel_Rarely,25 - 34,Current Employees,R&D,Life Sciences,STAFF-560,560,Female,Research Scientist,Divorced,No,Y,3,26,1,1349,23,Bachelor's Degree,1,1,90,3,1,4,2886.00,3032.00,1,22,4,2,80,2,3,1,3,2,0,2
No,Non-Travel,25 - 34,Current Employees,R&D,Life Sciences,STAFF-562,562,Male,Laboratory Technician,Married,No,Y,3,30,1,1400,3,Bachelor's Degree,1,3,53,3,1,4,2097.00,16734.00,4,15,3,3,80,1,9,1,5,3,1,4
No,Travel_Rarely,25 - 34,Current Employees,R&D,Medical,STAFF-564,564,Male,Research Director,Married,No,Y,2,29,1,986,3,Master's Degree,1,2,93,2,3,3,11935.00,21526.00,1,18,3,3,80,0,10,3,10,2,0,7
Yes,Travel_Rarely,25 - 34,Ex-Employees,R&D,Technical Degree,STAFF-565,565,Female,Research Scientist,Married,No,Y,2,29,0,408,25,Doctoral Degree,1,3,71,2,1,2,2546.00,18300.00,5,16,3,2,80,0,6,4,2,2,1,1
Yes,Travel_Rarely,Under 25,Ex-Employees,HR,Technical Degree,STAFF-566,566,Male,Human Resources,Single,No,Y,3,19,0,489,2,Associates Degree,1,1,52,2,1,4,2564.00,18437.00,1,12,3,3,80,0,1,4,1,0,0,0
No,Non-Travel,25 - 34,Current Employees,Sales,Other,STAFF-567,567,Female,Sales Executive,Married,No,Y,3,30,1,1398,22,Master's Degree,1,3,69,3,3,1,8412.00,2890.00,0,11,3,3,80,0,10,3,9,8,7,8
No,Travel_Rarely,Over 55,Current Employees,Sales,Marketing,STAFF-568,568,Male,Manager,Divorced,No,Y,3,57,1,210,29,Bachelor's Degree,1,1,56,2,4,4,14118.00,22102.00,3,12,3,3,80,1,32,2,1,0,0,0
No,Travel_Rarely,45 - 54,Current Employees,R&D,Life Sciences,STAFF-569,569,Male,Manager,Married,No,Y,2,50,1,1099,29,Master's Degree,1,2,88,2,4,3,17046.00,9314.00,0,15,3,2,80,1,28,3,27,10,15,7
No,Non-Travel,25 - 34,Current Employees,R&D,Medical,STAFF-571,571,Female,Laboratory Technician,Single,No,Y,2,30,1,1116,2,Bachelor's Degree,1,3,49,3,1,4,2564.00,7181.00,0,14,3,3,80,0,12,2,11,7,6,7
No,Travel_Frequently,Over 55,Current Employees,Sales,Marketing,STAFF-573,573,Female,Sales Executive,Married,No,Y,5,60,1,1499,28,Bachelor's Degree,1,3,80,2,3,1,10266.00,2845.00,4,19,3,4,80,0,22,4,18,13,13,11
No,Travel_Rarely,45 - 54,Current Employees,R&D,Medical,STAFF-574,574,Female,Manufacturing Director,Divorced,No,Y,2,47,1,983,2,Associates Degree,1,1,65,3,2,4,5070.00,7389.00,5,13,3,3,80,3,20,3,5,0,0,4
No,Travel_Rarely,45 - 54,Current Employees,R&D,Life Sciences,STAFF-575,575,Male,Research Director,Married,No,Y,2,46,1,1009,2,Bachelor's Degree,1,1,51,3,4,3,17861.00,2288.00,6,13,3,3,80,0,26,1,3,2,0,1
No,Travel_Rarely,35 - 44,Current Employees,R&D,Life Sciences,STAFF-577,577,Male,Laboratory Technician,Single,No,Y,2,35,1,144,22,Bachelor's Degree,1,4,46,1,1,3,4230.00,19225.00,0,15,3,3,80,0,6,3,5,4,4,3
No,Travel_Rarely,45 - 54,Current Employees,R&D,Life Sciences,STAFF-578,578,Female,Laboratory Technician,Single,No,Y,3,54,1,548,8,Master's Degree,1,3,42,3,2,3,3780.00,23428.00,7,11,3,3,80,0,19,3,1,0,0,0
No,Travel_Rarely,25 - 34,Current Employees,R&D,Life Sciences,STAFF-579,579,Male,Research Scientist,Divorced,No,Y,3,34,1,1303,2,Master's Degree,1,4,62,2,1,3,2768.00,8416.00,3,12,3,3,80,1,14,3,7,3,5,7
No,Travel_Rarely,45 - 54,Current Employees,Sales,Marketing,STAFF-580,580,Female,Sales Executive,Married,Yes,Y,3,46,1,1125,10,Bachelor's Degree,1,3,94,2,3,4,9071.00,11563.00,2,19,3,3,80,1,15,3,3,2,1,2
No,Travel_Rarely,25 - 34,Current Employees,R&D,Life Sciences,STAFF-581,581,Male,Manufacturing Director,Divorced,No,Y,6,31,1,1274,9,High School,1,3,33,3,3,2,10648.00,14394.00,1,25,4,4,80,1,13,4,13,8,0,8
Yes,Travel_Rarely,25 - 34,Ex-Employees,R&D,Medical,STAFF-582,582,Male,Manager,Married,Yes,Y,2,33,0,1277,15,High School,1,2,56,3,3,3,13610.00,24619.00,7,12,3,4,80,0,15,4,7,6,7,7
Yes,Travel_Rarely,25 - 34,Ex-Employees,R&D,Medical,STAFF-584,584,Male,Laboratory Technician,Divorced,No,Y,2,33,0,587,10,High School,1,1,38,1,1,4,3408.00,6705.00,7,13,3,1,80,3,8,3,4,3,1,3
No,Travel_Rarely,25 - 34,Current Employees,Sales,Marketing,STAFF-585,585,Male,Sales Representative,Single,No,Y,3,30,1,413,7,High School,1,4,57,3,1,2,2983.00,18398.00,0,14,3,1,80,0,4,3,3,2,1,2
No,Travel_Rarely,35 - 44,Current Employees,R&D,Life Sciences,STAFF-586,586,Male,Healthcare Representative,Married,Yes,Y,2,35,1,1276,16,Bachelor's Degree,1,4,72,3,3,3,7632.00,14295.00,4,12,3,3,80,0,10,3,8,7,0,0
Yes,Travel_Frequently,25 - 34,Ex-Employees,R&D,Life Sciences,STAFF-587,587,Male,Healthcare Representative,Married,No,Y,2,31,0,534,20,Bachelor's Degree,1,1,66,3,3,3,9824.00,22908.00,3,12,3,1,80,0,12,3,1,0,0,0
Yes,Travel_Frequently,25 - 34,Ex-Employees,HR,Human Resources,STAFF-590,590,Female,Human Resources,Divorced,Yes,Y,2,34,0,988,23,Bachelor's Degree,1,2,43,3,3,1,9950.00,11533.00,9,15,3,3,80,3,11,3,3,2,0,2
No,Travel_Frequently,35 - 44,Current Employees,R&D,Other,STAFF-591,591,Male,Laboratory Technician,Married,No,Y,4,42,1,1474,5,Associates Degree,1,2,97,3,1,3,2093.00,9260.00,4,17,3,4,80,1,8,3,2,2,2,0
No,Non-Travel,35 - 44,Current Employees,Sales,Medical,STAFF-592,592,Male,Sales Executive,Single,No,Y,3,36,1,635,10,Master's Degree,1,2,32,3,3,4,9980.00,15318.00,1,14,3,4,80,0,10,2,10,3,9,7
Yes,Travel_Frequently,Under 25,Ex-Employees,R&D,Technical Degree,STAFF-593,593,Male,Laboratory Technician,Single,No,Y,3,22,0,1368,4,High School,1,3,99,2,1,3,3894.00,9129.00,5,16,3,3,80,0,4,3,2,2,1,2
No,Travel_Rarely,45 - 54,Current Employees,Sales,Marketing,STAFF-595,595,Female,Sales Executive,Married,No,Y,2,48,1,163,2,Doctoral Degree,1,2,37,3,2,4,4051.00,19658.00,2,14,3,1,80,1,14,3,9,7,6,7
No,Travel_Rarely,Over 55,Current Employees,Sales,Life Sciences,STAFF-597,597,Female,Manager,Single,No,Y,2,55,1,1117,18,Doctoral Degree,1,1,83,3,4,2,16835.00,9873.00,3,23,4,4,80,0,37,3,10,9,7,7
No,Non-Travel,35 - 44,Current Employees,Sales,Life Sciences,STAFF-599,599,Male,Sales Executive,Single,No,Y,3,41,1,267,10,Associates Degree,1,4,56,3,2,4,6230.00,13430.00,7,14,3,4,80,0,16,3,14,3,1,10
No,Travel_Rarely,35 - 44,Current Employees,Sales,Marketing,STAFF-600,600,Male,Sales Executive,Married,No,Y,2,35,1,619,1,Bachelor's Degree,1,2,85,3,2,3,4717.00,18659.00,9,11,3,3,80,0,15,3,11,9,6,9
No,Travel_Rarely,35 - 44,Current Employees,R&D,Life Sciences,STAFF-601,601,Female,Manufacturing Director,Single,No,Y,3,40,1,302,6,Bachelor's Degree,1,2,75,3,4,3,13237.00,20364.00,7,15,3,3,80,0,22,3,20,6,5,13
No,Travel_Frequently,35 - 44,Current Employees,R&D,Life Sciences,STAFF-602,602,Female,Laboratory Technician,Married,No,Y,3,39,1,443,8,High School,1,3,48,3,1,3,3755.00,17872.00,1,11,3,1,80,1,8,3,8,3,0,7
No,Travel_Rarely,25 - 34,Current Employees,Sales,Life Sciences,STAFF-604,604,Male,Sales Executive,Single,Yes,Y,2,31,1,828,2,High School,1,2,77,3,2,4,6582.00,8346.00,4,13,3,3,80,0,10,4,6,5,0,5
No,Travel_Rarely,35 - 44,Current Employees,R&D,Medical,STAFF-605,605,Male,Manufacturing Director,Married,Yes,Y,5,42,1,319,24,Bachelor's Degree,1,4,56,3,3,1,7406.00,6950.00,1,21,4,4,80,1,10,2,10,9,5,8
No,Travel_Rarely,45 - 54,Current Employees,Sales,Other,STAFF-606,606,Male,Sales Executive,Married,No,Y,3,45,1,561,2,Bachelor's Degree,1,4,61,3,2,2,4805.00,16177.00,0,19,3,2,80,1,9,4,8,7,3,7
Yes,Travel_Frequently,25 - 34,Ex-Employees,HR,Life Sciences,STAFF-608,608,Female,Human Resources,Divorced,Yes,Y,2,26,0,426,17,Master's Degree,1,2,58,3,1,3,2741.00,22808.00,0,11,3,2,80,1,8,2,7,7,1,0
No,Travel_Rarely,25 - 34,Current Employees,R&D,Technical Degree,STAFF-611,611,Male,Manufacturing Director,Divorced,No,Y,2,29,1,232,19,Bachelor's Degree,1,4,34,3,2,4,4262.00,22645.00,4,12,3,2,80,2,8,4,3,2,1,2
No,Travel_Rarely,25 - 34,Current Employees,R&D,Medical,STAFF-612,612,Female,Research Director,Divorced,No,Y,2,33,1,922,1,Doctoral Degree,1,1,95,4,4,3,16184.00,22578.00,4,19,3,3,80,1,10,3,6,1,0,5
No,Travel_Rarely,25 - 34,Current Employees,Sales,Life Sciences,STAFF-613,613,Male,Manager,Divorced,No,Y,3,31,1,688,7,Bachelor's Degree,1,3,44,2,3,4,11557.00,25291.00,9,21,4,3,80,1,10,2,5,4,0,1
Yes,Travel_Frequently,Under 25,Ex-Employees,Sales,Marketing,STAFF-614,614,Male,Sales Representative,Single,Yes,Y,3,18,0,1306,5,Bachelor's Degree,1,2,69,3,1,2,1878.00,8059.00,1,14,3,4,80,0,0,3,0,0,0,0
No,Non-Travel,35 - 44,Current Employees,Sales,Other,STAFF-615,615,Male,Sales Executive,Divorced,No,Y,2,40,1,1094,28,Bachelor's Degree,1,3,58,1,3,1,10932.00,11373.00,3,15,3,3,80,1,20,3,1,0,0,1
No,Non-Travel,35 - 44,Current Employees,R&D,Other,STAFF-616,616,Female,Healthcare Representative,Single,Yes,Y,3,41,1,509,2,Master's Degree,1,1,62,2,2,3,6811.00,2112.00,2,17,3,1,80,0,10,3,8,7,0,7
No,Travel_Rarely,25 - 34,Current Employees,Sales,Medical,STAFF-618,618,Male,Sales Executive,Divorced,No,Y,5,26,1,775,29,Associates Degree,1,1,45,3,2,3,4306.00,4267.00,5,12,3,1,80,2,8,3,0,0,0,0
No,Travel_Rarely,35 - 44,Current Employees,Sales,Medical,STAFF-620,620,Female,Sales Executive,Single,No,Y,3,35,1,195,1,Bachelor's Degree,1,1,80,3,2,3,4859.00,6698.00,1,16,3,4,80,0,5,3,5,4,0,3
No,Travel_Rarely,25 - 34,Current Employees,Sales,Life Sciences,STAFF-621,621,Male,Sales Executive,Single,No,Y,3,34,1,258,21,Master's Degree,1,4,74,4,2,4,5337.00,19921.00,1,12,3,4,80,0,10,3,10,7,5,7
Yes,Travel_Rarely,25 - 34,Ex-Employees,R&D,Technical Degree,STAFF-622,622,Male,Laboratory Technician,Single,Yes,Y,3,26,0,471,24,Bachelor's Degree,1,3,66,1,1,4,2340.00,23213.00,1,18,3,2,80,0,1,1,1,0,0,0
No,Travel_Rarely,35 - 44,Current Employees,R&D,Technical Degree,STAFF-623,623,Female,Manufacturing Director,Single,No,Y,3,37,1,799,1,Bachelor's Degree,1,2,59,3,3,4,7491.00,23848.00,4,17,3,4,80,0,12,4,6,5,1,2
No,Travel_Frequently,45 - 54,Current Employees,R&D,Medical,STAFF-624,624,Female,Healthcare Representative,Married,No,Y,3,46,1,1034,18,High School,1,1,86,3,3,3,10527.00,8984.00,5,11,3,4,80,0,28,2,2,2,1,2
No,Travel_Rarely,35 - 44,Current Employees,Sales,Life Sciences,STAFF-625,625,Female,Manager,Married,No,Y,2,41,1,1276,2,Doctoral Degree,1,2,91,3,4,1,16595.00,5626.00,7,16,3,2,80,1,22,3,18,16,11,8
No,Non-Travel,35 - 44,Current Employees,Sales,Medical,STAFF-626,626,Male,Sales Executive,Divorced,No,Y,6,37,1,142,9,Master's Degree,1,1,69,3,3,2,8834.00,24666.00,1,13,3,4,80,1,9,3,9,5,7,7
No,Travel_Rarely,45 - 54,Current Employees,R&D,Technical Degree,STAFF-630,630,Male,Research Scientist,Divorced,Yes,Y,3,52,1,956,6,Associates Degree,1,4,78,3,2,1,5577.00,22087.00,3,12,3,2,80,2,18,3,10,9,6,9
Yes,Non-Travel,25 - 34,Ex-Employees,Sales,Other,STAFF-631,631,Male,Sales Executive,Married,No,Y,2,32,0,1474,11,Master's Degree,1,4,60,4,2,3,4707.00,23914.00,8,12,3,4,80,0,6,3,4,2,1,2
No,Travel_Frequently,Under 25,Current Employees,Sales,Medical,STAFF-632,632,Male,Sales Representative,Married,No,Y,3,24,1,535,24,Bachelor's Degree,1,4,38,3,1,4,2400.00,5530.00,0,13,3,3,80,2,3,3,2,2,2,1
No,Travel_Rarely,35 - 44,Current Employees,R&D,Medical,STAFF-634,634,Female,Healthcare Representative,Married,No,Y,4,38,1,1495,10,Bachelor's Degree,1,3,76,3,2,3,9824.00,22174.00,3,19,3,3,80,1,18,3,1,0,0,0
No,Travel_Rarely,35 - 44,Current Employees,R&D,Life Sciences,STAFF-635,635,Female,Manufacturing Director,Married,No,Y,2,37,1,446,1,Master's Degree,1,2,65,3,2,2,6447.00,15701.00,6,12,3,2,80,1,8,2,6,5,4,3
No,Travel_Rarely,45 - 54,Current Employees,R&D,Life Sciences,STAFF-638,638,Male,Research Director,Divorced,Yes,Y,5,49,1,1245,18,Master's Degree,1,4,58,2,5,3,19502.00,2125.00,1,17,3,3,80,1,31,3,31,9,0,9
No,Travel_Rarely,Under 25,Current Employees,R&D,Medical,STAFF-639,639,Male,Research Scientist,Married,Yes,Y,3,24,1,691,23,Bachelor's Degree,1,2,89,4,1,4,2725.00,21630.00,1,11,3,2,80,2,6,3,6,5,1,4
No,Travel_Rarely,25 - 34,Current Employees,Sales,Marketing,STAFF-641,641,Male,Sales Executive,Married,No,Y,5,26,1,703,28,Associates Degree,1,1,66,3,2,2,6272.00,7428.00,1,20,4,4,80,2,6,4,5,3,1,4
No,Travel_Rarely,Under 25,Current Employees,R&D,Other,STAFF-643,643,Male,Laboratory Technician,Married,No,Y,2,24,1,823,17,Associates Degree,1,4,94,2,1,2,2127.00,9100.00,1,21,4,4,80,1,1,3,1,0,0,0
No,Travel_Frequently,45 - 54,Current Employees,HR,Medical,STAFF-644,644,Male,Manager,Married,No,Y,2,50,1,1246,3,Bachelor's Degree,1,1,99,3,5,2,18200.00,7999.00,1,11,3,3,80,1,32,3,32,5,10,7
No,Travel_Rarely,25 - 34,Current Employees,Sales,Medical,STAFF-645,645,Male,Sales Representative,Married,No,Y,1,25,1,622,13,High School,1,2,40,3,1,3,2096.00,26376.00,1,11,3,3,80,0,7,3,7,4,0,6
Yes,Travel_Frequently,Under 25,Ex-Employees,R&D,Life Sciences,STAFF-647,647,Female,Laboratory Technician,Married,Yes,Y,4,24,0,1287,7,Bachelor's Degree,1,1,55,3,1,3,2886.00,14168.00,1,16,3,4,80,1,6,3,6,3,1,2
Yes,Travel_Frequently,25 - 34,Ex-Employees,Sales,Life Sciences,STAFF-648,648,Male,Sales Representative,Married,No,Y,2,30,0,448,12,Master's Degree,1,2,74,2,1,1,2033.00,14470.00,1,18,3,3,80,1,1,4,1,0,0,0
No,Travel_Rarely,25 - 34,Current Employees,R&D,Life Sciences,STAFF-649,649,Male,Research Scientist,Married,Yes,Y,3,34,1,254,1,Associates Degree,1,2,83,2,1,4,3622.00,22794.00,1,13,3,4,80,1,6,3,6,5,1,3
Yes,Travel_Rarely,25 - 34,Ex-Employees,Sales,Medical,STAFF-650,650,Male,Sales Executive,Divorced,No,Y,2,31,0,1365,13,Master's Degree,1,2,46,3,2,1,4233.00,11512.00,2,17,3,3,80,0,9,1,3,1,1,2
No,Travel_Rarely,35 - 44,Current Employees,R&D,Other,STAFF-652,652,Male,Laboratory Technician,Single,No,Y,3,35,1,538,25,Associates Degree,1,1,54,2,2,4,3681.00,14004.00,4,14,3,4,80,0,9,3,3,2,0,2
No,Travel_Rarely,25 - 34,Current Employees,Sales,Medical,STAFF-653,653,Male,Sales Executive,Divorced,No,Y,4,31,1,525,6,Master's Degree,1,1,66,4,2,4,5460.00,6219.00,4,22,4,4,80,2,13,4,7,7,5,7
No,Travel_Rarely,25 - 34,Current Employees,R&D,Medical,STAFF-655,655,Female,Research Scientist,Divorced,No,Y,5,27,1,798,6,Master's Degree,1,1,66,2,1,3,2187.00,5013.00,0,12,3,3,80,2,6,2,5,3,0,3
No,Travel_Rarely,35 - 44,Current Employees,Sales,Marketing,STAFF-656,656,Male,Sales Executive,Married,Yes,Y,3,37,1,558,2,Bachelor's Degree,1,4,75,3,2,3,9602.00,3010.00,4,11,3,3,80,1,17,2,3,0,1,0
No,Travel_Rarely,Under 25,Current Employees,R&D,Life Sciences,STAFF-657,657,Female,Research Scientist,Single,No,Y,0,20,1,959,1,Bachelor's Degree,1,4,83,2,1,2,2836.00,11757.00,1,13,3,4,80,0,1,4,1,0,0,0
No,Travel_Rarely,35 - 44,Current Employees,R&D,Life Sciences,STAFF-659,659,Female,Healthcare Representative,Married,No,Y,4,42,1,622,2,Master's Degree,1,3,81,3,2,4,4089.00,5718.00,1,13,3,2,80,2,10,3,10,2,2,2
No,Travel_Rarely,35 - 44,Current Employees,R&D,Other,STAFF-661,661,Male,Research Director,Divorced,Yes,Y,3,43,1,782,6,Master's Degree,1,2,50,2,4,4,16627.00,2671.00,4,14,3,3,80,1,21,2,1,0,0,0
No,Travel_Rarely,35 - 44,Current Employees,R&D,Life Sciences,STAFF-662,662,Female,Research Scientist,Single,No,Y,3,38,1,362,1,High School,1,3,43,3,1,1,2619.00,14561.00,3,17,3,4,80,0,8,2,0,0,0,0
No,Travel_Frequently,35 - 44,Current Employees,R&D,Medical,STAFF-663,663,Male,Laboratory Technician,Divorced,Yes,Y,3,43,1,1001,9,Doctoral Degree,1,4,72,3,2,3,5679.00,19627.00,3,13,3,2,80,1,10,3,8,7,4,7
No,Travel_Rarely,45 - 54,Current Employees,R&D,Life Sciences,STAFF-664,664,Female,Manager,Married,No,Y,3,48,1,1236,1,Master's Degree,1,4,40,2,4,1,15402.00,17997.00,7,11,3,1,80,1,21,1,3,2,0,2
No,Travel_Rarely,35 - 44,Current Employees,HR,Life Sciences,STAFF-665,665,Female,Human Resources,Single,No,Y,1,44,1,1112,1,Master's Degree,1,1,50,2,2,3,5985.00,26894.00,4,11,3,2,80,0,10,4,2,2,0,2
No,Travel_Rarely,25 - 34,Current Employees,Sales,Technical Degree,STAFF-666,666,Female,Sales Representative,Divorced,Yes,Y,3,34,1,204,14,Bachelor's Degree,1,3,31,3,1,3,2579.00,2912.00,1,18,3,4,80,2,8,3,8,2,0,6
Yes,Travel_Rarely,25 - 34,Ex-Employees,Sales,Marketing,STAFF-667,667,Male,Sales Representative,Divorced,No,Y,3,27,0,1420,2,High School,1,3,85,3,1,1,3041.00,16346.00,0,11,3,2,80,1,5,3,4,3,0,2
No,Travel_Rarely,Under 25,Current Employees,Sales,Technical Degree,STAFF-669,669,Male,Sales Representative,Single,No,Y,2,21,1,1343,22,High School,1,3,49,3,1,3,3447.00,24444.00,1,11,3,3,80,0,3,3,3,2,1,2
No,Travel_Rarely,35 - 44,Current Employees,R&D,Other,STAFF-671,671,Male,Manager,Married,Yes,Y,2,44,1,1315,3,Master's Degree,1,4,35,3,5,4,19513.00,9358.00,4,12,3,1,80,1,26,4,2,2,0,1
No,Travel_Rarely,Under 25,Current Employees,R&D,Medical,STAFF-675,675,Male,Research Scientist,Married,No,Y,3,22,1,604,6,High School,1,1,69,3,1,3,2773.00,12145.00,0,20,4,4,80,0,3,3,2,2,2,2
No,Travel_Rarely,25 - 34,Current Employees,Sales,Marketing,STAFF-677,677,Male,Sales Executive,Divorced,No,Y,3,33,1,1216,8,Master's Degree,1,3,39,3,2,3,7104.00,20431.00,0,12,3,4,80,0,6,3,5,0,1,2
No,Travel_Rarely,25 - 34,Current Employees,R&D,Life Sciences,STAFF-679,679,Female,Research Scientist,Married,Yes,Y,2,32,1,646,9,Master's Degree,1,1,92,3,2,4,6322.00,18089.00,1,12,3,4,80,1,6,2,6,4,0,5
No,Travel_Frequently,25 - 34,Current Employees,R&D,Medical,STAFF-680,680,Female,Research Scientist,Divorced,No,Y,2,30,1,160,3,Bachelor's Degree,1,3,71,3,1,3,2083.00,22653.00,1,20,4,3,80,1,1,3,1,0,0,0
No,Travel_Rarely,45 - 54,Current Employees,Sales,Medical,STAFF-682,682,Female,Sales Executive,Single,No,Y,2,53,1,238,1,High School,1,4,34,3,2,1,8381.00,7507.00,7,20,4,4,80,0,18,4,14,7,8,10
No,Travel_Rarely,25 - 34,Current Employees,R&D,Life Sciences,STAFF-683,683,Male,Research Scientist,Married,No,Y,4,34,1,1397,1,Doctoral Degree,1,2,42,3,1,4,2691.00,7660.00,1,12,3,4,80,1,10,2,10,9,8,8
Yes,Travel_Frequently,45 - 54,Ex-Employees,Sales,Life Sciences,STAFF-684,684,Female,Sales Executive,Married,No,Y,4,45,0,306,26,Master's Degree,1,1,100,3,2,1,4286.00,5630.00,2,14,3,4,80,2,5,3,1,1,0,0
No,Travel_Rarely,25 - 34,Current Employees,R&D,Life Sciences,STAFF-686,686,Female,Laboratory Technician,Married,Yes,Y,2,26,1,991,6,Bachelor's Degree,1,3,71,3,1,4,2659.00,17759.00,1,13,3,3,80,1,3,3,3,2,0,2
No,Travel_Rarely,35 - 44,Current Employees,R&D,Other,STAFF-689,689,Male,Manufacturing Director,Married,No,Y,2,37,1,482,3,Bachelor's Degree,1,3,36,3,3,3,9434.00,9606.00,1,15,3,3,80,1,10,3,10,7,7,8
No,Travel_Rarely,25 - 34,Current Employees,Sales,Medical,STAFF-690,690,Female,Sales Executive,Married,No,Y,5,29,1,1176,3,Associates Degree,1,2,62,3,2,3,5561.00,3487.00,1,14,3,1,80,1,6,2,6,0,1,2
No,Travel_Rarely,35 - 44,Current Employees,R&D,Life Sciences,STAFF-691,691,Male,Research Scientist,Single,No,Y,3,35,1,1017,6,Master's Degree,1,2,82,1,2,4,6646.00,19368.00,1,13,3,2,80,0,17,3,17,11,11,8
No,Travel_Frequently,25 - 34,Current Employees,R&D,Life Sciences,STAFF-692,692,Male,Healthcare Representative,Divorced,No,Y,2,33,1,1296,6,Bachelor's Degree,1,3,30,3,2,4,7725.00,5335.00,3,23,4,3,80,1,15,1,13,11,4,7
No,Travel_Rarely,45 - 54,Current Employees,HR,Medical,STAFF-698,698,Male,Human Resources,Married,No,Y,1,54,1,397,19,Master's Degree,1,3,88,3,3,2,10725.00,6729.00,2,15,3,3,80,1,16,4,9,7,7,1
No,Travel_Rarely,35 - 44,Current Employees,R&D,Medical,STAFF-699,699,Male,Manufacturing Director,Divorced,Yes,Y,2,36,1,913,9,Associates Degree,1,2,48,2,2,2,8847.00,13934.00,2,11,3,3,80,1,13,3,3,2,0,2
No,Travel_Rarely,25 - 34,Current Employees,R&D,Medical,STAFF-700,700,Male,Research Scientist,Single,No,Y,0,27,1,1115,3,Master's Degree,1,1,54,2,1,4,2045.00,15174.00,0,13,3,4,80,0,5,3,4,2,1,1
Yes,Travel_Rarely,Under 25,Ex-Employees,R&D,Medical,STAFF-701,701,Male,Research Scientist,Single,Yes,Y,5,20,0,1362,10,High School,1,4,32,3,1,3,1009.00,26999.00,1,11,3,4,80,0,1,3,1,0,1,1
Yes,Travel_Frequently,25 - 34,Ex-Employees,R&D,Life Sciences,STAFF-702,702,Male,Research Scientist,Single,Yes,Y,3,33,0,1076,3,Bachelor's Degree,1,1,70,3,1,1,3348.00,3164.00,1,11,3,1,80,0,10,3,10,8,9,7
No,Non-Travel,35 - 44,Current Employees,R&D,Life Sciences,STAFF-704,704,Male,Laboratory Technician,Married,No,Y,3,35,1,727,3,Bachelor's Degree,1,3,41,2,1,3,1281.00,16900.00,1,18,3,3,80,2,1,3,1,0,0,0
No,Travel_Rarely,Under 25,Current Employees,R&D,Medical,STAFF-705,705,Male,Research Scientist,Married,No,Y,3,23,1,885,4,Bachelor's Degree,1,1,58,4,1,1,2819.00,8544.00,2,16,3,1,80,1,5,4,3,2,0,2
No,Travel_Rarely,25 - 34,Current Employees,Sales,Life Sciences,STAFF-707,707,Male,Sales Executive,Married,No,Y,4,25,1,810,8,Bachelor's Degree,1,4,57,4,2,2,4851.00,15678.00,0,22,4,3,80,1,4,3,3,2,1,2
No,Travel_Rarely,35 - 44,Current Employees,Sales,Marketing,STAFF-709,709,Female,Sales Executive,Single,No,Y,2,38,1,243,7,Master's Degree,1,4,46,2,2,4,4028.00,7791.00,0,20,4,1,80,0,8,3,7,7,0,5
No,Travel_Frequently,25 - 34,Current Employees,R&D,Life Sciences,STAFF-710,710,Male,Research Scientist,Divorced,No,Y,5,29,1,806,1,Master's Degree,1,2,76,1,1,4,2720.00,18959.00,1,18,3,4,80,1,10,3,10,7,2,8
No,Travel_Rarely,45 - 54,Current Employees,Sales,Marketing,STAFF-712,712,Male,Sales Executive,Married,No,Y,3,48,1,817,2,High School,1,2,56,4,2,2,8120.00,18597.00,3,12,3,4,80,0,12,3,2,2,2,2
No,Travel_Frequently,25 - 34,Current Employees,Sales,Medical,STAFF-714,714,Female,Sales Executive,Divorced,Yes,Y,3,27,1,1410,3,High School,1,4,71,4,2,4,4647.00,16673.00,1,20,4,2,80,2,6,3,6,5,0,4
No,Travel_Rarely,35 - 44,Current Employees,R&D,Life Sciences,STAFF-715,715,Male,Research Scientist,Single,No,Y,2,37,1,1225,10,Associates Degree,1,4,80,4,1,4,4680.00,15232.00,3,17,3,1,80,0,4,3,1,0,0,0
No,Travel_Rarely,45 - 54,Current Employees,R&D,Medical,STAFF-716,716,Male,Laboratory Technician,Married,Yes,Y,3,50,1,1207,28,High School,1,4,74,4,1,3,3221.00,3297.00,1,11,3,3,80,3,20,3,20,8,3,8
No,Travel_Rarely,25 - 34,Current Employees,R&D,Medical,STAFF-717,717,Female,Healthcare Representative,Single,No,Y,3,34,1,1442,9,Bachelor's Degree,1,4,46,2,3,2,8621.00,17654.00,1,14,3,2,80,0,9,4,8,7,7,7
Yes,Travel_Rarely,Under 25,Ex-Employees,Sales,Life Sciences,STAFF-720,720,Female,Sales Executive,Single,No,Y,3,24,0,693,3,Associates Degree,1,1,65,3,2,3,4577.00,24785.00,9,14,3,1,80,0,4,3,2,2,2,0
No,Travel_Rarely,35 - 44,Current Employees,R&D,Technical Degree,STAFF-721,721,Female,Healthcare Representative,Single,No,Y,4,39,1,408,2,Master's Degree,1,4,80,2,2,3,4553.00,20978.00,1,11,3,1,80,0,20,3,20,7,11,10
No,Travel_Rarely,25 - 34,Current Employees,Sales,Marketing,STAFF-722,722,Male,Sales Executive,Single,No,Y,2,32,1,929,10,Bachelor's Degree,1,4,55,3,2,4,5396.00,21703.00,1,12,3,4,80,0,10,2,10,7,0,8
Yes,Travel_Frequently,45 - 54,Ex-Employees,Sales,Technical Degree,STAFF-723,723,Male,Sales Executive,Married,Yes,Y,4,50,0,562,8,Associates Degree,1,2,50,3,2,3,6796.00,23452.00,3,14,3,1,80,1,18,3,4,3,1,3
No,Travel_Rarely,35 - 44,Current Employees,R&D,Life Sciences,STAFF-724,724,Female,Healthcare Representative,Single,No,Y,4,38,1,827,1,Master's Degree,1,2,33,4,2,4,7625.00,19383.00,0,13,3,3,80,0,10,2,9,7,1,8
No,Travel_Rarely,25 - 34,Current Employees,R&D,Life Sciences,STAFF-725,725,Female,Manufacturing Director,Married,No,Y,3,27,1,608,1,Associates Degree,1,3,68,3,3,1,7412.00,6009.00,1,11,3,4,80,0,9,3,9,7,0,7
No,Travel_Rarely,25 - 34,Current Employees,R&D,Life Sciences,STAFF-727,727,Female,Research Director,Single,No,Y,6,32,1,1018,3,Associates Degree,1,3,39,3,3,4,11159.00,19373.00,3,15,3,4,80,0,10,3,7,7,7,7
No,Travel_Rarely,45 - 54,Current Employees,Sales,Marketing,STAFF-728,728,Male,Sales Executive,Single,No,Y,2,47,1,703,14,Master's Degree,1,4,42,3,2,1,4960.00,11825.00,2,12,3,4,80,0,20,3,7,7,1,7
No,Travel_Frequently,35 - 44,Current Employees,Sales,Life Sciences,STAFF-729,729,Male,Sales Executive,Married,Yes,Y,2,40,1,580,5,Master's Degree,1,4,48,2,3,1,10475.00,23772.00,5,21,4,3,80,1,20,3,18,13,1,12
No,Travel_Rarely,45 - 54,Current Employees,R&D,Life Sciences,STAFF-730,730,Male,Research Director,Married,No,Y,3,53,1,970,7,Bachelor's Degree,1,3,59,4,4,3,14814.00,13514.00,3,19,3,3,80,0,32,3,5,1,1,3
No,Travel_Rarely,35 - 44,Current Employees,HR,Human Resources,STAFF-731,731,Male,Manager,Divorced,No,Y,2,41,1,427,10,Master's Degree,1,2,73,2,5,4,19141.00,8861.00,3,15,3,2,80,3,23,2,21,6,12,6
No,Travel_Rarely,Over 55,Current Employees,Sales,Marketing,STAFF-732,732,Male,Sales Executive,Single,No,Y,1,60,1,1179,16,Master's Degree,1,1,84,3,2,1,5405.00,11924.00,8,14,3,4,80,0,10,3,2,2,2,2
No,Travel_Frequently,25 - 34,Current Employees,R&D,Life Sciences,STAFF-733,733,Male,Manufacturing Director,Divorced,No,Y,4,27,1,294,10,Associates Degree,1,4,32,3,3,1,8793.00,4809.00,1,21,4,3,80,2,9,2,9,7,1,7
No,Travel_Rarely,35 - 44,Current Employees,HR,Human Resources,STAFF-734,734,Male,Manager,Married,No,Y,3,41,1,314,1,Bachelor's Degree,1,4,59,2,5,3,19189.00,19562.00,1,12,3,2,80,1,22,3,22,7,2,10
No,Travel_Rarely,45 - 54,Current Employees,Sales,Marketing,STAFF-738,738,Male,Sales Representative,Married,No,Y,2,50,1,316,8,Master's Degree,1,4,54,3,1,2,3875.00,9983.00,7,15,3,4,80,1,4,3,2,2,2,2
Yes,Travel_Rarely,25 - 34,Ex-Employees,R&D,Life Sciences,STAFF-741,741,Female,Research Scientist,Single,Yes,Y,4,28,0,654,1,Associates Degree,1,1,67,1,1,2,2216.00,3872.00,7,13,3,4,80,0,10,3,7,7,3,7
No,Non-Travel,35 - 44,Current Employees,R&D,Life Sciences,STAFF-742,742,Female,Research Director,Married,No,Y,2,36,1,427,8,Bachelor's Degree,1,1,63,4,3,1,11713.00,20335.00,9,14,3,1,80,1,10,3,8,7,0,5
No,Travel_Rarely,35 - 44,Current Employees,R&D,Life Sciences,STAFF-743,743,Female,Manufacturing Director,Single,Yes,Y,4,38,1,168,1,Bachelor's Degree,1,3,81,3,3,3,7861.00,15397.00,4,14,3,4,80,0,10,4,1,0,0,0
No,Non-Travel,35 - 44,Current Employees,R&D,Medical,STAFF-744,744,Male,Laboratory Technician,Single,No,Y,5,44,1,381,24,Bachelor's Degree,1,1,49,1,1,3,3708.00,2104.00,2,14,3,3,80,0,9,3,5,2,1,4
No,Travel_Frequently,45 - 54,Current Employees,Sales,Medical,STAFF-746,746,Female,Sales Executive,Divorced,Yes,Y,2,47,1,217,3,Bachelor's Degree,1,4,49,3,4,3,13770.00,10225.00,9,12,3,4,80,2,28,2,22,2,11,13
No,Travel_Rarely,25 - 34,Current Employees,Sales,Marketing,STAFF-747,747,Male,Sales Executive,Divorced,No,Y,2,30,1,501,27,Doctoral Degree,1,3,99,3,2,4,5304.00,25275.00,7,23,4,4,80,1,10,2,8,7,7,7
No,Travel_Rarely,25 - 34,Current Employees,Sales,Life Sciences,STAFF-749,749,Male,Sales Representative,Single,No,Y,6,29,1,1396,10,Bachelor's Degree,1,3,99,3,1,3,2642.00,2755.00,1,11,3,3,80,0,1,3,1,0,0,0
Yes,Travel_Frequently,35 - 44,Ex-Employees,R&D,Medical,STAFF-752,752,Male,Research Scientist,Divorced,Yes,Y,2,42,0,933,19,Bachelor's Degree,1,3,57,4,1,3,2759.00,20366.00,6,12,3,4,80,0,7,3,2,2,2,2
No,Travel_Frequently,35 - 44,Current Employees,Sales,Life Sciences,STAFF-754,754,Male,Sales Executive,Married,No,Y,5,43,1,775,15,Bachelor's Degree,1,4,47,2,2,4,6804.00,23683.00,3,18,3,3,80,1,7,3,2,2,2,2
No,Travel_Rarely,25 - 34,Current Employees,R&D,Medical,STAFF-757,757,Female,Healthcare Representative,Single,No,Y,2,34,1,970,8,Associates Degree,1,2,96,3,2,3,6142.00,7360.00,3,11,3,4,80,0,10,3,5,1,4,3
No,Travel_Rarely,Under 25,Current Employees,R&D,Medical,STAFF-758,758,Male,Laboratory Technician,Married,No,Y,2,23,1,650,9,High School,1,2,37,3,1,1,2500.00,4344.00,1,14,3,4,80,1,5,4,4,3,0,2
No,Travel_Rarely,35 - 44,Current Employees,HR,Human Resources,STAFF-760,760,Female,Human Resources,Married,No,Y,3,39,1,141,3,Bachelor's Degree,1,3,44,4,2,2,6389.00,18767.00,9,15,3,3,80,1,12,1,8,3,3,6
No,Travel_Rarely,Over 55,Current Employees,R&D,Medical,STAFF-762,762,Male,Healthcare Representative,Married,No,Y,1,56,1,832,9,Bachelor's Degree,1,3,81,3,4,4,11103.00,20420.00,7,11,3,3,80,0,30,2,10,7,1,1
No,Travel_Rarely,35 - 44,Current Employees,R&D,Medical,STAFF-763,763,Female,Research Scientist,Single,Yes,Y,2,40,1,804,2,High School,1,4,86,2,1,4,2342.00,22929.00,0,20,4,4,80,0,5,2,4,2,2,3
No,Travel_Rarely,25 - 34,Current Employees,R&D,Medical,STAFF-764,764,Female,Healthcare Representative,Single,No,Y,2,27,1,975,7,Bachelor's Degree,1,4,55,2,2,1,6811.00,23398.00,8,19,3,1,80,0,9,1,7,6,0,7
No,Travel_Rarely,25 - 34,Current Employees,Sales,Marketing,STAFF-766,766,Male,Sales Representative,Divorced,No,Y,2,29,1,1090,10,Bachelor's Degree,1,4,83,3,1,2,2297.00,17967.00,1,14,3,4,80,2,2,3,2,2,2,2
No,Travel_Rarely,45 - 54,Current Employees,R&D,Life Sciences,STAFF-769,769,Male,Laboratory Technician,Single,No,Y,4,53,1,346,6,Bachelor's Degree,1,4,86,3,2,4,2450.00,10919.00,2,17,3,4,80,0,19,3,2,2,2,2
No,Non-Travel,35 - 44,Current Employees,R&D,Life Sciences,STAFF-771,771,Female,Healthcare Representative,Divorced,No,Y,2,35,1,1225,2,Master's Degree,1,4,61,3,2,1,5093.00,4761.00,2,11,3,1,80,1,16,4,1,0,0,0
No,Travel_Frequently,25 - 34,Current Employees,R&D,Life Sciences,STAFF-772,772,Male,Laboratory Technician,Married,No,Y,2,32,1,430,24,Master's Degree,1,1,80,3,2,4,5309.00,21146.00,1,15,3,4,80,2,10,3,10,8,4,7
No,Travel_Rarely,35 - 44,Current Employees,R&D,Medical,STAFF-773,773,Male,Research Scientist,Married,Yes,Y,0,38,1,268,2,Doctoral Degree,1,4,92,3,1,3,3057.00,20471.00,6,13,3,2,80,1,6,1,1,0,0,1
No,Travel_Rarely,25 - 34,Current Employees,R&D,Life Sciences,STAFF-775,775,Female,Manufacturing Director,Divorced,No,Y,3,34,1,167,8,Doctoral Degree,1,2,32,3,2,1,5121.00,4187.00,3,14,3,3,80,1,7,3,0,0,0,0
No,Travel_Rarely,45 - 54,Current Employees,Sales,Marketing,STAFF-776,776,Male,Manager,Married,No,Y,3,52,1,621,3,Master's Degree,1,3,31,2,4,1,16856.00,10084.00,1,11,3,1,80,0,34,4,34,6,1,16
Yes,Travel_Rarely,25 - 34,Ex-Employees,R&D,Other,STAFF-780,780,Male,Research Scientist,Single,Yes,Y,2,33,0,527,1,Master's Degree,1,4,63,3,1,4,2686.00,5207.00,1,13,3,3,80,0,10,2,10,9,7,8
No,Travel_Rarely,25 - 34,Current Employees,Sales,Medical,STAFF-781,781,Female,Sales Executive,Single,No,Y,5,25,1,883,26,High School,1,3,32,3,2,4,6180.00,22807.00,1,23,4,2,80,0,6,2,6,5,1,4
No,Travel_Rarely,45 - 54,Current Employees,Sales,Technical Degree,STAFF-783,783,Male,Sales Representative,Single,No,Y,3,45,1,954,2,Associates Degree,1,2,46,1,2,3,6632.00,12388.00,0,13,3,1,80,0,9,3,8,7,3,1
No,Travel_Rarely,Under 25,Current Employees,R&D,Medical,STAFF-784,784,Male,Research Scientist,Single,No,Y,3,23,1,310,10,High School,1,1,79,4,1,3,3505.00,19630.00,1,18,3,4,80,0,2,3,2,2,0,2
Yes,Travel_Frequently,45 - 54,Ex-Employees,Sales,Life Sciences,STAFF-785,785,Female,Sales Executive,Single,Yes,Y,2,47,0,719,27,Associates Degree,1,2,77,4,2,3,6397.00,10339.00,4,12,3,4,80,0,8,3,5,4,1,3
No,Travel_Rarely,25 - 34,Current Employees,Sales,Other,STAFF-786,786,Male,Sales Executive,Single,No,Y,5,34,1,304,2,Bachelor's Degree,1,4,60,3,2,4,6274.00,18686.00,1,22,4,3,80,0,6,3,6,5,1,4
Yes,Travel_Rarely,Over 55,Ex-Employees,R&D,Medical,STAFF-787,787,Male,Manager,Married,Yes,Y,2,55,0,725,2,Bachelor's Degree,1,4,78,3,5,1,19859.00,21199.00,5,13,3,4,80,1,24,3,5,2,1,4
No,Non-Travel,35 - 44,Current Employees,Sales,Life Sciences,STAFF-789,789,Male,Sales Executive,Single,No,Y,1,36,1,1434,8,Master's Degree,1,1,76,2,3,1,7587.00,14229.00,1,15,3,2,80,0,10,3,10,7,0,9
No,Non-Travel,45 - 54,Current Employees,R&D,Medical,STAFF-791,791,Male,Research Scientist,Married,No,Y,3,52,1,715,19,Master's Degree,1,4,41,3,1,4,4258.00,26589.00,0,18,3,1,80,1,5,3,4,3,1,2
No,Travel_Frequently,25 - 34,Current Employees,R&D,Life Sciences,STAFF-792,792,Female,Laboratory Technician,Divorced,No,Y,2,26,1,575,1,Associates Degree,1,1,71,1,1,4,4364.00,5288.00,3,14,3,1,80,1,5,3,2,2,2,0
No,Travel_Rarely,25 - 34,Current Employees,R&D,Medical,STAFF-793,793,Female,Healthcare Representative,Married,No,Y,3,29,1,657,27,Bachelor's Degree,1,2,66,3,2,3,4335.00,25549.00,4,12,3,1,80,1,11,2,8,7,1,1
Yes,Travel_Rarely,25 - 34,Ex-Employees,Sales,Technical Degree,STAFF-796,796,Male,Sales Executive,Single,No,Y,2,26,0,1146,8,Bachelor's Degree,1,4,38,2,2,1,5326.00,3064.00,6,17,3,3,80,0,6,2,4,3,1,2
No,Travel_Rarely,25 - 34,Current Employees,R&D,Life Sciences,STAFF-797,797,Female,Research Scientist,Single,No,Y,2,34,1,182,1,Master's Degree,1,2,72,4,1,4,3280.00,13551.00,2,16,3,3,80,0,10,3,4,2,1,3
No,Travel_Rarely,45 - 54,Current Employees,R&D,Medical,STAFF-799,799,Female,Manufacturing Director,Divorced,Yes,Y,4,54,1,376,19,Master's Degree,1,4,95,3,2,1,5485.00,22670.00,9,11,3,2,80,2,9,3,5,3,1,4
No,Travel_Frequently,25 - 34,Current Employees,Sales,Marketing,STAFF-800,800,Male,Sales Executive,Married,No,Y,3,27,1,829,8,High School,1,3,84,3,2,4,4342.00,24008.00,0,19,3,2,80,1,5,3,4,2,1,1
No,Travel_Rarely,35 - 44,Current Employees,R&D,Life Sciences,STAFF-802,802,Female,Research Scientist,Divorced,Yes,Y,3,37,1,571,10,High School,1,4,82,3,1,1,2782.00,19905.00,0,13,3,2,80,2,6,2,5,3,4,3
No,Travel_Frequently,35 - 44,Current Employees,R&D,Life Sciences,STAFF-803,803,Female,Manufacturing Director,Single,Yes,Y,2,38,1,240,2,Master's Degree,1,1,75,4,2,1,5980.00,26085.00,6,12,3,4,80,0,17,3,15,7,4,12
No,Travel_Rarely,25 - 34,Current Employees,R&D,Medical,STAFF-804,804,Female,Research Scientist,Single,No,Y,3,34,1,121,2,Master's Degree,1,3,86,2,1,1,4381.00,7530.00,1,11,3,3,80,0,6,3,6,5,1,3
No,Travel_Rarely,35 - 44,Current Employees,Sales,Life Sciences,STAFF-805,805,Female,Sales Representative,Married,No,Y,1,35,1,384,8,Master's Degree,1,1,72,3,1,4,2572.00,20317.00,1,16,3,2,80,1,3,2,3,2,0,2
No,Travel_Rarely,25 - 34,Current Employees,R&D,Life Sciences,STAFF-806,806,Male,Laboratory Technician,Married,No,Y,2,30,1,921,1,Bachelor's Degree,1,4,38,1,1,3,3833.00,24375.00,3,21,4,3,80,2,7,3,2,2,0,2
No,Travel_Frequently,35 - 44,Current Employees,R&D,Medical,STAFF-807,807,Female,Healthcare Representative,Married,No,Y,2,40,1,791,2,Associates Degree,1,3,38,4,2,2,4244.00,9931.00,1,24,4,4,80,1,8,3,8,7,3,7
No,Travel_Rarely,25 - 34,Current Employees,Sales,Life Sciences,STAFF-808,808,Female,Sales Executive,Married,No,Y,1,34,1,1111,8,Associates Degree,1,3,93,3,2,1,6500.00,13305.00,5,17,3,2,80,1,6,3,3,2,1,2
No,Travel_Frequently,35 - 44,Current Employees,R&D,Life Sciences,STAFF-809,809,Male,Manager,Divorced,No,Y,4,42,1,570,8,Bachelor's Degree,1,2,66,3,5,4,18430.00,16225.00,1,13,3,2,80,1,24,2,24,7,14,9
Yes,Travel_Rarely,Under 25,Ex-Employees,R&D,Life Sciences,STAFF-811,811,Male,Laboratory Technician,Married,Yes,Y,2,23,0,1243,6,Bachelor's Degree,1,3,63,4,1,1,1601.00,3445.00,1,21,4,3,80,2,1,3,0,0,0,0
No,Non-Travel,Under 25,Current Employees,R&D,Life Sciences,STAFF-812,812,Male,Laboratory Technician,Divorced,No,Y,4,24,1,1092,9,Bachelor's Degree,1,3,60,2,1,2,2694.00,26551.00,1,11,3,3,80,3,1,3,1,0,0,0
No,Travel_Rarely,45 - 54,Current Employees,R&D,Life Sciences,STAFF-813,813,Female,Laboratory Technician,Married,No,Y,3,52,1,1325,11,Master's Degree,1,4,82,3,2,3,3149.00,21821.00,8,20,4,2,80,1,9,3,5,2,1,4
No,Travel_Rarely,45 - 54,Current Employees,R&D,Medical,STAFF-815,815,Male,Research Director,Married,No,Y,3,50,1,691,2,Bachelor's Degree,1,3,64,3,4,3,17639.00,6881.00,5,16,3,4,80,0,30,3,4,3,0,3
Yes,Travel_Rarely,25 - 34,Ex-Employees,R&D,Life Sciences,STAFF-816,816,Female,Laboratory Technician,Married,Yes,Y,1,29,0,805,1,Associates Degree,1,2,36,2,1,1,2319.00,6689.00,1,11,3,4,80,1,1,3,1,0,0,0
No,Travel_Rarely,25 - 34,Current Employees,R&D,Medical,STAFF-817,817,Male,Research Director,Married,No,Y,3,33,1,213,7,Bachelor's Degree,1,3,49,3,3,3,11691.00,25995.00,0,11,3,4,80,0,14,4,13,9,3,7
Yes,Travel_Rarely,25 - 34,Ex-Employees,Sales,Marketing,STAFF-819,819,Female,Sales Executive,Single,No,Y,3,33,0,118,16,Bachelor's Degree,1,1,69,3,2,1,5324.00,26507.00,5,15,3,3,80,0,6,3,3,2,0,2
No,Travel_Rarely,45 - 54,Current Employees,R&D,Other,STAFF-820,820,Female,Manager,Married,Yes,Y,3,47,1,202,2,Associates Degree,1,3,33,3,4,4,16752.00,12982.00,1,11,3,3,80,1,26,2,26,14,3,0
No,Travel_Rarely,35 - 44,Current Employees,R&D,Other,STAFF-823,823,Female,Manufacturing Director,Married,No,Y,2,36,1,676,1,Bachelor's Degree,1,3,35,3,2,2,5228.00,23361.00,0,15,3,1,80,1,10,3,9,7,0,5
No,Travel_Rarely,25 - 34,Current Employees,R&D,Life Sciences,STAFF-824,824,Male,Research Scientist,Married,No,Y,3,29,1,1252,23,Associates Degree,1,3,81,4,1,3,2700.00,23779.00,1,24,4,3,80,1,10,3,10,7,0,7
Yes,Travel_Rarely,Over 55,Ex-Employees,R&D,Life Sciences,STAFF-825,825,Male,Research Director,Single,Yes,Y,2,58,0,286,2,Master's Degree,1,4,31,3,5,2,19246.00,25761.00,7,12,3,4,80,0,40,3,31,15,13,8
No,Travel_Rarely,35 - 44,Current Employees,R&D,Life Sciences,STAFF-826,826,Female,Research Scientist,Single,No,Y,0,35,1,1258,1,Master's Degree,1,4,40,4,1,3,2506.00,13301.00,3,13,3,3,80,0,7,3,2,2,2,2
No,Travel_Rarely,35 - 44,Current Employees,R&D,Life Sciences,STAFF-827,827,Female,Manufacturing Director,Married,Yes,Y,4,42,1,932,1,Associates Degree,1,4,43,2,2,4,6062.00,4051.00,9,13,3,4,80,1,8,3,4,3,0,2
Yes,Travel_Rarely,25 - 34,Ex-Employees,R&D,Medical,STAFF-828,828,Male,Research Scientist,Single,No,Y,3,28,0,890,2,Master's Degree,1,3,46,3,1,3,4382.00,16374.00,6,17,3,4,80,0,5,2,2,2,2,1
No,Travel_Rarely,35 - 44,Current Employees,HR,Human Resources,STAFF-829,829,Male,Human Resources,Married,No,Y,2,36,1,1041,13,Bachelor's Degree,1,3,36,3,1,2,2143.00,25527.00,4,13,3,2,80,1,8,3,5,2,0,4
No,Travel_Rarely,25 - 34,Current Employees,R&D,Life Sciences,STAFF-830,830,Female,Manufacturing Director,Married,No,Y,3,32,1,859,4,Bachelor's Degree,1,3,98,2,2,3,6162.00,19124.00,1,12,3,3,80,1,14,3,14,13,6,8
No,Travel_Frequently,35 - 44,Current Employees,R&D,Medical,STAFF-832,832,Male,Laboratory Technician,Single,No,Y,6,40,1,720,16,Master's Degree,1,1,51,2,2,3,5094.00,11983.00,6,14,3,4,80,0,10,3,1,0,0,0
No,Travel_Rarely,25 - 34,Current Employees,R&D,Medical,STAFF-833,833,Female,Manufacturing Director,Single,Yes,Y,4,30,1,946,2,Bachelor's Degree,1,3,52,2,2,4,6877.00,20234.00,5,24,4,2,80,0,12,2,0,0,0,0
No,Travel_Rarely,45 - 54,Current Employees,R&D,Life Sciences,STAFF-834,834,Female,Research Scientist,Single,No,Y,3,45,1,252,2,Bachelor's Degree,1,2,95,2,1,3,2274.00,6153.00,1,14,3,4,80,0,1,3,1,0,0,0
No,Travel_Rarely,35 - 44,Current Employees,R&D,Life Sciences,STAFF-836,836,Male,Manufacturing Director,Married,No,Y,3,42,1,933,29,Bachelor's Degree,1,2,98,3,2,2,4434.00,11806.00,1,13,3,4,80,1,10,2,9,8,7,8
No,Travel_Frequently,35 - 44,Current Employees,R&D,Life Sciences,STAFF-837,837,Male,Healthcare Representative,Divorced,No,Y,3,38,1,471,12,Bachelor's Degree,1,1,45,2,2,1,6288.00,4284.00,2,15,3,3,80,1,13,2,4,3,1,2
No,Travel_Frequently,25 - 34,Current Employees,R&D,Life Sciences,STAFF-838,838,Female,Research Scientist,Single,No,Y,3,34,1,702,16,Master's Degree,1,3,100,2,1,4,2553.00,8306.00,1,16,3,3,80,0,6,3,5,2,1,3
Yes,Travel_Rarely,45 - 54,Ex-Employees,Sales,Marketing,STAFF-840,840,Female,Sales Executive,Married,No,Y,3,49,0,1184,11,Bachelor's Degree,1,3,43,3,3,4,7654.00,5860.00,1,18,3,1,80,2,9,4,9,8,7,7
Yes,Travel_Rarely,Over 55,Ex-Employees,Sales,Medical,STAFF-842,842,Male,Sales Executive,Single,No,Y,3,55,0,436,2,High School,1,3,37,3,2,4,5160.00,21519.00,4,16,3,3,80,0,12,2,9,7,7,3
No,Travel_Rarely,35 - 44,Current Employees,R&D,Life Sciences,STAFF-843,843,Male,Research Director,Married,No,Y,3,43,1,589,14,Associates Degree,1,2,94,3,4,1,17159.00,5200.00,6,24,4,3,80,1,22,3,4,1,1,0
No,Travel_Rarely,25 - 34,Current Employees,R&D,Technical Degree,STAFF-844,844,Male,Research Director,Divorced,Yes,Y,3,27,1,269,5,High School,1,3,42,2,3,4,12808.00,8842.00,1,16,3,2,80,1,9,3,9,8,0,8
No,Travel_Rarely,35 - 44,Current Employees,R&D,Other,STAFF-845,845,Male,Manufacturing Director,Single,No,Y,3,35,1,950,7,Bachelor's Degree,1,3,59,3,3,3,10221.00,18869.00,3,21,4,2,80,0,17,4,8,5,1,6
No,Travel_Rarely,25 - 34,Current Employees,Sales,Marketing,STAFF-846,846,Female,Sales Executive,Married,Yes,Y,2,28,1,760,2,Master's Degree,1,2,81,3,2,2,4779.00,3698.00,1,20,4,1,80,0,8,3,8,7,7,5
No,Travel_Rarely,25 - 34,Current Employees,HR,Human Resources,STAFF-847,847,Male,Human Resources,Married,No,Y,1,34,1,829,3,Associates Degree,1,3,88,3,1,4,3737.00,2243.00,0,19,3,3,80,1,4,1,3,2,0,2
Yes,Travel_Frequently,25 - 34,Ex-Employees,R&D,Medical,STAFF-848,848,Female,Research Scientist,Married,Yes,Y,2,26,0,887,5,Associates Degree,1,3,88,2,1,3,2366.00,20898.00,1,14,3,1,80,1,8,3,8,7,1,7
No,Non-Travel,25 - 34,Current Employees,R&D,Medical,STAFF-850,850,Male,Research Scientist,Married,No,Y,6,27,1,443,3,Bachelor's Degree,1,4,50,3,1,4,1706.00,16571.00,1,11,3,3,80,3,0,2,0,0,0,0
No,Travel_Rarely,45 - 54,Current Employees,Sales,Marketing,STAFF-851,851,Female,Manager,Married,No,Y,2,51,1,1318,26,Master's Degree,1,1,66,3,4,3,16307.00,5594.00,2,14,3,3,80,1,29,2,20,6,4,17
No,Travel_Rarely,35 - 44,Current Employees,R&D,Medical,STAFF-852,852,Male,Healthcare Representative,Single,No,Y,2,44,1,625,4,Bachelor's Degree,1,4,50,3,2,2,5933.00,5197.00,9,12,3,4,80,0,10,2,5,2,2,3
No,Travel_Rarely,25 - 34,Current Employees,R&D,Medical,STAFF-854,854,Male,Research Scientist,Single,No,Y,3,25,1,180,2,High School,1,1,65,4,1,1,3424.00,21632.00,7,13,3,3,80,0,6,2,4,3,0,1
No,Travel_Rarely,25 - 34,Current Employees,Sales,Medical,STAFF-855,855,Male,Sales Executive,Divorced,No,Y,5,33,1,586,1,Bachelor's Degree,1,1,48,4,2,1,4037.00,21816.00,1,22,4,1,80,1,9,3,9,8,0,8
No,Travel_Rarely,35 - 44,Current Employees,R&D,Medical,STAFF-856,856,Female,Research Scientist,Single,No,Y,3,35,1,1343,27,High School,1,3,53,2,1,1,2559.00,17852.00,1,11,3,4,80,0,6,2,6,5,1,1
No,Travel_Rarely,35 - 44,Current Employees,Sales,Life Sciences,STAFF-857,857,Male,Sales Executive,Married,Yes,Y,1,36,1,928,1,Associates Degree,1,2,56,3,2,4,6201.00,2823.00,1,14,3,4,80,1,18,2,18,14,4,11
No,Travel_Rarely,25 - 34,Current Employees,Sales,Life Sciences,STAFF-859,859,Male,Sales Executive,Divorced,No,Y,3,32,1,117,13,Master's Degree,1,2,73,3,2,4,4403.00,9250.00,2,11,3,3,80,1,8,2,5,2,0,3
No,Travel_Frequently,25 - 34,Current Employees,R&D,Life Sciences,STAFF-861,861,Male,Research Scientist,Divorced,No,Y,3,30,1,1012,5,Master's Degree,1,2,75,2,1,4,3761.00,2373.00,9,12,3,2,80,1,10,2,5,4,0,3
No,Travel_Rarely,45 - 54,Current Employees,Sales,Marketing,STAFF-862,862,Female,Sales Executive,Married,Yes,Y,3,53,1,661,7,Associates Degree,1,1,78,2,3,4,10934.00,20715.00,7,18,3,4,80,1,35,3,5,2,0,4
No,Travel_Rarely,45 - 54,Current Employees,Sales,Marketing,STAFF-864,864,Male,Sales Executive,Divorced,Yes,Y,2,45,1,930,9,Bachelor's Degree,1,4,74,3,3,1,10761.00,19239.00,4,12,3,3,80,1,18,3,5,4,0,2
No,Travel_Rarely,25 - 34,Current Employees,R&D,Medical,STAFF-865,865,Female,Research Scientist,Married,No,Y,3,32,1,638,8,Associates Degree,1,3,91,4,2,3,5175.00,22162.00,5,12,3,3,80,1,9,2,5,3,1,3
No,Travel_Frequently,45 - 54,Current Employees,R&D,Medical,STAFF-867,867,Female,Manufacturing Director,Married,No,Y,3,52,1,890,25,Master's Degree,1,3,81,2,4,4,13826.00,19028.00,3,22,4,3,80,0,31,3,9,8,0,0
No,Travel_Rarely,35 - 44,Current Employees,Sales,Marketing,STAFF-868,868,Male,Sales Executive,Divorced,No,Y,2,37,1,342,16,Master's Degree,1,4,66,2,2,3,6334.00,24558.00,4,19,3,4,80,2,9,3,1,0,0,0
No,Travel_Rarely,25 - 34,Current Employees,HR,Medical,STAFF-869,869,Male,Human Resources,Divorced,No,Y,6,28,1,1169,8,Associates Degree,1,2,63,2,1,4,4936.00,23965.00,1,13,3,4,80,1,6,3,5,1,0,4
No,Travel_Rarely,Under 25,Current Employees,R&D,Life Sciences,STAFF-872,872,Male,Manufacturing Director,Married,No,Y,2,22,1,1230,1,Associates Degree,1,4,33,2,2,4,4775.00,19146.00,6,22,4,1,80,2,4,1,2,2,2,2
No,Travel_Rarely,35 - 44,Current Employees,R&D,Life Sciences,STAFF-874,874,Male,Laboratory Technician,Married,Yes,Y,2,44,1,986,8,Master's Degree,1,1,62,4,1,4,2818.00,5044.00,2,24,4,3,80,1,10,2,3,2,0,2
No,Travel_Frequently,35 - 44,Current Employees,R&D,Medical,STAFF-875,875,Male,Research Scientist,Single,Yes,Y,2,42,1,1271,2,High School,1,2,35,3,1,4,2515.00,9068.00,5,14,3,4,80,0,8,3,2,1,2,2
No,Travel_Rarely,35 - 44,Current Employees,HR,Life Sciences,STAFF-878,878,Male,Human Resources,Married,No,Y,3,36,1,1278,8,Bachelor's Degree,1,1,77,2,1,1,2342.00,8635.00,0,21,4,3,80,0,6,3,5,4,0,3
No,Travel_Rarely,25 - 34,Current Employees,Sales,Other,STAFF-879,879,Male,Sales Executive,Married,Yes,Y,3,25,1,141,3,High School,1,3,98,3,2,1,4194.00,14363.00,1,18,3,4,80,0,5,3,5,3,0,3
No,Travel_Rarely,35 - 44,Current Employees,R&D,Life Sciences,STAFF-880,880,Female,Manufacturing Director,Married,Yes,Y,2,35,1,607,9,Bachelor's Degree,1,4,66,2,3,3,10685.00,23457.00,1,20,4,2,80,1,17,3,17,14,5,15
Yes,Travel_Frequently,35 - 44,Ex-Employees,R&D,Life Sciences,STAFF-881,881,Female,Research Scientist,Divorced,Yes,Y,3,35,0,130,25,Master's Degree,1,4,96,3,1,2,2022.00,16612.00,1,19,3,1,80,1,10,2,10,2,7,8
No,Non-Travel,25 - 34,Current Employees,R&D,Life Sciences,STAFF-882,882,Male,Laboratory Technician,Divorced,No,Y,2,32,1,300,1,Bachelor's Degree,1,4,61,3,1,4,2314.00,9148.00,0,12,3,2,80,1,4,3,3,0,0,2
No,Travel_Rarely,25 - 34,Current Employees,Sales,Marketing,STAFF-885,885,Male,Sales Executive,Married,No,Y,1,25,1,583,4,High School,1,3,87,2,2,1,4256.00,18154.00,1,12,3,1,80,0,5,4,5,2,0,3
No,Travel_Rarely,45 - 54,Current Employees,R&D,Technical Degree,STAFF-887,887,Female,Research Scientist,Married,No,Y,2,49,1,1418,1,Bachelor's Degree,1,3,36,3,1,1,3580.00,10554.00,2,16,3,2,80,1,7,3,4,2,0,2
No,Non-Travel,Under 25,Current Employees,R&D,Life Sciences,STAFF-888,888,Male,Laboratory Technician,Married,No,Y,2,24,1,1269,4,High School,1,1,46,2,1,4,3162.00,10778.00,0,17,3,4,80,0,6,2,5,2,3,4
No,Travel_Frequently,25 - 34,Current Employees,Sales,Life Sciences,STAFF-889,889,Male,Sales Executive,Married,No,Y,3,32,1,379,5,Associates Degree,1,2,48,3,2,2,6524.00,8891.00,1,14,3,4,80,1,10,3,10,8,5,3
No,Travel_Rarely,35 - 44,Current Employees,Sales,Marketing,STAFF-893,893,Male,Sales Representative,Married,No,Y,3,38,1,395,9,Bachelor's Degree,1,2,98,2,1,2,2899.00,12102.00,0,19,3,4,80,1,3,3,2,2,1,2
No,Travel_Rarely,35 - 44,Current Employees,R&D,Life Sciences,STAFF-894,894,Female,Laboratory Technician,Married,Yes,Y,1,42,1,1265,3,Bachelor's Degree,1,3,95,4,2,4,5231.00,23726.00,2,13,3,2,80,1,17,2,5,3,1,3
No,Travel_Rarely,25 - 34,Current Employees,R&D,Life Sciences,STAFF-895,895,Male,Research Scientist,Married,Yes,Y,2,31,1,1222,11,Master's Degree,1,4,48,3,1,4,2356.00,14871.00,3,19,3,2,80,1,8,3,6,4,0,2
Yes,Travel_Rarely,25 - 34,Ex-Employees,Sales,Medical,STAFF-896,896,Female,Sales Representative,Divorced,Yes,Y,3,29,0,341,1,Bachelor's Degree,1,2,48,2,1,3,2800.00,23522.00,6,19,3,3,80,3,5,3,3,2,0,2
No,Travel_Rarely,45 - 54,Current Employees,Sales,Marketing,STAFF-897,897,Male,Sales Executive,Married,No,Y,3,53,1,868,8,Bachelor's Degree,1,1,73,3,4,4,11836.00,22789.00,5,14,3,3,80,1,28,3,2,0,2,2
No,Travel_Rarely,35 - 44,Current Employees,R&D,Technical Degree,STAFF-899,899,Male,Manufacturing Director,Married,No,Y,2,35,1,672,25,Bachelor's Degree,1,4,78,2,3,2,10903.00,9129.00,3,16,3,1,80,0,16,3,13,10,4,8
No,Travel_Frequently,35 - 44,Current Employees,Sales,Medical,STAFF-900,900,Female,Sales Representative,Married,No,Y,3,37,1,1231,21,Associates Degree,1,3,54,3,1,4,2973.00,21222.00,5,15,3,2,80,1,10,3,5,4,0,0
No,Travel_Rarely,45 - 54,Current Employees,R&D,Life Sciences,STAFF-901,901,Female,Research Director,Single,No,Y,0,53,1,102,23,Master's Degree,1,4,72,3,4,4,14275.00,20206.00,6,18,3,3,80,0,33,3,12,9,3,8
No,Travel_Frequently,35 - 44,Current Employees,R&D,Life Sciences,STAFF-902,902,Female,Healthcare Representative,Married,No,Y,2,43,1,422,1,Bachelor's Degree,1,4,33,3,2,4,5562.00,21782.00,4,13,3,2,80,1,12,2,5,2,2,2
No,Travel_Rarely,45 - 54,Current Employees,Sales,Marketing,STAFF-903,903,Female,Sales Executive,Married,Yes,Y,2,47,1,249,2,Associates Degree,1,3,35,3,2,4,4537.00,17783.00,0,22,4,1,80,1,8,3,7,6,7,7
No,Non-Travel,35 - 44,Current Employees,Sales,Medical,STAFF-904,904,Male,Sales Executive,Single,Yes,Y,2,37,1,1252,19,Associates Degree,1,1,32,3,3,2,7642.00,4814.00,1,13,3,4,80,0,10,3,10,0,0,9
No,Non-Travel,45 - 54,Current Employees,R&D,Life Sciences,STAFF-905,905,Male,Manager,Divorced,No,Y,3,50,1,881,2,Master's Degree,1,1,98,3,4,1,17924.00,4544.00,1,11,3,4,80,1,31,3,31,6,14,7
No,Travel_Rarely,35 - 44,Current Employees,HR,Life Sciences,STAFF-909,909,Female,Human Resources,Married,No,Y,2,39,1,1383,2,Bachelor's Degree,1,4,42,2,2,4,5204.00,7790.00,8,11,3,3,80,2,13,3,5,4,0,4
No,Travel_Rarely,25 - 34,Current Employees,HR,Human Resources,STAFF-910,910,Male,Human Resources,Divorced,Yes,Y,4,33,1,1075,3,Associates Degree,1,4,57,3,1,2,2277.00,22650.00,3,11,3,3,80,1,7,4,4,3,0,3
Yes,Travel_Rarely,25 - 34,Ex-Employees,R&D,Life Sciences,STAFF-911,911,Male,Laboratory Technician,Single,Yes,Y,2,32,0,374,25,Master's Degree,1,1,87,3,1,4,2795.00,18016.00,1,24,4,3,80,0,1,1,1,0,0,1
No,Travel_Rarely,25 - 34,Current Employees,R&D,Medical,STAFF-912,912,Female,Laboratory Technician,Divorced,No,Y,5,29,1,1086,7,High School,1,1,62,2,1,4,2532.00,6054.00,6,14,3,3,80,3,8,3,4,3,0,3
No,Travel_Rarely,35 - 44,Current Employees,R&D,Life Sciences,STAFF-913,913,Male,Research Scientist,Married,Yes,Y,0,44,1,661,9,Associates Degree,1,2,61,3,1,1,2559.00,7508.00,1,13,3,4,80,0,8,3,8,7,7,1
No,Travel_Rarely,25 - 34,Current Employees,Sales,Medical,STAFF-916,916,Male,Sales Executive,Single,No,Y,3,28,1,821,5,Master's Degree,1,1,98,3,2,4,4908.00,24252.00,1,14,3,2,80,0,4,3,4,2,0,2
Yes,Travel_Frequently,Over 55,Ex-Employees,R&D,Life Sciences,STAFF-918,918,Male,Laboratory Technician,Divorced,Yes,Y,3,58,0,781,2,High School,1,4,57,2,1,4,2380.00,13384.00,9,14,3,4,80,1,3,2,1,0,0,0
No,Travel_Rarely,35 - 44,Current Employees,R&D,Life Sciences,STAFF-920,920,Female,Manufacturing Director,Divorced,No,Y,2,43,1,177,8,Bachelor's Degree,1,1,55,3,2,2,4765.00,23814.00,4,21,4,3,80,1,4,4,1,0,0,0
Yes,Travel_Rarely,Under 25,Ex-Employees,Sales,Medical,STAFF-922,922,Female,Sales Representative,Single,No,Y,3,20,0,500,2,Bachelor's Degree,1,3,49,2,1,3,2044.00,22052.00,1,13,3,4,80,0,2,2,2,2,0,2
Yes,Travel_Rarely,Under 25,Ex-Employees,R&D,Other,STAFF-923,923,Female,Research Scientist,Single,No,Y,3,21,0,1427,18,High School,1,4,65,3,1,4,2693.00,8870.00,1,19,3,1,80,0,1,2,1,0,0,0
No,Travel_Rarely,35 - 44,Current Employees,R&D,Life Sciences,STAFF-924,924,Male,Healthcare Representative,Married,Yes,Y,2,36,1,1425,14,High School,1,3,68,3,2,4,6586.00,4821.00,0,17,3,1,80,1,17,2,16,8,4,11
No,Travel_Rarely,45 - 54,Current Employees,Sales,Life Sciences,STAFF-925,925,Female,Sales Representative,Single,Yes,Y,3,47,1,1454,2,Master's Degree,1,4,65,2,1,4,3294.00,13137.00,1,18,3,1,80,0,3,2,3,2,1,2
Yes,Travel_Rarely,Under 25,Ex-Employees,R&D,Life Sciences,STAFF-926,926,Female,Manufacturing Director,Married,Yes,Y,3,22,0,617,3,High School,1,2,34,3,2,3,4171.00,10022.00,0,19,3,1,80,1,4,4,3,2,0,2
Yes,Travel_Rarely,35 - 44,Ex-Employees,R&D,Life Sciences,STAFF-927,927,Female,Laboratory Technician,Divorced,Yes,Y,1,41,0,1085,2,Master's Degree,1,2,57,1,1,4,2778.00,17725.00,4,13,3,3,80,1,10,2,7,7,1,0
No,Travel_Rarely,25 - 34,Current Employees,R&D,Medical,STAFF-930,930,Female,Research Scientist,Divorced,No,Y,2,28,1,995,9,Bachelor's Degree,1,3,77,3,1,3,2377.00,9834.00,5,18,3,2,80,1,6,3,2,2,2,2
Yes,Travel_Rarely,35 - 44,Ex-Employees,R&D,Medical,STAFF-932,932,Male,Laboratory Technician,Married,Yes,Y,2,39,0,1122,6,Bachelor's Degree,1,4,70,3,1,1,2404.00,4303.00,7,21,4,4,80,0,8,1,2,2,2,2
No,Travel_Rarely,25 - 34,Current Employees,R&D,Life Sciences,STAFF-933,933,Female,Research Scientist,Single,No,Y,2,27,1,618,4,Bachelor's Degree,1,2,76,3,1,3,2318.00,17808.00,1,19,3,3,80,0,1,3,1,1,0,0
No,Travel_Rarely,25 - 34,Current Employees,R&D,Life Sciences,STAFF-934,934,Male,Laboratory Technician,Divorced,No,Y,3,34,1,546,10,Bachelor's Degree,1,2,83,3,1,2,2008.00,6896.00,1,14,3,2,80,2,1,3,1,0,1,0
No,Travel_Rarely,35 - 44,Current Employees,Sales,Medical,STAFF-936,936,Female,Sales Executive,Single,No,Y,6,42,1,462,14,Associates Degree,1,3,68,2,2,3,6244.00,7824.00,7,17,3,1,80,0,10,3,5,4,0,3
No,Travel_Rarely,25 - 34,Current Employees,R&D,Other,STAFF-939,939,Male,Research Scientist,Single,Yes,Y,1,33,1,1198,1,Master's Degree,1,3,100,2,1,1,2799.00,3339.00,3,11,3,2,80,0,6,3,3,2,0,2
No,Travel_Rarely,Over 55,Current Employees,R&D,Technical Degree,STAFF-940,940,Female,Healthcare Representative,Divorced,Yes,Y,3,58,1,1272,5,Bachelor's Degree,1,3,37,2,3,2,10552.00,9255.00,2,13,3,4,80,1,24,3,6,0,0,4
No,Travel_Rarely,25 - 34,Current Employees,Sales,Life Sciences,STAFF-941,941,Male,Sales Representative,Married,No,Y,2,31,1,154,7,Master's Degree,1,2,41,2,1,3,2329.00,11737.00,3,15,3,2,80,0,13,4,7,7,5,2
No,Travel_Rarely,35 - 44,Current Employees,R&D,Life Sciences,STAFF-942,942,Female,Healthcare Representative,Married,Yes,Y,2,35,1,1137,21,High School,1,4,51,3,2,4,4014.00,19170.00,1,25,4,4,80,1,10,1,10,6,0,7
No,Travel_Rarely,45 - 54,Current Employees,R&D,Other,STAFF-944,944,Female,Laboratory Technician,Married,No,Y,3,49,1,527,8,Associates Degree,1,1,51,3,3,2,7403.00,22477.00,4,11,3,3,80,1,29,2,26,9,1,7
No,Travel_Rarely,45 - 54,Current Employees,R&D,Medical,STAFF-945,945,Male,Research Scientist,Married,No,Y,2,48,1,1469,20,Master's Degree,1,4,51,3,1,3,2259.00,5543.00,4,17,3,1,80,2,13,2,0,0,0,0
No,Non-Travel,25 - 34,Current Employees,Sales,Marketing,STAFF-947,947,Female,Sales Executive,Married,No,Y,2,31,1,1188,20,Associates Degree,1,4,45,3,2,3,6932.00,24406.00,1,13,3,4,80,1,9,2,9,8,0,0
No,Travel_Rarely,35 - 44,Current Employees,R&D,Other,STAFF-949,949,Male,Research Scientist,Single,No,Y,6,36,1,188,7,Master's Degree,1,2,65,3,1,4,4678.00,23293.00,2,18,3,3,80,0,8,3,6,2,0,1
No,Travel_Rarely,35 - 44,Current Employees,R&D,Technical Degree,STAFF-950,950,Female,Research Director,Married,No,Y,3,38,1,1333,1,Bachelor's Degree,1,4,80,3,3,1,13582.00,16292.00,1,13,3,2,80,1,15,3,15,12,5,11
No,Non-Travel,25 - 34,Current Employees,R&D,Life Sciences,STAFF-951,951,Female,Laboratory Technician,Married,No,Y,3,32,1,1184,1,Bachelor's Degree,1,3,70,2,1,2,2332.00,3974.00,6,20,4,3,80,0,5,3,3,0,0,2
Yes,Travel_Rarely,25 - 34,Ex-Employees,Sales,Marketing,STAFF-952,952,Male,Sales Representative,Married,Yes,Y,2,25,0,867,19,Associates Degree,1,3,36,2,1,2,2413.00,18798.00,1,18,3,3,80,3,1,3,1,0,0,0
No,Travel_Rarely,35 - 44,Current Employees,Sales,Marketing,STAFF-954,954,Male,Sales Executive,Divorced,No,Y,2,40,1,658,10,Master's Degree,1,1,67,2,3,2,9705.00,20652.00,2,12,3,2,80,1,11,2,1,0,0,0
No,Travel_Frequently,25 - 34,Current Employees,Sales,Medical,STAFF-956,956,Male,Sales Executive,Single,No,Y,2,26,1,1283,1,Bachelor's Degree,1,3,52,2,2,1,4294.00,11148.00,1,12,3,2,80,0,7,3,7,7,0,7
No,Travel_Rarely,35 - 44,Current Employees,R&D,Medical,STAFF-957,957,Male,Laboratory Technician,Single,Yes,Y,3,41,1,263,6,Bachelor's Degree,1,4,59,3,1,1,4721.00,3119.00,2,13,3,3,80,0,20,3,18,13,2,17
No,Travel_Rarely,35 - 44,Current Employees,R&D,Medical,STAFF-958,958,Male,Laboratory Technician,Single,No,Y,6,36,1,938,2,Master's Degree,1,3,79,3,1,3,2519.00,12287.00,4,21,4,3,80,0,16,3,11,8,3,9
Yes,Travel_Rarely,Under 25,Ex-Employees,Sales,Other,STAFF-959,959,Male,Sales Representative,Single,Yes,Y,3,19,0,419,21,Bachelor's Degree,1,4,37,2,1,2,2121.00,9947.00,1,13,3,2,80,0,1,4,1,0,0,0
Yes,Travel_Rarely,Under 25,Ex-Employees,R&D,Technical Degree,STAFF-960,960,Male,Laboratory Technician,Single,No,Y,2,20,0,129,4,Bachelor's Degree,1,1,84,3,1,1,2973.00,13008.00,1,19,3,2,80,0,1,3,1,0,0,0
No,Travel_Rarely,25 - 34,Current Employees,R&D,Medical,STAFF-961,961,Female,Healthcare Representative,Married,Yes,Y,2,31,1,616,12,Bachelor's Degree,1,4,41,3,2,4,5855.00,17369.00,0,11,3,3,80,2,10,1,9,7,8,5
No,Travel_Frequently,35 - 44,Current Employees,R&D,Medical,STAFF-964,964,Male,Research Scientist,Divorced,Yes,Y,2,40,1,1469,9,Master's Degree,1,4,35,3,1,2,3617.00,25063.00,8,14,3,4,80,1,3,3,1,1,0,0
No,Travel_Rarely,25 - 34,Current Employees,R&D,Medical,STAFF-966,966,Female,Manufacturing Director,Married,No,Y,2,32,1,498,3,Master's Degree,1,3,93,3,2,1,6725.00,13554.00,1,12,3,3,80,1,8,4,8,7,6,3
Yes,Travel_Rarely,35 - 44,Ex-Employees,Sales,Life Sciences,STAFF-967,967,Male,Sales Executive,Married,Yes,Y,6,36,0,530,3,High School,1,3,51,2,3,4,10325.00,5518.00,1,11,3,1,80,1,16,3,16,7,3,7
No,Travel_Rarely,25 - 34,Current Employees,R&D,Life Sciences,STAFF-969,969,Female,Healthcare Representative,Single,No,Y,3,33,1,1069,1,Bachelor's Degree,1,2,42,2,2,4,6949.00,12291.00,0,14,3,1,80,0,6,3,5,0,1,4
Yes,Travel_Rarely,35 - 44,Ex-Employees,Sales,Life Sciences,STAFF-970,970,Male,Sales Executive,Married,No,Y,2,37,0,625,1,Master's Degree,1,1,46,2,3,3,10609.00,14922.00,5,11,3,3,80,0,17,1,14,1,11,7
No,Non-Travel,45 - 54,Current Employees,R&D,Life Sciences,STAFF-972,972,Male,Laboratory Technician,Married,No,Y,5,45,1,805,4,Associates Degree,1,3,57,3,2,2,4447.00,23163.00,1,12,3,2,80,0,9,2,9,7,0,8
No,Travel_Frequently,25 - 34,Current Employees,Sales,Technical Degree,STAFF-974,974,Female,Sales Representative,Married,No,Y,5,29,1,1404,20,Bachelor's Degree,1,3,84,3,1,4,2157.00,18203.00,1,15,3,2,80,1,3,3,3,1,0,2
No,Travel_Rarely,35 - 44,Current Employees,Sales,Medical,STAFF-975,975,Female,Sales Executive,Married,No,Y,3,35,1,1219,18,Bachelor's Degree,1,3,86,3,2,3,4601.00,6179.00,1,16,3,2,80,0,5,3,5,2,1,0
No,Travel_Rarely,45 - 54,Current Employees,R&D,Life Sciences,STAFF-976,976,Male,Manager,Married,No,Y,2,52,1,1053,1,Associates Degree,1,4,70,3,4,4,17099.00,13829.00,2,15,3,2,80,1,26,2,9,8,7,8
Yes,Travel_Rarely,Over 55,Ex-Employees,R&D,Technical Degree,STAFF-977,977,Male,Research Scientist,Single,No,Y,4,58,0,289,2,Bachelor's Degree,1,4,51,3,1,3,2479.00,26227.00,4,24,4,1,80,0,7,3,1,0,0,0
No,Travel_Rarely,45 - 54,Current Employees,Sales,Medical,STAFF-981,981,Male,Manager,Divorced,No,Y,3,53,1,1376,2,Associates Degree,1,3,45,3,4,3,14852.00,13938.00,6,13,3,3,80,1,22,4,17,13,15,2
No,Travel_Rarely,25 - 34,Current Employees,Sales,Other,STAFF-982,982,Male,Sales Executive,Divorced,No,Y,2,30,1,231,8,Associates Degree,1,3,62,3,3,3,7264.00,9977.00,5,11,3,1,80,1,10,4,8,4,7,7
No,Non-Travel,35 - 44,Current Employees,Sales,Technical Degree,STAFF-983,983,Female,Sales Executive,Single,Yes,Y,1,38,1,152,10,Bachelor's Degree,1,3,85,3,2,4,5666.00,19899.00,1,13,3,2,80,0,6,3,5,3,1,3
No,Travel_Rarely,35 - 44,Current Employees,Sales,Life Sciences,STAFF-984,984,Male,Sales Executive,Divorced,No,Y,2,35,1,882,3,Master's Degree,1,4,92,3,3,4,7823.00,6812.00,6,13,3,2,80,1,12,3,10,9,0,8
No,Travel_Rarely,35 - 44,Current Employees,Sales,Life Sciences,STAFF-985,985,Male,Sales Executive,Single,No,Y,3,39,1,903,2,Doctoral Degree,1,1,41,4,3,3,7880.00,2560.00,0,18,3,4,80,0,9,3,8,7,0,7
Yes,Non-Travel,35 - 44,Ex-Employees,Sales,Life Sciences,STAFF-986,986,Female,Sales Executive,Single,Yes,Y,2,40,0,1479,24,Bachelor's Degree,1,2,100,4,4,2,13194.00,17071.00,4,16,3,4,80,0,22,2,1,0,0,0
No,Travel_Frequently,45 - 54,Current Employees,R&D,Medical,STAFF-987,987,Male,Manufacturing Director,Divorced,Yes,Y,3,47,1,1379,16,Master's Degree,1,3,64,4,2,3,5067.00,6759.00,1,19,3,3,80,0,20,4,19,10,2,7
No,Non-Travel,35 - 44,Current Employees,Sales,Technical Degree,STAFF-990,990,Male,Sales Executive,Divorced,No,Y,3,36,1,1229,8,Master's Degree,1,1,84,3,2,4,5079.00,25952.00,4,13,3,4,80,2,12,3,7,7,0,7
Yes,Non-Travel,25 - 34,Ex-Employees,R&D,Medical,STAFF-991,991,Male,Research Scientist,Single,Yes,Y,0,31,0,335,9,Associates Degree,1,3,46,2,1,1,2321.00,10322.00,0,22,4,1,80,0,4,3,3,2,1,2
No,Non-Travel,25 - 34,Current Employees,Sales,Life Sciences,STAFF-992,992,Male,Manager,Single,No,Y,2,33,1,722,17,Bachelor's Degree,1,4,38,3,4,3,17444.00,20489.00,1,11,3,4,80,0,10,3,10,8,6,0
Yes,Travel_Rarely,25 - 34,Ex-Employees,R&D,Life Sciences,STAFF-994,994,Female,Research Scientist,Single,Yes,Y,5,29,0,906,10,Bachelor's Degree,1,4,92,2,1,1,2404.00,11479.00,6,20,4,3,80,0,3,3,0,0,0,0
No,Travel_Rarely,25 - 34,Current Employees,R&D,Life Sciences,STAFF-995,995,Female,Research Scientist,Single,No,Y,4,33,1,461,13,High School,1,2,53,3,1,4,3452.00,17241.00,3,18,3,1,80,0,5,3,3,2,0,2
No,Travel_Rarely,45 - 54,Current Employees,R&D,Medical,STAFF-996,996,Female,Laboratory Technician,Divorced,No,Y,2,45,1,974,1,Master's Degree,1,4,91,3,1,4,2270.00,11005.00,3,14,3,4,80,2,8,3,5,3,0,2
No,Travel_Rarely,45 - 54,Current Employees,R&D,Medical,STAFF-997,997,Male,Research Director,Divorced,No,Y,1,50,1,1126,1,Associates Degree,1,4,66,3,4,4,17399.00,6615.00,9,22,4,3,80,1,32,2,5,4,1,3
No,Travel_Frequently,25 - 34,Current Employees,R&D,Other,STAFF-998,998,Female,Healthcare Representative,Married,Yes,Y,2,33,1,827,1,Master's Degree,1,3,84,4,2,2,5488.00,20161.00,1,13,3,1,80,1,6,3,6,5,1,2
No,Travel_Frequently,35 - 44,Current Employees,R&D,Medical,STAFF-999,999,Male,Research Director,Divorced,No,Y,2,41,1,840,9,Bachelor's Degree,1,1,64,3,5,3,19419.00,3735.00,2,17,3,2,80,1,21,4,18,16,0,11
No,Travel_Rarely,25 - 34,Current Employees,R&D,Technical Degree,STAFF-1001,1001,Female,Laboratory Technician,Married,No,Y,2,27,1,1134,16,Master's Degree,1,3,37,3,1,2,2811.00,12086.00,9,14,3,2,80,1,4,3,2,2,2,2
No,Non-Travel,45 - 54,Current Employees,R&D,Life Sciences,STAFF-1002,1002,Male,Laboratory Technician,Married,Yes,Y,2,45,1,248,23,Associates Degree,1,4,42,3,2,1,3633.00,14039.00,1,15,3,3,80,1,9,3,9,8,0,8
No,Travel_Rarely,45 - 54,Current Employees,Sales,Life Sciences,STAFF-1003,1003,Female,Sales Executive,Single,Yes,Y,0,47,1,955,4,Associates Degree,1,4,83,3,2,4,4163.00,8571.00,1,17,3,3,80,0,9,3,9,0,0,7
Yes,Travel_Rarely,25 - 34,Ex-Employees,R&D,Life Sciences,STAFF-1004,1004,Female,Research Scientist,Married,Yes,Y,2,30,0,138,22,Bachelor's Degree,1,1,48,3,1,3,2132.00,11539.00,4,11,3,2,80,0,7,3,5,2,0,1
No,Travel_Rarely,45 - 54,Current Employees,R&D,Life Sciences,STAFF-1005,1005,Male,Manufacturing Director,Married,Yes,Y,2,50,1,939,24,Bachelor's Degree,1,4,95,3,4,3,13973.00,4161.00,3,18,3,4,80,1,22,3,12,11,1,5
No,Travel_Frequently,35 - 44,Current Employees,R&D,Medical,STAFF-1006,1006,Male,Research Scientist,Married,No,Y,0,38,1,1391,10,High School,1,3,66,3,1,3,2684.00,12127.00,0,17,3,2,80,1,3,2,2,1,0,2
No,Travel_Rarely,45 - 54,Current Employees,R&D,Medical,STAFF-1007,1007,Male,Manufacturing Director,Divorced,No,Y,3,46,1,566,7,Associates Degree,1,4,75,3,3,3,10845.00,24208.00,6,13,3,2,80,1,13,3,8,7,0,7
No,Travel_Rarely,Under 25,Current Employees,R&D,Medical,STAFF-1009,1009,Female,Manufacturing Director,Divorced,No,Y,6,24,1,1206,17,High School,1,4,41,2,2,3,4377.00,24117.00,1,15,3,2,80,2,5,3,4,2,3,2
Yes,Travel_Rarely,35 - 44,Ex-Employees,R&D,Other,STAFF-1010,1010,Male,Laboratory Technician,Divorced,Yes,Y,2,35,0,622,14,Master's Degree,1,3,39,2,1,2,3743.00,10074.00,1,24,4,4,80,1,5,1,4,2,0,2
No,Travel_Frequently,25 - 34,Current Employees,R&D,Life Sciences,STAFF-1011,1011,Female,Manufacturing Director,Married,No,Y,1,31,1,853,1,High School,1,3,96,3,2,1,4148.00,11275.00,1,12,3,3,80,1,4,3,4,3,0,3
No,Non-Travel,Under 25,Current Employees,R&D,Life Sciences,STAFF-1012,1012,Male,Research Scientist,Single,No,Y,2,18,1,287,5,Associates Degree,1,2,73,3,1,4,1051.00,13493.00,1,15,3,4,80,0,0,3,0,0,0,0
No,Travel_Rarely,45 - 54,Current Employees,R&D,Technical Degree,STAFF-1013,1013,Female,Manufacturing Director,Married,No,Y,2,54,1,1441,17,Bachelor's Degree,1,3,56,3,3,3,10739.00,13943.00,8,11,3,3,80,1,22,3,10,7,0,8
No,Travel_Rarely,35 - 44,Current Employees,R&D,Medical,STAFF-1014,1014,Female,Healthcare Representative,Divorced,Yes,Y,3,35,1,583,25,Master's Degree,1,3,57,3,3,3,10388.00,6975.00,1,11,3,3,80,1,16,2,16,10,10,1
No,Travel_Rarely,25 - 34,Current Employees,R&D,Life Sciences,STAFF-1015,1015,Female,Research Director,Married,Yes,Y,4,30,1,153,8,Associates Degree,1,2,73,4,3,1,11416.00,17802.00,0,12,3,3,80,3,9,2,8,7,1,7
Yes,Travel_Rarely,Under 25,Ex-Employees,R&D,Medical,STAFF-1016,1016,Female,Research Scientist,Single,Yes,Y,2,20,0,1097,11,Bachelor's Degree,1,4,98,2,1,1,2600.00,18275.00,1,15,3,1,80,0,1,3,1,0,0,0
Yes,Travel_Frequently,25 - 34,Ex-Employees,R&D,Medical,STAFF-1017,1017,Female,Laboratory Technician,Single,No,Y,3,30,0,109,5,Bachelor's Degree,1,2,60,3,1,2,2422.00,25725.00,0,17,3,1,80,0,4,3,3,2,1,2
No,Travel_Rarely,25 - 34,Current Employees,R&D,Medical,STAFF-1018,1018,Male,Manufacturing Director,Married,No,Y,2,26,1,1066,2,Associates Degree,1,4,32,4,2,4,5472.00,3334.00,1,12,3,2,80,0,8,3,8,7,1,3
No,Travel_Rarely,Under 25,Current Employees,R&D,Life Sciences,STAFF-1019,1019,Male,Laboratory Technician,Married,No,Y,3,22,1,217,8,High School,1,2,94,1,1,1,2451.00,6881.00,1,15,3,1,80,1,4,2,4,3,1,1
No,Travel_Rarely,45 - 54,Current Employees,R&D,Life Sciences,STAFF-1022,1022,Male,Healthcare Representative,Single,No,Y,0,48,1,277,6,Bachelor's Degree,1,1,97,2,2,3,4240.00,13119.00,2,13,3,4,80,0,19,3,2,2,2,2
No,Travel_Rarely,45 - 54,Current Employees,R&D,Life Sciences,STAFF-1024,1024,Male,Healthcare Representative,Single,No,Y,3,48,1,1355,4,Master's Degree,1,3,78,2,3,3,10999.00,22245.00,7,14,3,2,80,0,27,3,15,11,4,8
No,Travel_Rarely,35 - 44,Current Employees,R&D,Medical,STAFF-1025,1025,Female,Manufacturing Director,Single,No,Y,6,41,1,549,7,Associates Degree,1,4,42,3,2,3,5003.00,23371.00,6,14,3,2,80,0,8,3,2,2,2,1
No,Travel_Rarely,35 - 44,Current Employees,R&D,Life Sciences,STAFF-1026,1026,Female,Manufacturing Director,Married,No,Y,3,39,1,466,1,High School,1,4,65,2,4,4,12742.00,7060.00,1,16,3,3,80,1,21,3,21,6,11,8
No,Travel_Rarely,25 - 34,Current Employees,R&D,Life Sciences,STAFF-1027,1027,Female,Manufacturing Director,Married,No,Y,2,27,1,1055,2,Master's Degree,1,1,47,3,2,4,4227.00,4658.00,0,18,3,2,80,1,4,3,3,2,2,2
No,Travel_Rarely,35 - 44,Current Employees,R&D,Other,STAFF-1028,1028,Male,Laboratory Technician,Divorced,No,Y,4,35,1,802,10,Bachelor's Degree,1,2,45,3,1,4,3917.00,9541.00,1,20,4,1,80,1,3,2,3,2,1,2
No,Travel_Rarely,35 - 44,Current Employees,Sales,Marketing,STAFF-1029,1029,Male,Manager,Married,No,Y,3,42,1,265,5,Associates Degree,1,4,90,3,5,3,18303.00,7770.00,6,13,3,2,80,0,21,4,1,0,0,0
No,Travel_Rarely,45 - 54,Current Employees,R&D,Life Sciences,STAFF-1030,1030,Male,Laboratory Technician,Married,No,Y,5,50,1,804,9,Bachelor's Degree,1,1,64,3,1,4,2380.00,20165.00,4,18,3,2,80,0,8,3,1,0,0,0
No,Travel_Rarely,Over 55,Current Employees,R&D,Life Sciences,STAFF-1032,1032,Female,Manufacturing Director,Single,Yes,Y,4,59,1,715,2,Bachelor's Degree,1,3,69,2,4,4,13726.00,21829.00,3,13,3,1,80,0,30,3,5,3,4,3
Yes,Travel_Rarely,35 - 44,Ex-Employees,R&D,Medical,STAFF-1033,1033,Female,Healthcare Representative,Married,No,Y,2,37,0,1141,11,Associates Degree,1,1,61,1,2,2,4777.00,14382.00,5,15,3,1,80,0,15,1,1,0,0,0
No,Travel_Frequently,Over 55,Current Employees,R&D,Medical,STAFF-1034,1034,Male,Healthcare Representative,Married,Yes,Y,3,55,1,135,18,Master's Degree,1,3,62,3,2,2,6385.00,12992.00,3,14,3,4,80,2,17,3,8,7,6,7
No,Non-Travel,35 - 44,Current Employees,R&D,Life Sciences,STAFF-1035,1035,Female,Research Director,Divorced,No,Y,3,41,1,247,7,High School,1,2,55,1,5,3,19973.00,20284.00,1,22,4,2,80,2,21,3,21,16,5,10
No,Travel_Rarely,35 - 44,Current Employees,Sales,Life Sciences,STAFF-1036,1036,Male,Sales Executive,Single,Yes,Y,1,38,1,1035,3,Master's Degree,1,2,42,3,2,4,6861.00,4981.00,8,12,3,3,80,0,19,3,1,0,0,0
Yes,Non-Travel,25 - 34,Ex-Employees,Sales,Medical,STAFF-1037,1037,Male,Sales Executive,Single,No,Y,6,26,0,265,29,Associates Degree,1,2,79,1,2,1,4969.00,21813.00,8,18,3,4,80,0,7,3,2,2,2,2
Yes,Travel_Rarely,45 - 54,Ex-Employees,Sales,Marketing,STAFF-1038,1038,Female,Manager,Married,No,Y,3,52,0,266,2,High School,1,1,57,1,5,4,19845.00,25846.00,1,15,3,4,80,1,33,3,32,14,6,9
No,Travel_Rarely,35 - 44,Current Employees,Sales,Medical,STAFF-1039,1039,Female,Sales Executive,Married,Yes,Y,2,44,1,1448,28,Bachelor's Degree,1,4,53,4,4,4,13320.00,11737.00,3,18,3,3,80,1,23,3,12,11,11,11
No,Non-Travel,45 - 54,Current Employees,Sales,Life Sciences,STAFF-1040,1040,Female,Sales Executive,Married,No,Y,3,50,1,145,1,Bachelor's Degree,1,4,95,3,2,3,6347.00,24920.00,0,12,3,1,80,1,19,3,18,7,0,13
Yes,Travel_Rarely,35 - 44,Ex-Employees,R&D,Life Sciences,STAFF-1042,1042,Female,Laboratory Technician,Single,No,Y,1,36,0,885,16,Master's Degree,1,3,43,4,1,1,2743.00,8269.00,1,16,3,3,80,0,18,3,17,13,15,14
No,Travel_Frequently,35 - 44,Current Employees,R&D,Medical,STAFF-1043,1043,Female,Manufacturing Director,Single,Yes,Y,2,39,1,945,22,Bachelor's Degree,1,4,82,3,3,1,10880.00,5083.00,1,13,3,3,80,0,21,3,21,6,2,8
No,Non-Travel,25 - 34,Current Employees,Sales,Life Sciences,STAFF-1044,1044,Female,Sales Representative,Single,No,Y,2,33,1,1038,8,High School,1,2,88,2,1,4,2342.00,21437.00,0,19,3,4,80,0,3,2,2,2,2,2
No,Travel_Rarely,45 - 54,Current Employees,Sales,Life Sciences,STAFF-1045,1045,Female,Manager,Married,No,Y,4,45,1,1234,11,Associates Degree,1,4,90,3,4,4,17650.00,5404.00,3,13,3,2,80,1,26,4,9,3,1,1
No,Non-Travel,25 - 34,Current Employees,R&D,Medical,STAFF-1046,1046,Female,Laboratory Technician,Single,No,Y,2,32,1,1109,29,Master's Degree,1,4,69,3,1,3,4025.00,11135.00,9,12,3,2,80,0,10,3,8,7,7,7
No,Travel_Rarely,25 - 34,Current Employees,Sales,Marketing,STAFF-1047,1047,Male,Sales Executive,Divorced,No,Y,2,34,1,216,1,Master's Degree,1,2,75,4,2,4,9725.00,12278.00,0,11,3,4,80,1,16,2,15,1,0,9
No,Travel_Rarely,Over 55,Current Employees,Sales,Technical Degree,STAFF-1048,1048,Male,Manager,Married,Yes,Y,1,59,1,1089,1,Associates Degree,1,2,66,3,3,4,11904.00,11038.00,3,14,3,3,80,1,14,1,6,4,0,4
No,Travel_Rarely,45 - 54,Current Employees,HR,Medical,STAFF-1049,1049,Male,Human Resources,Single,No,Y,3,45,1,788,24,Master's Degree,1,2,36,3,1,2,2177.00,8318.00,1,16,3,1,80,0,6,3,6,3,0,4
No,Travel_Frequently,45 - 54,Current Employees,Sales,Marketing,STAFF-1050,1050,Female,Sales Executive,Married,No,Y,2,53,1,124,2,Bachelor's Degree,1,3,38,2,3,2,7525.00,23537.00,2,12,3,1,80,1,30,3,15,7,6,12
Yes,Travel_Rarely,35 - 44,Ex-Employees,R&D,Other,STAFF-1052,1052,Male,Laboratory Technician,Divorced,No,Y,3,36,0,660,15,Bachelor's Degree,1,1,81,3,2,3,4834.00,7858.00,7,14,3,2,80,1,9,2,1,0,0,0
Yes,Travel_Frequently,25 - 34,Ex-Employees,R&D,Life Sciences,STAFF-1053,1053,Male,Research Scientist,Married,Yes,Y,2,26,0,342,2,Bachelor's Degree,1,1,57,3,1,1,2042.00,15346.00,6,14,3,2,80,1,6,3,3,2,1,2
No,Travel_Rarely,25 - 34,Current Employees,Sales,Life Sciences,STAFF-1055,1055,Female,Sales Representative,Married,Yes,Y,2,34,1,1333,10,Master's Degree,1,3,87,3,1,3,2220.00,18410.00,1,19,3,4,80,1,1,3,1,1,0,0
No,Travel_Rarely,25 - 34,Current Employees,Sales,Medical,STAFF-1056,1056,Male,Sales Representative,Married,No,Y,5,28,1,1144,10,High School,1,4,74,3,1,2,1052.00,23384.00,1,22,4,2,80,0,1,3,1,0,0,0
No,Travel_Frequently,35 - 44,Current Employees,R&D,Other,STAFF-1060,1060,Male,Research Scientist,Married,No,Y,2,38,1,1186,3,Master's Degree,1,3,44,3,1,3,2821.00,2997.00,3,16,3,1,80,1,8,3,2,2,2,2
No,Travel_Rarely,45 - 54,Current Employees,R&D,Medical,STAFF-1061,1061,Male,Research Director,Married,Yes,Y,2,50,1,1464,2,Master's Degree,1,2,62,3,5,3,19237.00,12853.00,2,11,3,4,80,1,29,2,8,1,7,7
No,Travel_Rarely,35 - 44,Current Employees,R&D,Other,STAFF-1062,1062,Female,Healthcare Representative,Single,No,Y,3,37,1,124,3,Bachelor's Degree,1,4,35,3,2,2,4107.00,13848.00,3,15,3,1,80,0,8,2,4,3,0,1
No,Travel_Rarely,35 - 44,Current Employees,Sales,Marketing,STAFF-1066,1066,Male,Sales Executive,Married,No,Y,3,40,1,300,26,Bachelor's Degree,1,3,74,3,2,1,8396.00,22217.00,1,14,3,2,80,1,8,2,7,7,7,5
No,Travel_Frequently,25 - 34,Current Employees,R&D,Medical,STAFF-1068,1068,Female,Research Scientist,Divorced,No,Y,5,26,1,921,1,High School,1,1,66,2,1,3,2007.00,25265.00,1,13,3,3,80,2,5,3,5,3,1,3
No,Travel_Rarely,45 - 54,Current Employees,R&D,Medical,STAFF-1069,1069,Male,Research Director,Divorced,No,Y,0,46,1,430,1,Master's Degree,1,4,40,3,5,4,19627.00,21445.00,9,17,3,4,80,2,23,3,2,2,2,2
No,Travel_Rarely,45 - 54,Current Employees,Sales,Life Sciences,STAFF-1070,1070,Female,Sales Executive,Married,No,Y,4,54,1,1082,2,Master's Degree,1,3,41,2,3,3,10686.00,8392.00,6,11,3,2,80,1,13,3,9,4,7,0
No,Travel_Frequently,Over 55,Current Employees,R&D,Medical,STAFF-1071,1071,Female,Research Scientist,Married,No,Y,4,56,1,1240,9,Bachelor's Degree,1,1,63,3,1,3,2942.00,12154.00,2,19,3,2,80,1,18,3,5,4,0,3
No,Travel_Rarely,35 - 44,Current Employees,R&D,Medical,STAFF-1073,1073,Female,Manufacturing Director,Single,No,Y,2,36,1,796,12,Doctoral Degree,1,4,51,2,3,4,8858.00,15669.00,0,11,3,2,80,0,15,2,14,8,7,8
No,Non-Travel,Over 55,Current Employees,R&D,Medical,STAFF-1074,1074,Male,Manager,Single,No,Y,3,55,1,444,2,High School,1,3,40,2,4,1,16756.00,17323.00,7,15,3,2,80,0,31,4,9,7,6,2
No,Travel_Rarely,35 - 44,Current Employees,Sales,Medical,STAFF-1076,1076,Male,Sales Executive,Divorced,No,Y,5,43,1,415,25,Bachelor's Degree,1,3,79,2,3,4,10798.00,5268.00,5,13,3,3,80,1,18,3,1,0,0,0
Yes,Travel_Frequently,Under 25,Ex-Employees,Sales,Marketing,STAFF-1077,1077,Female,Sales Representative,Single,Yes,Y,3,20,0,769,9,Bachelor's Degree,1,4,54,3,1,4,2323.00,17205.00,1,14,3,2,80,0,2,3,2,2,0,2
Yes,Travel_Rarely,Under 25,Ex-Employees,R&D,Life Sciences,STAFF-1079,1079,Female,Laboratory Technician,Single,No,Y,6,21,0,1334,10,Bachelor's Degree,1,3,36,2,1,1,1416.00,17258.00,1,13,3,1,80,0,1,2,1,0,1,0
No,Travel_Rarely,45 - 54,Current Employees,R&D,Life Sciences,STAFF-1080,1080,Female,Research Scientist,Divorced,Yes,Y,2,46,1,1003,8,Master's Degree,1,4,74,2,2,1,4615.00,21029.00,8,23,4,1,80,3,19,3,16,13,1,7
Yes,Travel_Rarely,45 - 54,Ex-Employees,R&D,Life Sciences,STAFF-1081,1081,Male,Research Scientist,Married,Yes,Y,2,51,0,1323,4,Master's Degree,1,1,34,3,1,3,2461.00,10332.00,9,12,3,3,80,3,18,4,10,0,2,7
Yes,Non-Travel,25 - 34,Ex-Employees,R&D,Technical Degree,STAFF-1082,1082,Male,Healthcare Representative,Single,No,Y,2,28,0,1366,24,Associates Degree,1,2,72,2,3,1,8722.00,12355.00,1,12,3,1,80,0,10,2,10,7,1,9
No,Travel_Rarely,25 - 34,Current Employees,R&D,Medical,STAFF-1083,1083,Male,Laboratory Technician,Married,No,Y,2,26,1,192,1,Associates Degree,1,1,59,2,1,1,3955.00,11141.00,1,16,3,1,80,2,6,3,5,3,1,3
No,Travel_Rarely,25 - 34,Current Employees,R&D,Other,STAFF-1084,1084,Male,Manufacturing Director,Married,No,Y,1,30,1,1176,20,Bachelor's Degree,1,3,85,3,2,1,9957.00,9096.00,0,15,3,3,80,1,7,2,6,2,0,2
No,Travel_Rarely,35 - 44,Current Employees,R&D,Technical Degree,STAFF-1085,1085,Female,Research Scientist,Married,No,Y,3,41,1,509,7,Associates Degree,1,2,43,4,1,3,3376.00,18863.00,1,13,3,3,80,0,10,3,10,6,0,8
No,Travel_Rarely,35 - 44,Current Employees,R&D,Life Sciences,STAFF-1088,1088,Female,Healthcare Representative,Married,No,Y,4,38,1,330,17,High School,1,3,65,2,3,3,8823.00,24608.00,0,18,3,1,80,1,20,2,19,9,1,9
No,Travel_Rarely,35 - 44,Current Employees,R&D,Technical Degree,STAFF-1092,1092,Male,Healthcare Representative,Married,No,Y,6,40,1,1492,20,Master's Degree,1,1,61,3,3,4,10322.00,26542.00,4,20,4,4,80,1,14,3,11,10,11,1
No,Non-Travel,25 - 34,Current Employees,R&D,Life Sciences,STAFF-1094,1094,Male,Laboratory Technician,Married,No,Y,4,27,1,1277,8,Doctoral Degree,1,1,87,1,1,3,4621.00,5869.00,1,19,3,4,80,3,3,3,3,2,1,2
No,Travel_Frequently,Over 55,Current Employees,R&D,Life Sciences,STAFF-1096,1096,Male,Manufacturing Director,Married,No,Y,4,55,1,1091,2,High School,1,4,65,3,3,2,10976.00,15813.00,3,18,3,2,80,1,23,3,3,2,1,2
No,Travel_Rarely,25 - 34,Current Employees,R&D,Other,STAFF-1097,1097,Female,Research Scientist,Single,No,Y,4,28,1,857,10,Bachelor's Degree,1,3,59,3,2,3,3660.00,7909.00,3,13,3,4,80,0,10,4,8,7,1,7
Yes,Travel_Rarely,35 - 44,Ex-Employees,HR,Medical,STAFF-1098,1098,Male,Human Resources,Married,No,Y,1,44,0,1376,1,Associates Degree,1,2,91,2,3,1,10482.00,2326.00,9,14,3,4,80,1,24,3,20,6,3,6
No,Travel_Rarely,25 - 34,Current Employees,R&D,Life Sciences,STAFF-1099,1099,Male,Healthcare Representative,Divorced,No,Y,2,33,1,654,5,Bachelor's Degree,1,4,34,2,3,4,7119.00,21214.00,4,15,3,3,80,1,9,3,3,2,1,2
Yes,Travel_Rarely,35 - 44,Ex-Employees,Sales,Technical Degree,STAFF-1100,1100,Male,Sales Executive,Single,Yes,Y,2,35,0,1204,4,Bachelor's Degree,1,4,86,3,3,1,9582.00,10333.00,0,22,4,1,80,0,9,3,8,7,4,7
Yes,Travel_Frequently,25 - 34,Ex-Employees,R&D,Medical,STAFF-1101,1101,Female,Research Scientist,Single,No,Y,4,33,0,827,29,Master's Degree,1,1,54,2,2,3,4508.00,3129.00,1,22,4,2,80,0,14,3,13,7,3,8
No,Travel_Rarely,25 - 34,Current Employees,R&D,Life Sciences,STAFF-1102,1102,Male,Laboratory Technician,Divorced,No,Y,5,28,1,895,15,Associates Degree,1,1,50,3,1,3,2207.00,22482.00,1,16,3,4,80,1,4,2,4,2,2,2
No,Travel_Frequently,25 - 34,Current Employees,R&D,Life Sciences,STAFF-1103,1103,Male,Healthcare Representative,Single,No,Y,1,34,1,618,3,High School,1,1,45,3,2,4,7756.00,22266.00,0,17,3,3,80,0,7,2,6,2,0,4
No,Travel_Rarely,35 - 44,Current Employees,Sales,Life Sciences,STAFF-1105,1105,Female,Sales Executive,Divorced,Yes,Y,5,37,1,309,10,Master's Degree,1,4,88,2,2,4,6694.00,24223.00,2,14,3,3,80,3,8,3,1,0,0,0
Yes,Travel_Rarely,25 - 34,Ex-Employees,R&D,Technical Degree,STAFF-1106,1106,Male,Laboratory Technician,Married,Yes,Y,3,25,0,1219,4,High School,1,4,32,3,1,4,3691.00,4605.00,1,15,3,2,80,1,7,4,7,7,5,6
Yes,Travel_Rarely,25 - 34,Ex-Employees,R&D,Medical,STAFF-1107,1107,Male,Laboratory Technician,Divorced,No,Y,0,26,0,1330,21,Bachelor's Degree,1,1,37,3,1,3,2377.00,19373.00,1,20,4,3,80,1,1,2,1,1,0,0
Yes,Travel_Rarely,25 - 34,Ex-Employees,R&D,Medical,STAFF-1108,1108,Male,Research Scientist,Single,Yes,Y,0,33,0,1017,25,Bachelor's Degree,1,1,55,2,1,2,2313.00,2993.00,4,20,4,2,80,0,5,3,2,2,2,2
No,Travel_Rarely,35 - 44,Current Employees,R&D,Medical,STAFF-1109,1109,Male,Manager,Married,No,Y,3,42,1,469,2,Associates Degree,1,4,35,3,4,1,17665.00,14399.00,0,17,3,4,80,1,23,3,22,6,13,7
Yes,Travel_Frequently,25 - 34,Ex-Employees,R&D,Medical,STAFF-1111,1111,Male,Laboratory Technician,Divorced,No,Y,2,28,0,1009,1,Bachelor's Degree,1,1,45,2,1,2,2596.00,7160.00,1,15,3,1,80,2,1,3,1,0,0,0
Yes,Travel_Frequently,45 - 54,Ex-Employees,Sales,Other,STAFF-1113,1113,Male,Sales Executive,Single,Yes,Y,4,50,0,959,1,Master's Degree,1,4,81,3,2,3,4728.00,17251.00,3,14,3,4,80,0,5,3,0,0,0,0
No,Travel_Frequently,25 - 34,Current Employees,Sales,Life Sciences,STAFF-1114,1114,Female,Sales Executive,Married,No,Y,3,33,1,970,7,Bachelor's Degree,1,4,30,3,2,2,4302.00,13401.00,0,17,3,3,80,1,4,3,3,2,0,2
No,Non-Travel,25 - 34,Current Employees,R&D,Life Sciences,STAFF-1115,1115,Male,Research Scientist,Married,No,Y,2,34,1,697,3,Master's Degree,1,3,40,2,1,4,2979.00,22478.00,3,17,3,4,80,3,6,3,0,0,0,0
No,Non-Travel,45 - 54,Current Employees,R&D,Medical,STAFF-1116,1116,Male,Manager,Single,No,Y,3,48,1,1262,1,Master's Degree,1,1,35,4,4,4,16885.00,16154.00,2,22,4,3,80,0,27,2,5,4,2,1
No,Non-Travel,45 - 54,Current Employees,Sales,Life Sciences,STAFF-1117,1117,Female,Sales Executive,Married,No,Y,2,45,1,1050,9,Master's Degree,1,2,65,2,2,3,5593.00,17970.00,1,13,3,4,80,1,15,3,15,10,4,12
No,Travel_Rarely,45 - 54,Current Employees,R&D,Life Sciences,STAFF-1118,1118,Male,Healthcare Representative,Single,No,Y,4,52,1,994,7,Master's Degree,1,2,87,3,3,2,10445.00,15322.00,7,19,3,4,80,0,18,3,8,6,4,0
No,Travel_Rarely,35 - 44,Current Employees,Sales,Marketing,STAFF-1119,1119,Male,Sales Executive,Divorced,Yes,Y,2,38,1,770,10,Master's Degree,1,3,73,2,3,3,8740.00,5569.00,0,14,3,2,80,2,9,3,8,7,2,7
No,Travel_Rarely,25 - 34,Current Employees,R&D,Life Sciences,STAFF-1120,1120,Female,Research Scientist,Divorced,No,Y,1,29,1,1107,28,Master's Degree,1,3,93,3,1,4,2514.00,26968.00,4,22,4,1,80,1,11,3,7,5,1,7
No,Travel_Rarely,25 - 34,Current Employees,R&D,Medical,STAFF-1121,1121,Female,Manufacturing Director,Divorced,No,Y,3,28,1,950,3,Bachelor's Degree,1,4,93,3,3,2,7655.00,8039.00,0,17,3,2,80,3,10,2,9,7,1,7
No,Travel_Rarely,45 - 54,Current Employees,Sales,Marketing,STAFF-1124,1124,Male,Manager,Married,No,Y,3,46,1,406,3,High School,1,1,52,3,4,3,17465.00,15596.00,3,12,3,4,80,1,23,3,12,9,4,9
No,Travel_Rarely,35 - 44,Current Employees,Sales,Marketing,STAFF-1125,1125,Male,Sales Executive,Single,No,Y,2,38,1,130,2,Associates Degree,1,4,32,3,3,2,7351.00,20619.00,7,16,3,3,80,0,10,3,1,0,0,0
No,Travel_Frequently,35 - 44,Current Employees,R&D,Life Sciences,STAFF-1126,1126,Female,Manufacturing Director,Married,No,Y,1,43,1,1082,27,Bachelor's Degree,1,3,83,3,3,1,10820.00,11535.00,8,11,3,3,80,1,18,3,8,7,0,1
Yes,Travel_Frequently,35 - 44,Ex-Employees,R&D,Life Sciences,STAFF-1127,1127,Male,Healthcare Representative,Divorced,No,Y,4,39,0,203,2,Bachelor's Degree,1,1,84,3,4,4,12169.00,13547.00,7,11,3,4,80,3,21,3,18,7,11,5
No,Travel_Rarely,35 - 44,Current Employees,R&D,Medical,STAFF-1128,1128,Male,Research Director,Single,No,Y,2,40,1,1308,14,Bachelor's Degree,1,3,44,2,5,3,19626.00,17544.00,1,14,3,1,80,0,21,4,20,7,4,9
No,Travel_Rarely,Under 25,Current Employees,R&D,Technical Degree,STAFF-1131,1131,Female,Research Scientist,Single,Yes,Y,6,21,1,984,1,High School,1,4,70,2,1,2,2070.00,25326.00,1,11,3,3,80,0,2,4,2,2,2,2
No,Non-Travel,35 - 44,Current Employees,R&D,Life Sciences,STAFF-1132,1132,Male,Laboratory Technician,Single,No,Y,2,39,1,439,9,Bachelor's Degree,1,3,70,3,2,2,6782.00,8770.00,9,15,3,3,80,0,9,2,5,4,0,3
No,Non-Travel,35 - 44,Current Employees,R&D,Life Sciences,STAFF-1133,1133,Male,Manufacturing Director,Single,No,Y,0,36,1,217,18,Master's Degree,1,1,78,3,2,4,7779.00,23238.00,2,20,4,1,80,0,18,3,11,9,0,9
No,Travel_Frequently,25 - 34,Current Employees,Sales,Life Sciences,STAFF-1135,1135,Male,Sales Representative,Married,No,Y,4,31,1,793,20,Bachelor's Degree,1,3,67,4,1,4,2791.00,21981.00,0,12,3,1,80,1,3,3,2,2,2,2
No,Travel_Rarely,25 - 34,Current Employees,R&D,Life Sciences,STAFF-1136,1136,Male,Research Scientist,Married,No,Y,2,28,1,1451,2,High School,1,1,67,2,1,2,3201.00,19911.00,0,17,3,1,80,0,6,1,5,3,0,4
No,Travel_Frequently,35 - 44,Current Employees,Sales,Marketing,STAFF-1137,1137,Male,Sales Executive,Divorced,No,Y,3,35,1,1182,11,Associates Degree,1,4,54,3,2,4,4968.00,18500.00,1,11,3,4,80,1,5,3,5,2,0,2
No,Travel_Rarely,45 - 54,Current Employees,Sales,Technical Degree,STAFF-1138,1138,Male,Sales Executive,Married,No,Y,3,49,1,174,8,Master's Degree,1,4,56,2,4,2,13120.00,11879.00,6,17,3,2,80,1,22,3,9,8,2,3
No,Travel_Frequently,25 - 34,Current Employees,R&D,Life Sciences,STAFF-1140,1140,Male,Manufacturing Director,Single,No,Y,3,34,1,1003,2,Associates Degree,1,4,95,3,2,3,4033.00,15834.00,2,11,3,4,80,0,5,2,3,2,0,2
No,Travel_Frequently,25 - 34,Current Employees,R&D,Life Sciences,STAFF-1143,1143,Female,Research Scientist,Divorced,No,Y,2,29,1,490,10,Bachelor's Degree,1,4,61,3,1,2,3291.00,17940.00,0,14,3,4,80,2,8,2,7,5,1,1
No,Travel_Rarely,35 - 44,Current Employees,R&D,Medical,STAFF-1148,1148,Male,Laboratory Technician,Single,No,Y,3,42,1,188,29,Bachelor's Degree,1,2,56,1,2,4,4272.00,9558.00,4,19,3,1,80,0,16,3,1,0,0,0
No,Travel_Rarely,25 - 34,Current Employees,R&D,Medical,STAFF-1150,1150,Male,Manufacturing Director,Married,Yes,Y,2,29,1,718,8,High School,1,2,79,2,2,4,5056.00,17689.00,1,15,3,3,80,1,10,2,10,7,1,2
No,Travel_Rarely,35 - 44,Current Employees,HR,Human Resources,STAFF-1152,1152,Male,Human Resources,Married,No,Y,2,38,1,433,1,Bachelor's Degree,1,3,37,4,1,3,2844.00,6004.00,1,13,3,4,80,1,7,4,7,6,5,0
No,Travel_Frequently,25 - 34,Current Employees,R&D,Life Sciences,STAFF-1154,1154,Male,Research Scientist,Divorced,Yes,Y,2,28,1,773,6,Bachelor's Degree,1,3,39,2,1,3,2703.00,22088.00,1,14,3,4,80,1,3,3,3,1,0,2
Yes,Non-Travel,Under 25,Ex-Employees,R&D,Medical,STAFF-1156,1156,Male,Laboratory Technician,Single,No,Y,0,18,0,247,8,High School,1,3,80,3,1,3,1904.00,13556.00,1,12,3,4,80,0,0,3,0,0,0,0
Yes,Travel_Rarely,25 - 34,Ex-Employees,Sales,Marketing,STAFF-1157,1157,Female,Sales Executive,Single,Yes,Y,3,33,0,603,9,Master's Degree,1,1,77,3,2,1,8224.00,18385.00,0,17,3,1,80,0,6,3,5,2,0,3
No,Travel_Rarely,35 - 44,Current Employees,R&D,Life Sciences,STAFF-1158,1158,Male,Laboratory Technician,Married,Yes,Y,4,41,1,167,12,Master's Degree,1,2,46,3,1,4,4766.00,9051.00,3,11,3,1,80,1,6,3,1,0,0,0
Yes,Travel_Frequently,25 - 34,Ex-Employees,R&D,Medical,STAFF-1160,1160,Male,Laboratory Technician,Married,No,Y,5,31,0,874,15,Bachelor's Degree,1,3,72,3,1,3,2610.00,6233.00,1,12,3,3,80,1,2,2,2,2,2,2
No,Travel_Rarely,35 - 44,Current Employees,R&D,Medical,STAFF-1161,1161,Female,Healthcare Representative,Divorced,No,Y,2,37,1,367,25,Associates Degree,1,3,52,2,2,4,5731.00,17171.00,7,13,3,3,80,2,9,3,6,2,1,3
No,Travel_Rarely,25 - 34,Current Employees,R&D,Life Sciences,STAFF-1162,1162,Male,Research Scientist,Married,No,Y,0,27,1,199,6,Bachelor's Degree,1,4,55,2,1,3,2539.00,7950.00,1,13,3,3,80,1,4,3,4,2,2,2
No,Travel_Rarely,25 - 34,Current Employees,Sales,Life Sciences,STAFF-1163,1163,Female,Sales Executive,Married,No,Y,3,34,1,1400,9,High School,1,2,70,3,2,3,5714.00,5829.00,1,20,4,1,80,0,6,2,6,5,1,3
No,Travel_Rarely,35 - 44,Current Employees,HR,Technical Degree,STAFF-1164,1164,Male,Human Resources,Single,No,Y,2,35,1,528,8,Master's Degree,1,3,100,3,1,3,4323.00,7108.00,1,17,3,2,80,0,6,1,5,4,1,4
Yes,Travel_Rarely,25 - 34,Ex-Employees,Sales,Life Sciences,STAFF-1165,1165,Female,Sales Executive,Married,No,Y,3,29,0,408,23,High School,1,4,45,2,3,1,7336.00,11162.00,1,13,3,1,80,1,11,1,11,8,3,10
No,Travel_Frequently,35 - 44,Current Employees,R&D,Medical,STAFF-1166,1166,Female,Research Director,Single,No,Y,3,40,1,593,9,Master's Degree,1,2,88,3,3,3,13499.00,13782.00,9,17,3,3,80,0,20,2,18,7,2,13
Yes,Travel_Frequently,35 - 44,Ex-Employees,Sales,Life Sciences,STAFF-1167,1167,Male,Sales Executive,Single,Yes,Y,2,42,0,481,12,Bachelor's Degree,1,3,44,3,4,1,13758.00,2447.00,0,12,3,2,80,0,22,2,21,9,13,14
No,Travel_Rarely,35 - 44,Current Employees,Sales,Marketing,STAFF-1171,1171,Male,Sales Executive,Single,No,Y,3,42,1,647,4,Master's Degree,1,2,45,3,2,1,5155.00,2253.00,7,13,3,4,80,0,9,4,6,4,1,5
No,Travel_Rarely,35 - 44,Current Employees,R&D,Medical,STAFF-1172,1172,Male,Laboratory Technician,Married,No,Y,2,35,1,982,1,Master's Degree,1,4,58,2,1,3,2258.00,16340.00,6,12,3,2,80,1,10,3,8,0,1,7
No,Travel_Rarely,Under 25,Current Employees,R&D,Medical,STAFF-1173,1173,Male,Laboratory Technician,Single,No,Y,2,24,1,477,24,Bachelor's Degree,1,4,49,3,1,2,3597.00,6409.00,8,22,4,4,80,0,6,3,4,3,1,2
Yes,Travel_Rarely,25 - 34,Ex-Employees,R&D,Life Sciences,STAFF-1175,1175,Female,Laboratory Technician,Married,Yes,Y,4,28,0,1485,12,High School,1,3,79,3,1,4,2515.00,22955.00,1,11,3,4,80,0,1,2,1,1,0,0
No,Travel_Rarely,25 - 34,Current Employees,R&D,Medical,STAFF-1177,1177,Male,Laboratory Technician,Married,No,Y,2,26,1,1384,3,Master's Degree,1,1,82,4,1,4,4420.00,13421.00,1,22,4,2,80,1,8,3,8,7,0,7
No,Travel_Rarely,25 - 34,Current Employees,Sales,Marketing,STAFF-1179,1179,Male,Sales Executive,Married,No,Y,3,30,1,852,10,Bachelor's Degree,1,3,72,2,2,3,6578.00,2706.00,1,18,3,1,80,1,10,3,10,3,1,4
No,Travel_Frequently,35 - 44,Current Employees,R&D,Medical,STAFF-1180,1180,Female,Research Scientist,Married,Yes,Y,3,40,1,902,26,Associates Degree,1,3,92,2,2,4,4422.00,21203.00,3,13,3,4,80,1,16,1,1,1,0,0
No,Travel_Rarely,35 - 44,Current Employees,R&D,Life Sciences,STAFF-1182,1182,Male,Manufacturing Director,Divorced,No,Y,2,35,1,819,2,Bachelor's Degree,1,3,44,2,3,2,10274.00,19588.00,2,18,3,2,80,1,15,4,7,7,6,4
No,Travel_Frequently,25 - 34,Current Employees,R&D,Medical,STAFF-1184,1184,Male,Healthcare Representative,Single,No,Y,3,34,1,669,1,Bachelor's Degree,1,4,97,2,2,1,5343.00,25755.00,0,20,4,3,80,0,14,3,13,9,4,9
No,Travel_Frequently,35 - 44,Current Employees,R&D,Other,STAFF-1185,1185,Male,Laboratory Technician,Married,No,Y,2,35,1,636,4,Master's Degree,1,4,47,2,1,4,2376.00,26537.00,1,13,3,2,80,1,2,4,2,2,2,2
Yes,Travel_Rarely,35 - 44,Ex-Employees,Sales,Marketing,STAFF-1188,1188,Female,Sales Executive,Single,No,Y,2,43,0,1372,9,Bachelor's Degree,1,1,85,1,2,3,5346.00,9489.00,8,13,3,2,80,0,7,2,4,3,1,3
No,Non-Travel,25 - 34,Current Employees,Sales,Life Sciences,STAFF-1190,1190,Female,Sales Representative,Divorced,No,Y,3,32,1,862,2,High School,1,3,76,3,1,1,2827.00,14947.00,1,12,3,3,80,3,1,3,1,0,0,0
No,Travel_Rarely,Over 55,Current Employees,R&D,Technical Degree,STAFF-1191,1191,Female,Manager,Divorced,No,Y,2,56,1,718,4,Master's Degree,1,4,92,3,5,1,19943.00,18575.00,4,13,3,4,80,1,28,3,5,2,4,2
No,Travel_Rarely,25 - 34,Current Employees,R&D,Medical,STAFF-1192,1192,Female,Laboratory Technician,Married,No,Y,5,29,1,1401,6,High School,1,2,54,3,1,4,3131.00,26342.00,1,13,3,1,80,1,10,3,10,8,0,8
No,Travel_Rarely,Under 25,Current Employees,R&D,Life Sciences,STAFF-1193,1193,Male,Research Scientist,Single,No,Y,4,19,1,645,9,Associates Degree,1,3,54,3,1,1,2552.00,7172.00,1,25,4,3,80,0,1,3,1,1,0,0
No,Travel_Rarely,45 - 54,Current Employees,R&D,Medical,STAFF-1195,1195,Female,Research Scientist,Married,Yes,Y,2,45,1,1457,7,Bachelor's Degree,1,1,83,3,1,3,4477.00,20100.00,4,19,3,3,80,1,7,2,3,2,0,2
No,Travel_Rarely,35 - 44,Current Employees,R&D,Life Sciences,STAFF-1196,1196,Female,Manufacturing Director,Married,No,Y,2,37,1,977,1,Bachelor's Degree,1,4,56,2,2,4,6474.00,9961.00,1,13,3,2,80,1,14,2,14,8,3,11
No,Travel_Rarely,Under 25,Current Employees,R&D,Life Sciences,STAFF-1198,1198,Male,Laboratory Technician,Single,No,Y,2,20,1,805,3,Bachelor's Degree,1,1,87,2,1,3,3033.00,12828.00,1,12,3,1,80,0,2,2,2,2,1,2
Yes,Travel_Rarely,35 - 44,Ex-Employees,R&D,Life Sciences,STAFF-1200,1200,Male,Research Scientist,Single,Yes,Y,4,44,0,1097,10,Master's Degree,1,3,96,3,1,3,2936.00,10826.00,1,11,3,3,80,0,6,3,6,4,0,2
No,Travel_Rarely,45 - 54,Current Employees,R&D,Medical,STAFF-1201,1201,Female,Manager,Divorced,No,Y,6,53,1,1223,7,Associates Degree,1,4,50,3,5,3,18606.00,18640.00,3,18,3,2,80,1,26,3,7,7,4,7
No,Travel_Rarely,25 - 34,Current Employees,R&D,Life Sciences,STAFF-1202,1202,Female,Research Scientist,Married,Yes,Y,2,29,1,942,15,High School,1,2,69,1,1,4,2168.00,26933.00,0,18,3,1,80,1,6,2,5,4,1,3
Yes,Travel_Frequently,Under 25,Ex-Employees,R&D,Life Sciences,STAFF-1203,1203,Male,Research Scientist,Married,Yes,Y,5,22,0,1256,3,Master's Degree,1,3,48,2,1,4,2853.00,4223.00,0,11,3,2,80,1,1,3,0,0,0,0
No,Travel_Rarely,45 - 54,Current Employees,Sales,Marketing,STAFF-1204,1204,Female,Manager,Married,No,Y,2,46,1,1402,2,Bachelor's Degree,1,3,69,3,4,1,17048.00,24097.00,8,23,4,1,80,0,28,3,26,15,15,9
No,Non-Travel,35 - 44,Current Employees,R&D,Life Sciences,STAFF-1206,1206,Male,Research Scientist,Single,No,Y,3,44,1,111,17,Bachelor's Degree,1,4,74,1,1,3,2290.00,4279.00,2,13,3,4,80,0,6,3,0,0,0,0
No,Travel_Rarely,25 - 34,Current Employees,HR,Human Resources,STAFF-1207,1207,Male,Human Resources,Married,No,Y,2,33,1,147,2,Bachelor's Degree,1,2,99,3,1,3,3600.00,8429.00,1,13,3,4,80,1,5,3,5,4,1,4
Yes,Non-Travel,35 - 44,Ex-Employees,R&D,Life Sciences,STAFF-1210,1210,Male,Research Scientist,Divorced,No,Y,2,41,0,906,5,Associates Degree,1,1,95,2,1,1,2107.00,20293.00,6,17,3,1,80,1,5,1,1,0,0,0
No,Travel_Rarely,25 - 34,Current Employees,Sales,Life Sciences,STAFF-1211,1211,Male,Sales Executive,Divorced,No,Y,3,30,1,1329,29,Master's Degree,1,3,61,3,2,1,4115.00,13192.00,8,19,3,3,80,3,8,3,4,3,0,3
No,Travel_Frequently,35 - 44,Current Employees,Sales,Medical,STAFF-1212,1212,Male,Sales Executive,Married,No,Y,2,40,1,1184,2,Master's Degree,1,2,62,3,2,2,4327.00,25440.00,5,12,3,4,80,3,5,3,0,0,0,0
No,Travel_Frequently,45 - 54,Current Employees,R&D,Medical,STAFF-1215,1215,Female,Manager,Married,No,Y,3,50,1,1421,2,Bachelor's Degree,1,4,30,3,4,1,17856.00,9490.00,2,22,4,3,80,1,32,3,2,2,2,2
No,Travel_Rarely,25 - 34,Current Employees,R&D,Medical,STAFF-1216,1216,Male,Laboratory Technician,Married,No,Y,2,28,1,1179,19,Master's Degree,1,4,78,2,1,1,3196.00,12449.00,1,12,3,3,80,3,6,3,6,5,3,3
No,Travel_Rarely,45 - 54,Current Employees,R&D,Life Sciences,STAFF-1217,1217,Male,Research Director,Married,No,Y,2,46,1,1450,15,Associates Degree,1,4,52,3,5,2,19081.00,10849.00,5,11,3,1,80,1,25,3,4,2,0,3
No,Travel_Rarely,35 - 44,Current Employees,Sales,Life Sciences,STAFF-1218,1218,Male,Sales Executive,Married,Yes,Y,2,35,1,1361,17,Master's Degree,1,3,94,3,2,1,8966.00,21026.00,3,15,3,4,80,3,15,3,7,7,1,7
Yes,Travel_Rarely,Under 25,Ex-Employees,R&D,Life Sciences,STAFF-1219,1219,Female,Laboratory Technician,Married,No,Y,3,24,0,984,17,Associates Degree,1,4,97,3,1,2,2210.00,3372.00,1,13,3,1,80,1,1,1,1,0,0,0
No,Travel_Frequently,25 - 34,Current Employees,Sales,Medical,STAFF-1220,1220,Female,Sales Executive,Married,No,Y,3,33,1,1146,25,Bachelor's Degree,1,2,82,3,2,3,4539.00,4905.00,1,12,3,1,80,1,10,2,10,7,0,1
No,Travel_Rarely,35 - 44,Current Employees,R&D,Life Sciences,STAFF-1221,1221,Male,Laboratory Technician,Divorced,No,Y,4,36,1,917,6,Master's Degree,1,3,60,1,1,3,2741.00,6865.00,1,14,3,3,80,1,7,3,7,7,1,7
No,Travel_Rarely,25 - 34,Current Employees,R&D,Life Sciences,STAFF-1224,1224,Male,Laboratory Technician,Divorced,No,Y,4,30,1,853,7,Master's Degree,1,3,49,3,2,3,3491.00,11309.00,1,13,3,1,80,3,10,2,10,7,8,9
No,Travel_Rarely,35 - 44,Current Employees,R&D,Other,STAFF-1225,1225,Male,Research Scientist,Single,No,Y,3,44,1,200,29,Master's Degree,1,4,32,3,2,4,4541.00,7744.00,1,25,4,2,80,0,20,3,20,11,13,17
No,Travel_Rarely,Under 25,Current Employees,Sales,Marketing,STAFF-1226,1226,Male,Sales Representative,Single,No,Y,2,20,1,654,21,Bachelor's Degree,1,3,43,4,1,4,2678.00,5050.00,1,17,3,4,80,0,2,3,2,1,2,2
No,Travel_Rarely,45 - 54,Current Employees,R&D,Technical Degree,STAFF-1228,1228,Male,Manufacturing Director,Divorced,No,Y,3,46,1,150,2,Master's Degree,1,4,60,3,2,4,7379.00,17433.00,2,11,3,3,80,1,12,2,6,3,1,4
No,Non-Travel,35 - 44,Current Employees,HR,Medical,STAFF-1231,1231,Male,Human Resources,Married,No,Y,3,42,1,179,2,Doctoral Degree,1,4,79,4,2,1,6272.00,12858.00,7,16,3,1,80,1,10,4,4,3,0,3
No,Travel_Rarely,Over 55,Current Employees,Sales,Marketing,STAFF-1233,1233,Male,Sales Executive,Divorced,Yes,Y,3,60,1,696,7,Master's Degree,1,2,52,4,2,4,5220.00,10893.00,0,18,3,2,80,1,12,3,11,7,1,9
No,Travel_Frequently,25 - 34,Current Employees,R&D,Other,STAFF-1234,1234,Female,Laboratory Technician,Married,No,Y,2,32,1,116,13,Bachelor's Degree,1,3,77,2,1,2,2743.00,7331.00,1,20,4,3,80,1,2,3,2,2,2,2
No,Travel_Frequently,25 - 34,Current Employees,R&D,Life Sciences,STAFF-1235,1235,Female,Research Scientist,Single,Yes,Y,2,32,1,1316,2,Associates Degree,1,4,38,3,2,3,4998.00,2338.00,4,14,3,4,80,0,10,3,8,7,0,7
No,Travel_Rarely,35 - 44,Current Employees,R&D,Technical Degree,STAFF-1237,1237,Female,Manufacturing Director,Divorced,Yes,Y,2,36,1,363,1,Bachelor's Degree,1,3,77,1,3,1,10252.00,4235.00,2,21,4,3,80,1,17,3,7,7,7,7
No,Travel_Rarely,25 - 34,Current Employees,R&D,Medical,STAFF-1238,1238,Male,Research Scientist,Married,No,Y,5,33,1,117,9,Bachelor's Degree,1,1,60,3,1,4,2781.00,6311.00,0,13,3,2,80,1,15,3,14,10,4,10
No,Travel_Rarely,35 - 44,Current Employees,Sales,Technical Degree,STAFF-1239,1239,Female,Sales Executive,Divorced,No,Y,2,40,1,107,10,Bachelor's Degree,1,2,84,2,2,2,6852.00,11591.00,7,12,3,2,80,1,7,4,5,1,1,3
No,Travel_Rarely,25 - 34,Current Employees,Sales,Life Sciences,STAFF-1240,1240,Male,Sales Executive,Single,No,Y,4,25,1,1356,10,Master's Degree,1,3,57,3,2,4,4950.00,20623.00,0,14,3,2,80,0,5,3,4,3,1,1
No,Travel_Rarely,25 - 34,Current Employees,R&D,Medical,STAFF-1241,1241,Male,Research Scientist,Married,Yes,Y,2,30,1,1465,1,Bachelor's Degree,1,4,63,3,1,2,3579.00,9369.00,0,21,4,1,80,1,12,3,11,9,5,7
No,Travel_Frequently,35 - 44,Current Employees,R&D,Medical,STAFF-1242,1242,Female,Research Director,Married,Yes,Y,6,42,1,458,26,Doctoral Degree,1,1,60,3,3,1,13191.00,23281.00,3,17,3,3,80,0,20,3,1,0,0,0
No,Non-Travel,35 - 44,Current Employees,Sales,Marketing,STAFF-1243,1243,Female,Sales Executive,Married,Yes,Y,6,35,1,1212,8,Associates Degree,1,3,78,2,3,4,10377.00,13755.00,4,11,3,2,80,1,16,2,13,2,4,12
No,Travel_Rarely,25 - 34,Current Employees,R&D,Life Sciences,STAFF-1244,1244,Male,Research Scientist,Married,Yes,Y,3,27,1,1103,14,Bachelor's Degree,1,1,42,3,1,1,2235.00,14377.00,1,14,3,4,80,2,9,2,9,7,6,8
No,Travel_Frequently,45 - 54,Current Employees,R&D,Life Sciences,STAFF-1245,1245,Female,Manufacturing Director,Divorced,No,Y,2,54,1,966,1,Master's Degree,1,4,53,3,3,3,10502.00,9659.00,7,17,3,1,80,1,33,1,5,4,1,4
No,Travel_Rarely,35 - 44,Current Employees,R&D,Life Sciences,STAFF-1246,1246,Female,Research Scientist,Married,No,Y,5,44,1,1117,2,High School,1,1,72,4,1,4,2011.00,19982.00,1,13,3,4,80,1,10,3,10,5,7,7
Yes,Non-Travel,Under 25,Ex-Employees,R&D,Medical,STAFF-1248,1248,Female,Research Scientist,Single,Yes,Y,2,19,0,504,10,Bachelor's Degree,1,1,96,2,1,2,1859.00,6148.00,1,25,4,2,80,0,1,4,1,1,0,0
No,Travel_Rarely,25 - 34,Current Employees,R&D,Life Sciences,STAFF-1249,1249,Female,Research Scientist,Divorced,No,Y,5,29,1,1010,1,Bachelor's Degree,1,1,97,3,1,4,3760.00,5598.00,1,15,3,1,80,3,3,3,3,2,1,2
No,Travel_Rarely,45 - 54,Current Employees,R&D,Life Sciences,STAFF-1250,1250,Male,Research Director,Married,No,Y,2,54,1,685,3,Bachelor's Degree,1,4,85,3,4,4,17779.00,23474.00,3,14,3,1,80,0,36,3,10,9,0,9
No,Travel_Rarely,25 - 34,Current Employees,R&D,Medical,STAFF-1251,1251,Male,Healthcare Representative,Married,Yes,Y,2,31,1,1332,11,Associates Degree,1,3,80,3,2,1,6833.00,17089.00,1,12,3,4,80,0,6,2,6,5,0,1
No,Travel_Rarely,25 - 34,Current Employees,R&D,Medical,STAFF-1252,1252,Female,Healthcare Representative,Single,No,Y,2,31,1,1062,24,Bachelor's Degree,1,3,96,2,2,1,6812.00,17198.00,1,19,3,2,80,0,10,3,10,9,1,8
No,Travel_Rarely,Over 55,Current Employees,Sales,Life Sciences,STAFF-1254,1254,Female,Sales Executive,Single,No,Y,2,59,1,326,3,Bachelor's Degree,1,3,48,2,2,4,5171.00,16490.00,5,17,3,4,80,0,13,3,6,1,0,5
No,Travel_Rarely,35 - 44,Current Employees,R&D,Life Sciences,STAFF-1255,1255,Male,Research Director,Married,No,Y,2,43,1,920,3,Bachelor's Degree,1,3,96,1,5,4,19740.00,18625.00,3,14,3,2,80,1,25,3,8,7,0,7
No,Travel_Rarely,45 - 54,Current Employees,R&D,Medical,STAFF-1256,1256,Male,Manager,Married,No,Y,2,49,1,1098,4,Associates Degree,1,1,85,2,5,3,18711.00,12124.00,2,13,3,3,80,1,23,4,1,0,0,0
No,Travel_Frequently,35 - 44,Current Employees,R&D,Technical Degree,STAFF-1257,1257,Male,Research Scientist,Married,No,Y,2,36,1,469,3,Bachelor's Degree,1,3,46,3,1,2,3692.00,9256.00,1,12,3,3,80,0,12,2,11,10,0,7
No,Travel_Rarely,45 - 54,Current Employees,R&D,Technical Degree,STAFF-1258,1258,Male,Laboratory Technician,Single,No,Y,4,48,1,969,2,Associates Degree,1,4,76,4,1,2,2559.00,16620.00,5,11,3,3,80,0,7,2,1,0,0,0
No,Travel_Rarely,25 - 34,Current Employees,R&D,Life Sciences,STAFF-1259,1259,Male,Research Scientist,Divorced,No,Y,2,27,1,1167,4,Associates Degree,1,1,76,3,1,3,2517.00,3208.00,1,11,3,2,80,3,5,3,5,3,0,3
No,Travel_Rarely,25 - 34,Current Employees,R&D,Life Sciences,STAFF-1260,1260,Male,Healthcare Representative,Divorced,Yes,Y,2,29,1,1329,7,Bachelor's Degree,1,3,82,3,2,4,6623.00,4204.00,1,11,3,2,80,2,6,3,6,0,1,0
No,Travel_Rarely,45 - 54,Current Employees,R&D,Life Sciences,STAFF-1263,1263,Male,Research Director,Single,No,Y,3,48,1,715,1,Bachelor's Degree,1,4,76,2,5,4,18265.00,8733.00,6,12,3,3,80,0,25,4,1,0,0,0
No,Travel_Rarely,25 - 34,Current Employees,R&D,Life Sciences,STAFF-1264,1264,Female,Research Director,Divorced,No,Y,2,29,1,694,1,Bachelor's Degree,1,4,87,2,4,4,16124.00,3423.00,3,14,3,2,80,2,9,2,7,7,1,7
No,Travel_Rarely,25 - 34,Current Employees,R&D,Technical Degree,STAFF-1265,1265,Female,Research Scientist,Married,No,Y,5,34,1,1320,20,Bachelor's Degree,1,3,89,4,1,3,2585.00,21643.00,0,17,3,4,80,0,2,2,1,0,0,0
No,Travel_Rarely,35 - 44,Current Employees,Sales,Marketing,STAFF-1267,1267,Male,Manager,Married,No,Y,5,44,1,1099,5,Bachelor's Degree,1,2,88,3,5,2,18213.00,8751.00,7,11,3,3,80,1,26,3,22,9,3,10
No,Travel_Rarely,25 - 34,Current Employees,Sales,Marketing,STAFF-1268,1268,Male,Sales Executive,Divorced,Yes,Y,3,33,1,536,10,Doctoral Degree,1,4,82,4,3,3,8380.00,21708.00,0,14,3,4,80,2,10,3,9,8,0,8
No,Travel_Rarely,Under 25,Current Employees,R&D,Life Sciences,STAFF-1269,1269,Female,Research Scientist,Single,Yes,Y,2,19,1,265,25,Bachelor's Degree,1,2,57,4,1,4,2994.00,21221.00,1,12,3,4,80,0,1,3,1,0,0,1
No,Travel_Rarely,Under 25,Current Employees,R&D,Life Sciences,STAFF-1270,1270,Male,Research Scientist,Married,No,Y,2,23,1,373,1,Associates Degree,1,4,47,3,1,3,1223.00,16901.00,1,22,4,4,80,1,1,3,1,0,0,1
Yes,Travel_Frequently,25 - 34,Ex-Employees,Sales,Life Sciences,STAFF-1273,1273,Male,Sales Representative,Single,Yes,Y,4,25,0,599,24,High School,1,3,73,1,1,4,1118.00,8040.00,1,14,3,4,80,0,1,3,1,0,1,0
No,Travel_Rarely,25 - 34,Current Employees,R&D,Life Sciences,STAFF-1275,1275,Male,Research Scientist,Single,Yes,Y,2,26,1,583,4,Associates Degree,1,3,53,3,1,4,2875.00,9973.00,1,20,4,2,80,0,8,2,8,5,2,2
Yes,Travel_Rarely,45 - 54,Ex-Employees,Sales,Marketing,STAFF-1277,1277,Female,Manager,Single,Yes,Y,2,45,0,1449,2,Bachelor's Degree,1,1,94,1,5,2,18824.00,2493.00,2,16,3,1,80,0,26,3,24,10,1,11
No,Non-Travel,Over 55,Current Employees,R&D,Medical,STAFF-1278,1278,Male,Healthcare Representative,Divorced,Yes,Y,3,55,1,177,8,High School,1,4,37,2,4,2,13577.00,25592.00,1,15,3,4,80,1,34,3,33,9,15,0
Yes,Travel_Frequently,Under 25,Ex-Employees,R&D,Life Sciences,STAFF-1279,1279,Female,Laboratory Technician,Single,No,Y,2,21,0,251,10,Associates Degree,1,1,45,2,1,3,2625.00,25308.00,1,20,4,3,80,0,2,1,2,2,2,2
No,Travel_Rarely,45 - 54,Current Employees,Sales,Marketing,STAFF-1280,1280,Female,Manager,Married,No,Y,2,46,1,168,4,Associates Degree,1,4,33,2,5,2,18789.00,9946.00,2,14,3,3,80,1,26,3,11,4,0,8
No,Travel_Rarely,25 - 34,Current Employees,Sales,Marketing,STAFF-1281,1281,Female,Sales Executive,Single,Yes,Y,3,34,1,131,2,Bachelor's Degree,1,3,86,3,2,1,4538.00,6039.00,0,12,3,4,80,0,4,3,3,2,0,2
No,Travel_Frequently,45 - 54,Current Employees,Sales,Life Sciences,STAFF-1282,1282,Male,Manager,Divorced,Yes,Y,5,51,1,237,9,Bachelor's Degree,1,4,83,3,5,2,19847.00,19196.00,4,24,4,1,80,1,31,2,29,10,11,10
No,Travel_Rarely,Over 55,Current Employees,R&D,Medical,STAFF-1283,1283,Male,Manufacturing Director,Single,No,Y,6,59,1,1429,18,Master's Degree,1,4,67,3,3,4,10512.00,20002.00,6,12,3,4,80,0,25,2,9,7,5,4
No,Travel_Frequently,25 - 34,Current Employees,R&D,Medical,STAFF-1285,1285,Female,Laboratory Technician,Divorced,No,Y,2,34,1,135,19,Bachelor's Degree,1,3,46,3,2,2,4444.00,22534.00,4,13,3,3,80,2,15,4,11,8,5,10
No,Travel_Frequently,25 - 34,Current Employees,R&D,Medical,STAFF-1286,1286,Male,Laboratory Technician,Single,Yes,Y,2,28,1,791,1,Master's Degree,1,4,44,3,1,3,2154.00,6842.00,0,11,3,3,80,0,5,2,4,2,0,2
No,Travel_Rarely,35 - 44,Current Employees,R&D,Life Sciences,STAFF-1288,1288,Male,Manager,Divorced,No,Y,4,44,1,1199,4,Associates Degree,1,3,92,4,5,1,19190.00,17477.00,1,14,3,4,80,2,26,2,25,9,14,13
No,Travel_Frequently,25 - 34,Current Employees,HR,Life Sciences,STAFF-1289,1289,Male,Human Resources,Married,No,Y,5,34,1,648,11,Bachelor's Degree,1,3,56,2,2,2,4490.00,21833.00,4,11,3,4,80,2,14,4,10,9,1,8
No,Travel_Rarely,35 - 44,Current Employees,R&D,Life Sciences,STAFF-1291,1291,Male,Research Scientist,Married,Yes,Y,3,35,1,735,6,High School,1,3,66,3,1,3,3506.00,6020.00,0,14,3,4,80,0,4,3,3,2,2,2
No,Travel_Rarely,35 - 44,Current Employees,R&D,Medical,STAFF-1292,1292,Female,Research Scientist,Married,Yes,Y,2,42,1,603,7,Master's Degree,1,2,78,4,2,2,2372.00,5628.00,6,16,3,4,80,0,18,3,1,0,0,0
No,Travel_Rarely,35 - 44,Current Employees,Sales,Marketing,STAFF-1293,1293,Female,Sales Executive,Single,No,Y,3,43,1,531,4,Master's Degree,1,4,56,2,3,4,10231.00,20364.00,3,14,3,4,80,0,23,4,21,7,15,17
No,Travel_Rarely,35 - 44,Current Employees,R&D,Life Sciences,STAFF-1294,1294,Female,Manufacturing Director,Single,Yes,Y,2,36,1,429,2,Master's Degree,1,3,53,3,2,2,5410.00,2323.00,9,11,3,4,80,0,18,3,16,14,5,12
Yes,Travel_Rarely,35 - 44,Ex-Employees,R&D,Medical,STAFF-1295,1295,Female,Healthcare Representative,Married,No,Y,2,44,0,621,15,Bachelor's Degree,1,1,73,3,3,4,7978.00,14075.00,1,11,3,4,80,1,10,3,10,7,0,5
No,Travel_Frequently,25 - 34,Current Employees,R&D,Life Sciences,STAFF-1296,1296,Male,Laboratory Technician,Married,Yes,Y,2,28,1,193,2,Bachelor's Degree,1,4,52,2,1,4,3867.00,14222.00,1,12,3,2,80,1,2,3,2,2,2,2
No,Travel_Frequently,45 - 54,Current Employees,R&D,Medical,STAFF-1297,1297,Female,Laboratory Technician,Single,No,Y,6,51,1,968,6,Associates Degree,1,2,40,2,1,3,2838.00,4257.00,0,14,3,2,80,0,8,2,7,0,7,7
No,Non-Travel,25 - 34,Current Employees,R&D,Medical,STAFF-1298,1298,Female,Manufacturing Director,Single,Yes,Y,3,30,1,879,9,Associates Degree,1,3,72,3,2,3,4695.00,12858.00,7,18,3,3,80,0,10,3,8,4,1,7
Yes,Travel_Rarely,25 - 34,Ex-Employees,R&D,Technical Degree,STAFF-1299,1299,Female,Laboratory Technician,Divorced,Yes,Y,2,29,0,806,7,Bachelor's Degree,1,2,39,3,1,3,3339.00,17285.00,3,13,3,1,80,2,10,3,7,7,7,7
No,Travel_Rarely,25 - 34,Current Employees,R&D,Technical Degree,STAFF-1301,1301,Male,Research Scientist,Single,No,Y,2,28,1,640,1,Bachelor's Degree,1,4,84,3,1,1,2080.00,4732.00,2,11,3,2,80,0,5,2,3,2,1,2
No,Travel_Rarely,25 - 34,Current Employees,R&D,Medical,STAFF-1303,1303,Female,Research Scientist,Single,No,Y,3,25,1,266,1,Bachelor's Degree,1,4,40,3,1,2,2096.00,18830.00,1,18,3,4,80,0,2,2,2,2,2,1
No,Travel_Rarely,25 - 34,Current Employees,Sales,Medical,STAFF-1304,1304,Male,Sales Executive,Married,No,Y,4,32,1,604,8,Bachelor's Degree,1,3,56,4,2,4,6209.00,11693.00,1,15,3,3,80,2,10,4,10,7,0,8
No,Travel_Frequently,45 - 54,Current Employees,R&D,Medical,STAFF-1306,1306,Female,Manager,Single,No,Y,4,45,1,364,25,Bachelor's Degree,1,2,83,3,5,2,18061.00,13035.00,3,22,4,3,80,0,22,3,0,0,0,0
No,Travel_Rarely,35 - 44,Current Employees,R&D,Medical,STAFF-1307,1307,Female,Manager,Divorced,Yes,Y,4,39,1,412,13,Master's Degree,1,3,94,2,4,2,17123.00,17334.00,6,13,3,4,80,2,21,3,19,9,15,2
No,Travel_Rarely,Over 55,Current Employees,R&D,Life Sciences,STAFF-1308,1308,Male,Research Scientist,Divorced,No,Y,3,58,1,848,23,Master's Degree,1,1,88,3,1,3,2372.00,26076.00,1,12,3,4,80,2,2,3,2,2,2,2
Yes,Travel_Rarely,25 - 34,Ex-Employees,R&D,Life Sciences,STAFF-1309,1309,Male,Laboratory Technician,Married,No,Y,3,32,0,1089,7,Associates Degree,1,4,79,3,2,3,4883.00,22845.00,1,18,3,1,80,1,10,3,10,4,1,1
Yes,Travel_Rarely,35 - 44,Ex-Employees,R&D,Medical,STAFF-1310,1310,Male,Research Scientist,Single,No,Y,2,39,0,360,23,Bachelor's Degree,1,3,93,3,1,1,3904.00,22154.00,0,13,3,1,80,0,6,3,5,2,0,3
No,Travel_Rarely,25 - 34,Current Employees,R&D,Technical Degree,STAFF-1311,1311,Female,Laboratory Technician,Married,No,Y,6,30,1,1138,6,Bachelor's Degree,1,1,48,2,2,4,4627.00,23631.00,0,12,3,1,80,1,10,3,9,2,6,7
No,Travel_Rarely,35 - 44,Current Employees,R&D,Technical Degree,STAFF-1312,1312,Female,Healthcare Representative,Married,No,Y,0,36,1,325,10,Master's Degree,1,4,63,3,3,3,7094.00,5747.00,3,12,3,1,80,0,10,3,7,7,1,7
No,Travel_Rarely,45 - 54,Current Employees,HR,Life Sciences,STAFF-1314,1314,Female,Human Resources,Single,No,Y,3,46,1,991,1,Associates Degree,1,4,44,3,1,1,3423.00,22957.00,6,12,3,3,80,0,10,4,7,6,5,7
No,Non-Travel,25 - 34,Current Employees,R&D,Life Sciences,STAFF-1315,1315,Female,Laboratory Technician,Married,No,Y,6,28,1,1476,1,Bachelor's Degree,1,3,55,1,2,4,6674.00,16392.00,0,11,3,1,80,3,10,3,9,8,7,5
No,Travel_Rarely,45 - 54,Current Employees,R&D,Life Sciences,STAFF-1317,1317,Female,Research Director,Married,Yes,Y,2,50,1,1322,28,Bachelor's Degree,1,4,43,3,4,1,16880.00,22422.00,4,11,3,2,80,0,25,3,3,2,1,2
Yes,Travel_Rarely,35 - 44,Ex-Employees,Sales,Marketing,STAFF-1318,1318,Male,Sales Executive,Single,Yes,Y,2,40,0,299,25,Master's Degree,1,4,57,2,3,2,9094.00,17235.00,2,12,3,3,80,0,9,3,5,4,1,0
Yes,Travel_Rarely,45 - 54,Ex-Employees,Sales,Life Sciences,STAFF-1319,1319,Male,Sales Executive,Single,Yes,Y,2,52,0,1030,5,Bachelor's Degree,1,2,64,3,3,2,8446.00,21534.00,9,19,3,3,80,0,10,2,8,7,7,7
No,Travel_Rarely,25 - 34,Current Employees,R&D,Medical,STAFF-1321,1321,Female,Manager,Married,Yes,Y,2,30,1,634,17,Master's Degree,1,2,95,3,3,1,11916.00,25927.00,1,23,4,4,80,2,9,3,9,1,0,8
No,Travel_Rarely,35 - 44,Current Employees,R&D,Life Sciences,STAFF-1322,1322,Male,Manufacturing Director,Single,No,Y,6,39,1,524,18,Associates Degree,1,1,32,3,2,3,4534.00,13352.00,0,11,3,1,80,0,9,3,8,7,1,7
No,Non-Travel,25 - 34,Current Employees,Sales,Life Sciences,STAFF-1324,1324,Female,Sales Executive,Divorced,Yes,Y,5,31,1,587,2,Master's Degree,1,4,57,3,3,3,9852.00,8935.00,1,19,3,1,80,1,10,2,10,8,9,6
No,Non-Travel,35 - 44,Current Employees,Sales,Medical,STAFF-1329,1329,Male,Sales Executive,Single,No,Y,4,41,1,256,10,Associates Degree,1,3,40,1,2,2,6151.00,22074.00,1,13,3,1,80,0,19,3,19,2,11,9
Yes,Travel_Frequently,25 - 34,Ex-Employees,Sales,Life Sciences,STAFF-1331,1331,Female,Sales Representative,Single,Yes,Y,2,31,0,1060,1,Bachelor's Degree,1,4,54,3,1,2,2302.00,8319.00,1,11,3,1,80,0,3,4,3,2,2,2
Yes,Travel_Rarely,35 - 44,Ex-Employees,R&D,Life Sciences,STAFF-1333,1333,Male,Laboratory Technician,Married,No,Y,4,44,0,935,3,Bachelor's Degree,1,1,89,3,1,1,2362.00,14669.00,4,12,3,3,80,0,10,4,3,2,1,2
No,Non-Travel,35 - 44,Current Employees,R&D,Life Sciences,STAFF-1334,1334,Male,Manager,Married,Yes,Y,3,42,1,495,2,High School,1,3,37,3,4,3,17861.00,26582.00,0,13,3,4,80,0,21,2,20,8,2,10
No,Travel_Rarely,Over 55,Current Employees,R&D,Medical,STAFF-1336,1336,Female,Manager,Married,No,Y,5,55,1,282,2,Associates Degree,1,4,58,1,5,3,19187.00,6992.00,4,14,3,4,80,1,23,3,19,9,9,11
No,Travel_Rarely,Over 55,Current Employees,HR,Life Sciences,STAFF-1338,1338,Male,Manager,Single,No,Y,4,56,1,206,8,Master's Degree,1,4,99,3,5,2,19717.00,4022.00,6,14,3,1,80,0,36,3,7,3,7,7
No,Non-Travel,35 - 44,Current Employees,R&D,Life Sciences,STAFF-1340,1340,Male,Research Scientist,Divorced,No,Y,0,40,1,458,16,Associates Degree,1,3,74,3,1,3,3544.00,8532.00,9,16,3,2,80,1,6,3,4,2,0,0
No,Travel_Rarely,25 - 34,Current Employees,R&D,Life Sciences,STAFF-1344,1344,Male,Healthcare Representative,Divorced,No,Y,0,34,1,943,9,Bachelor's Degree,1,4,86,3,3,4,8500.00,5494.00,0,11,3,4,80,1,10,2,9,7,1,6
No,Travel_Rarely,35 - 44,Current Employees,R&D,Life Sciences,STAFF-1346,1346,Male,Research Scientist,Single,No,Y,4,40,1,523,2,Bachelor's Degree,1,3,98,3,2,4,4661.00,22455.00,1,13,3,3,80,0,9,3,9,8,8,8
No,Travel_Frequently,35 - 44,Current Employees,Sales,Marketing,STAFF-1349,1349,Female,Sales Executive,Divorced,No,Y,2,41,1,1018,1,Bachelor's Degree,1,3,66,3,2,1,4103.00,4297.00,0,17,3,4,80,1,10,3,9,3,1,7
No,Travel_Frequently,35 - 44,Current Employees,R&D,Life Sciences,STAFF-1350,1350,Male,Research Scientist,Single,Yes,Y,3,35,1,482,4,Master's Degree,1,3,87,3,2,3,4249.00,2690.00,1,11,3,2,80,0,9,3,9,6,1,1
No,Travel_Rarely,45 - 54,Current Employees,HR,Life Sciences,STAFF-1352,1352,Male,Manager,Divorced,Yes,Y,2,51,1,770,5,Bachelor's Degree,1,3,84,3,4,2,14026.00,17588.00,1,11,3,2,80,1,33,3,33,9,0,10
No,Travel_Rarely,35 - 44,Current Employees,Sales,Life Sciences,STAFF-1355,1355,Female,Sales Executive,Divorced,No,Y,3,38,1,1009,2,Associates Degree,1,2,31,3,2,1,6893.00,19461.00,3,15,3,4,80,1,11,3,7,7,1,7
No,Travel_Rarely,25 - 34,Current Employees,Sales,Medical,STAFF-1356,1356,Female,Sales Executive,Single,No,Y,6,34,1,507,15,Associates Degree,1,3,66,3,2,1,6125.00,23553.00,1,12,3,4,80,0,10,4,10,8,9,6
No,Travel_Rarely,25 - 34,Current Employees,R&D,Medical,STAFF-1358,1358,Male,Laboratory Technician,Married,No,Y,6,25,1,882,19,High School,1,4,67,3,1,4,3669.00,9075.00,3,11,3,3,80,3,7,2,3,2,1,2
Yes,Travel_Rarely,Over 55,Ex-Employees,R&D,Medical,STAFF-1360,1360,Female,Manufacturing Director,Married,Yes,Y,0,58,0,601,7,Master's Degree,1,3,53,2,3,1,10008.00,12023.00,7,14,3,4,80,0,31,2,10,9,5,9
No,Travel_Rarely,35 - 44,Current Employees,R&D,Life Sciences,STAFF-1361,1361,Male,Laboratory Technician,Married,No,Y,3,40,1,329,1,Master's Degree,1,2,88,3,1,2,2387.00,6762.00,3,22,4,3,80,1,7,3,4,2,0,3
No,Travel_Frequently,35 - 44,Current Employees,Sales,Marketing,STAFF-1362,1362,Female,Sales Executive,Married,No,Y,2,36,1,607,7,Bachelor's Degree,1,1,83,4,2,1,4639.00,2261.00,2,16,3,4,80,1,17,2,15,7,6,13
No,Travel_Rarely,45 - 54,Current Employees,R&D,Life Sciences,STAFF-1363,1363,Male,Manufacturing Director,Single,No,Y,2,48,1,855,4,Bachelor's Degree,1,4,54,3,3,4,7898.00,18706.00,1,11,3,3,80,0,11,3,10,9,0,8
No,Travel_Rarely,25 - 34,Current Employees,Sales,Medical,STAFF-1364,1364,Female,Sales Representative,Married,No,Y,4,27,1,1291,11,Bachelor's Degree,1,3,98,4,1,4,2534.00,6527.00,8,14,3,2,80,1,5,3,1,0,0,0
No,Travel_Rarely,45 - 54,Current Employees,R&D,Technical Degree,STAFF-1367,1367,Female,Manufacturing Director,Single,No,Y,1,51,1,1405,11,Associates Degree,1,4,82,2,4,2,13142.00,24439.00,3,16,3,2,80,0,29,2,5,2,0,3
No,Non-Travel,Under 25,Current Employees,R&D,Life Sciences,STAFF-1368,1368,Female,Laboratory Technician,Single,No,Y,5,18,1,1124,1,Bachelor's Degree,1,4,97,3,1,4,1611.00,19305.00,1,15,3,3,80,0,0,4,0,0,0,0
No,Travel_Rarely,35 - 44,Current Employees,R&D,Medical,STAFF-1369,1369,Female,Laboratory Technician,Married,No,Y,0,35,1,817,1,Bachelor's Degree,1,4,60,2,2,4,5363.00,10846.00,0,12,3,2,80,1,10,3,9,7,0,0
No,Travel_Frequently,25 - 34,Current Employees,Sales,Life Sciences,STAFF-1371,1371,Male,Sales Executive,Single,No,Y,3,27,1,793,2,High School,1,4,43,1,2,4,5071.00,20392.00,3,20,4,2,80,0,8,3,6,2,0,0
Yes,Travel_Rarely,Over 55,Ex-Employees,Sales,Marketing,STAFF-1372,1372,Male,Sales Executive,Single,Yes,Y,2,55,0,267,13,Master's Degree,1,1,85,4,4,3,13695.00,9277.00,6,17,3,3,80,0,24,2,19,7,3,8
No,Travel_Rarely,Over 55,Current Employees,R&D,Life Sciences,STAFF-1373,1373,Male,Manufacturing Director,Married,Yes,Y,0,56,1,1369,23,Bachelor's Degree,1,4,68,3,4,2,13402.00,18235.00,4,12,3,1,80,1,33,3,19,16,15,9
No,Non-Travel,25 - 34,Current Employees,R&D,Technical Degree,STAFF-1374,1374,Female,Research Scientist,Divorced,No,Y,2,34,1,999,26,High School,1,1,92,2,1,3,2029.00,15891.00,1,20,4,3,80,3,5,3,5,4,0,0
No,Travel_Rarely,35 - 44,Current Employees,R&D,Medical,STAFF-1375,1375,Female,Healthcare Representative,Divorced,No,Y,0,40,1,1202,2,High School,1,2,89,4,2,3,6377.00,13888.00,5,20,4,2,80,3,15,3,12,11,11,8
No,Travel_Rarely,25 - 34,Current Employees,R&D,Medical,STAFF-1377,1377,Male,Laboratory Technician,Married,No,Y,1,34,1,285,29,Bachelor's Degree,1,2,86,3,2,3,5429.00,17491.00,4,13,3,1,80,2,10,3,8,7,7,7
Yes,Travel_Frequently,25 - 34,Ex-Employees,Sales,Life Sciences,STAFF-1379,1379,Female,Sales Representative,Single,No,Y,3,31,0,703,2,Bachelor's Degree,1,3,90,2,1,4,2785.00,11882.00,7,14,3,3,80,0,3,4,1,0,0,0
Yes,Travel_Frequently,35 - 44,Ex-Employees,Sales,Marketing,STAFF-1380,1380,Female,Sales Executive,Married,Yes,Y,0,35,0,662,18,Master's Degree,1,4,67,3,2,3,4614.00,23288.00,0,18,3,3,80,1,5,2,4,2,3,2
No,Travel_Frequently,35 - 44,Current Employees,R&D,Life Sciences,STAFF-1382,1382,Male,Research Scientist,Divorced,No,Y,2,38,1,693,7,Bachelor's Degree,1,4,57,4,1,3,2610.00,15748.00,1,11,3,4,80,3,4,3,4,2,0,3
No,Travel_Rarely,25 - 34,Current Employees,R&D,Technical Degree,STAFF-1383,1383,Female,Healthcare Representative,Single,No,Y,2,34,1,404,2,Master's Degree,1,3,98,3,2,4,6687.00,6163.00,1,11,3,4,80,0,14,4,14,11,4,11
No,Travel_Rarely,25 - 34,Current Employees,Sales,Life Sciences,STAFF-1387,1387,Male,Sales Executive,Married,No,Y,0,28,1,736,26,Bachelor's Degree,1,3,48,2,2,1,4724.00,24232.00,1,11,3,3,80,1,5,3,5,3,0,4
Yes,Travel_Rarely,25 - 34,Ex-Employees,R&D,Medical,STAFF-1389,1389,Male,Manufacturing Director,Married,Yes,Y,3,31,0,330,22,Master's Degree,1,4,98,3,2,3,6179.00,21057.00,1,15,3,4,80,2,10,2,10,2,6,7
No,Travel_Rarely,35 - 44,Current Employees,Sales,Life Sciences,STAFF-1390,1390,Male,Sales Executive,Married,Yes,Y,2,39,1,1498,21,Master's Degree,1,1,44,2,2,4,6120.00,3567.00,3,12,3,4,80,2,8,4,5,4,1,4
No,Travel_Frequently,45 - 54,Current Employees,Sales,Marketing,STAFF-1391,1391,Male,Sales Executive,Married,No,Y,5,51,1,541,2,Bachelor's Degree,1,2,52,3,3,2,10596.00,15395.00,2,11,3,2,80,0,14,3,4,2,3,2
No,Travel_Frequently,35 - 44,Current Employees,R&D,Life Sciences,STAFF-1392,1392,Female,Research Scientist,Divorced,Yes,Y,4,41,1,1200,22,Bachelor's Degree,1,4,75,3,2,4,5467.00,13953.00,3,14,3,1,80,2,12,2,6,2,3,3
No,Travel_Rarely,35 - 44,Current Employees,R&D,Life Sciences,STAFF-1394,1394,Male,Research Scientist,Married,Yes,Y,2,37,1,1439,4,High School,1,3,54,3,1,3,2996.00,5182.00,7,15,3,4,80,0,8,3,6,4,1,3
No,Travel_Frequently,25 - 34,Current Employees,Sales,Life Sciences,STAFF-1395,1395,Male,Sales Executive,Married,No,Y,2,33,1,1111,5,High School,1,2,61,3,2,4,9998.00,19293.00,6,13,3,1,80,0,8,4,5,4,1,2
No,Travel_Rarely,25 - 34,Current Employees,Sales,Marketing,STAFF-1396,1396,Male,Sales Executive,Married,Yes,Y,3,32,1,499,2,High School,1,3,36,3,2,2,4078.00,20497.00,0,13,3,1,80,3,4,2,3,2,1,2
No,Non-Travel,35 - 44,Current Employees,R&D,Life Sciences,STAFF-1397,1397,Male,Healthcare Representative,Married,No,Y,2,39,1,1485,25,Associates Degree,1,3,71,3,3,3,10920.00,3449.00,3,21,4,2,80,1,13,3,6,4,0,5
No,Travel_Rarely,25 - 34,Current Employees,Sales,Life Sciences,STAFF-1399,1399,Male,Sales Executive,Married,No,Y,3,25,1,1372,18,High School,1,1,93,4,2,3,6232.00,12477.00,2,11,3,2,80,0,6,2,3,2,1,2
No,Travel_Frequently,45 - 54,Current Employees,R&D,Medical,STAFF-1401,1401,Female,Manufacturing Director,Married,Yes,Y,3,52,1,322,28,Associates Degree,1,4,59,4,4,3,13247.00,9731.00,2,11,3,2,80,1,24,2,5,3,0,2
No,Travel_Rarely,35 - 44,Current Employees,R&D,Medical,STAFF-1402,1402,Female,Research Scientist,Single,Yes,Y,3,43,1,930,6,Bachelor's Degree,1,1,73,2,2,3,4081.00,20003.00,1,14,3,1,80,0,20,1,20,7,1,8
No,Travel_Rarely,25 - 34,Current Employees,Sales,Marketing,STAFF-1403,1403,Female,Sales Executive,Married,Yes,Y,3,27,1,205,10,Bachelor's Degree,1,4,98,2,2,4,5769.00,7100.00,1,11,3,4,80,0,6,3,6,2,4,4
Yes,Travel_Rarely,25 - 34,Ex-Employees,R&D,Life Sciences,STAFF-1405,1405,Female,Research Scientist,Single,Yes,Y,2,27,0,135,17,Master's Degree,1,4,51,3,1,3,2394.00,25681.00,1,13,3,4,80,0,8,3,8,2,7,7
No,Travel_Rarely,25 - 34,Current Employees,R&D,Medical,STAFF-1407,1407,Male,Research Scientist,Single,No,Y,2,26,1,683,2,High School,1,1,36,2,1,4,3904.00,4050.00,0,12,3,4,80,0,5,3,4,3,1,1
No,Travel_Rarely,35 - 44,Current Employees,HR,Human Resources,STAFF-1408,1408,Female,Manager,Married,No,Y,5,42,1,1147,10,Bachelor's Degree,1,3,31,3,4,1,16799.00,16616.00,0,14,3,3,80,1,21,3,20,7,0,9
No,Non-Travel,25 - 34,Current Employees,R&D,Medical,STAFF-1955,1955,Female,Healthcare Representative,Divorced,No,Y,6,32,1,1146,15,Master's Degree,1,3,34,3,2,4,6667.00,16542.00,5,18,3,2,80,1,9,3,5,1,1,2
No,Non-Travel,35 - 44,Current Employees,R&D,Medical,STAFF-1662,1662,Female,Manufacturing Director,Married,No,Y,6,36,1,894,1,Master's Degree,1,4,33,2,2,3,4374.00,15411.00,0,15,3,3,80,0,4,3,3,2,1,2
No,Non-Travel,35 - 44,Current Employees,R&D,Life Sciences,STAFF-1630,1630,Female,Healthcare Representative,Married,No,Y,5,35,1,208,8,Master's Degree,1,3,52,3,2,3,4148.00,12250.00,1,12,3,4,80,1,15,3,14,11,2,9
No,Non-Travel,45 - 54,Current Employees,R&D,Medical,STAFF-2000,2000,Female,Research Director,Married,No,Y,3,47,1,1162,1,High School,1,3,98,3,3,2,11957.00,17231.00,0,18,3,1,80,2,14,1,13,8,5,12
No,Non-Travel,Under 25,Current Employees,R&D,Medical,STAFF-1839,1839,Female,Research Scientist,Single,No,Y,4,18,1,1431,14,Bachelor's Degree,1,2,33,3,1,3,1514.00,8018.00,1,16,3,3,80,0,0,1,0,0,0,0
No,Non-Travel,35 - 44,Current Employees,Sales,Life Sciences,STAFF-1929,1929,Female,Sales Executive,Married,No,Y,1,39,1,1251,21,Master's Degree,1,1,32,1,2,3,5736.00,3987.00,6,19,3,3,80,1,10,3,3,2,1,2
No,Non-Travel,Under 25,Current Employees,Sales,Life Sciences,STAFF-1495,1495,Female,Sales Representative,Married,No,Y,2,24,1,830,13,Associates Degree,1,4,78,3,1,2,2033.00,7103.00,1,13,3,3,80,1,1,3,1,0,0,0
No,Non-Travel,25 - 34,Current Employees,Sales,Marketing,STAFF-1756,1756,Female,Sales Executive,Single,No,Y,2,33,1,1283,2,Bachelor's Degree,1,4,62,3,2,2,5147.00,10697.00,8,15,3,4,80,0,13,2,11,7,1,7
No,Travel_Frequently,45 - 54,Current Employees,R&D,Medical,STAFF-1900,1900,Female,Manager,Divorced,No,Y,3,48,1,117,22,Bachelor's Degree,1,4,58,3,4,4,17174.00,2437.00,3,11,3,2,80,1,24,3,22,17,4,7
No,Travel_Frequently,35 - 44,Current Employees,R&D,Life Sciences,STAFF-2025,2025,Female,Manufacturing Director,Divorced,No,Y,3,36,1,688,4,Associates Degree,1,4,97,3,2,2,5131.00,9192.00,7,13,3,2,80,3,18,3,4,2,0,2
No,Travel_Frequently,35 - 44,Current Employees,R&D,Medical,STAFF-1760,1760,Female,Laboratory Technician,Married,No,Y,4,38,1,594,2,Associates Degree,1,3,75,2,1,2,2468.00,15963.00,4,14,3,2,80,1,9,2,6,1,0,5
No,Travel_Frequently,25 - 34,Current Employees,R&D,Life Sciences,STAFF-1870,1870,Female,Research Scientist,Married,No,Y,2,27,1,1131,15,Bachelor's Degree,1,4,77,2,1,1,4774.00,23844.00,0,19,3,4,80,1,8,2,7,6,7,3
No,Travel_Frequently,35 - 44,Current Employees,R&D,Technical Degree,STAFF-1985,1985,Female,Laboratory Technician,Married,No,Y,2,40,1,692,11,Bachelor's Degree,1,4,73,3,2,3,6323.00,26849.00,1,11,3,1,80,1,10,4,10,9,9,4
No,Travel_Frequently,25 - 34,Current Employees,R&D,Life Sciences,STAFF-1513,1513,Female,Laboratory Technician,Married,No,Y,3,29,1,410,2,High School,1,4,97,3,1,2,3180.00,4668.00,0,13,3,3,80,3,4,3,3,2,0,2
No,Travel_Frequently,35 - 44,Current Employees,R&D,Medical,STAFF-1633,1633,Female,Manufacturing Director,Single,No,Y,2,39,1,711,4,Bachelor's Degree,1,1,81,3,2,3,5042.00,3140.00,0,13,3,4,80,0,10,1,9,2,3,8
No,Travel_Frequently,35 - 44,Current Employees,R&D,Medical,STAFF-1480,1480,Female,Laboratory Technician,Single,No,Y,3,42,1,748,9,Associates Degree,1,1,74,3,1,4,3673.00,16458.00,1,13,3,3,80,0,12,3,12,9,5,8
No,Travel_Frequently,25 - 34,Current Employees,R&D,Technical Degree,STAFF-1745,1745,Female,Research Scientist,Single,No,Y,2,30,1,1312,2,Master's Degree,1,4,78,2,1,1,4968.00,26427.00,0,16,3,4,80,0,10,3,9,7,0,7
No,Travel_Frequently,35 - 44,Current Employees,Sales,Marketing,STAFF-1481,1481,Female,Sales Executive,Married,No,Y,4,44,1,383,1,Doctoral Degree,1,1,79,3,2,3,4768.00,9282.00,7,12,3,3,80,1,11,2,1,0,0,0
No,Travel_Frequently,25 - 34,Current Employees,Sales,Marketing,STAFF-1833,1833,Female,Sales Executive,Married,No,Y,3,31,1,1125,7,Master's Degree,1,1,68,3,3,1,9637.00,8277.00,2,14,3,4,80,2,9,3,3,2,2,2
No,Travel_Rarely,25 - 34,Current Employees,HR,Human Resources,STAFF-1987,1987,Female,Human Resources,Married,No,Y,3,25,1,309,2,Bachelor's Degree,1,3,82,3,1,2,2187.00,19655.00,4,14,3,3,80,0,6,3,2,0,1,2
No,Travel_Rarely,45 - 54,Current Employees,HR,Life Sciences,STAFF-1625,1625,Female,Manager,Married,No,Y,2,47,1,1176,26,Master's Degree,1,4,98,3,5,3,19658.00,5220.00,3,11,3,3,80,1,27,3,5,2,1,0
No,Travel_Rarely,25 - 34,Current Employees,HR,Medical,STAFF-1461,1461,Female,Human Resources,Single,No,Y,3,31,1,1398,8,Associates Degree,1,4,96,4,1,2,2109.00,24609.00,9,18,3,4,80,0,8,3,3,2,0,2
No,Travel_Rarely,25 - 34,Current Employees,R&D,Medical,STAFF-1916,1916,Female,Laboratory Technician,Divorced,No,Y,0,31,1,471,4,Bachelor's Degree,1,1,62,4,1,3,3978.00,16031.00,8,12,3,2,80,1,4,2,2,2,2,2
No,Travel_Rarely,35 - 44,Current Employees,R&D,Life Sciences,STAFF-1829,1829,Female,Healthcare Representative,Divorced,No,Y,3,40,1,750,12,Bachelor's Degree,1,2,47,3,2,1,4448.00,10748.00,2,12,3,2,80,1,15,3,7,4,7,7
No,Travel_Rarely,35 - 44,Current Employees,R&D,Life Sciences,STAFF-1822,1822,Female,Healthcare Representative,Divorced,No,Y,3,40,1,1194,1,Bachelor's Degree,1,3,52,3,2,4,6513.00,9060.00,4,17,3,4,80,1,12,3,5,3,0,3
No,Travel_Rarely,25 - 34,Current Employees,R&D,Technical Degree,STAFF-1762,1762,Female,Research Scientist,Divorced,No,Y,2,29,1,590,4,Bachelor's Degree,1,4,91,2,1,1,2109.00,10007.00,1,13,3,3,80,1,1,3,1,0,0,0
No,Travel_Rarely,25 - 34,Current Employees,R&D,Life Sciences,STAFF-1658,1658,Female,Research Scientist,Divorced,No,Y,2,34,1,1130,3,Bachelor's Degree,1,4,66,3,2,2,5433.00,19332.00,1,12,3,3,80,1,11,3,11,8,7,9
No,Travel_Rarely,45 - 54,Current Employees,R&D,Other,STAFF-1635,1635,Female,Manufacturing Director,Divorced,No,Y,3,45,1,1329,2,Associates Degree,1,4,59,2,2,4,5770.00,5388.00,1,19,3,1,80,2,10,3,10,7,3,9
No,Travel_Rarely,45 - 54,Current Employees,R&D,Life Sciences,STAFF-1656,1656,Female,Research Director,Divorced,No,Y,3,50,1,813,17,Doctoral Degree,1,4,50,2,3,1,13269.00,21981.00,5,15,3,3,80,3,19,3,14,11,1,11
No,Travel_Rarely,25 - 34,Current Employees,R&D,Medical,STAFF-1502,1502,Female,Laboratory Technician,Married,No,Y,5,33,1,1099,4,Master's Degree,1,1,82,2,1,2,3838.00,8192.00,8,11,3,4,80,0,8,3,5,4,0,2
No,Travel_Rarely,35 - 44,Current Employees,R&D,Medical,STAFF-1866,1866,Female,Manager,Married,No,Y,2,43,1,823,6,Bachelor's Degree,1,1,81,2,5,3,19392.00,22539.00,7,13,3,4,80,0,21,3,16,12,6,14
No,Travel_Rarely,45 - 54,Current Employees,R&D,Technical Degree,STAFF-1786,1786,Female,Manager,Married,No,Y,2,51,1,942,3,Bachelor's Degree,1,1,53,3,3,3,13116.00,22984.00,2,11,3,4,80,0,15,3,2,2,2,2
No,Travel_Rarely,25 - 34,Current Employees,R&D,Life Sciences,STAFF-1701,1701,Female,Research Scientist,Married,No,Y,3,34,1,678,19,Bachelor's Degree,1,2,35,2,1,4,2929.00,20338.00,1,12,3,2,80,0,10,3,10,9,8,7
No,Travel_Rarely,25 - 34,Current Employees,R&D,Medical,STAFF-1647,1647,Female,Research Scientist,Married,No,Y,0,27,1,486,8,Bachelor's Degree,1,2,86,4,1,3,3517.00,22490.00,7,17,3,1,80,0,5,3,3,2,0,2
No,Travel_Rarely,45 - 54,Current Employees,R&D,Other,STAFF-1409,1409,Female,Laboratory Technician,Married,No,Y,2,52,1,258,8,Master's Degree,1,3,54,3,1,1,2950.00,17363.00,9,13,3,3,80,0,12,1,5,4,0,4
No,Travel_Rarely,35 - 44,Current Employees,R&D,Medical,STAFF-2015,2015,Female,Research Director,Married,No,Y,3,38,1,201,10,Bachelor's Degree,1,2,99,1,3,3,13206.00,3376.00,3,12,3,1,80,1,20,3,18,16,1,11
No,Travel_Rarely,35 - 44,Current Employees,R&D,Medical,STAFF-1640,1640,Female,Research Scientist,Married,No,Y,2,37,1,1470,10,Bachelor's Degree,1,2,71,3,1,2,3936.00,9953.00,1,11,3,1,80,1,8,1,8,4,7,7
No,Travel_Rarely,25 - 34,Current Employees,R&D,Other,STAFF-1544,1544,Female,Healthcare Representative,Married,No,Y,3,29,1,441,8,High School,1,3,39,1,2,1,9715.00,7288.00,3,13,3,3,80,1,9,3,7,7,0,7
No,Travel_Rarely,35 - 44,Current Employees,R&D,Life Sciences,STAFF-2052,2052,Female,Research Scientist,Married,No,Y,5,35,1,287,1,Master's Degree,1,3,62,1,1,4,2977.00,8952.00,1,12,3,4,80,1,4,3,4,3,1,1
No,Travel_Rarely,35 - 44,Current Employees,R&D,Life Sciences,STAFF-1802,1802,Female,Laboratory Technician,Married,No,Y,5,40,1,616,2,Associates Degree,1,3,99,3,1,1,3377.00,25605.00,4,17,3,4,80,1,7,2,4,3,0,2
No,Travel_Rarely,45 - 54,Current Employees,R&D,Life Sciences,STAFF-1617,1617,Female,Laboratory Technician,Married,No,Y,3,49,1,722,25,Master's Degree,1,3,84,3,1,1,3211.00,22102.00,1,14,3,4,80,1,10,2,9,6,1,4
No,Travel_Rarely,45 - 54,Current Employees,R&D,Other,STAFF-1576,1576,Female,Research Scientist,Married,No,Y,3,48,1,1108,15,Master's Degree,1,3,65,3,1,1,2367.00,16530.00,8,12,3,4,80,1,10,2,8,2,7,6
No,Travel_Rarely,25 - 34,Current Employees,R&D,Life Sciences,STAFF-1447,1447,Female,Laboratory Technician,Married,No,Y,2,34,1,401,1,Bachelor's Degree,1,4,86,2,1,2,3294.00,3708.00,5,17,3,1,80,1,7,2,5,4,0,2
No,Travel_Rarely,25 - 34,Current Employees,R&D,Life Sciences,STAFF-1555,1555,Female,Research Scientist,Married,No,Y,2,32,1,824,5,Associates Degree,1,4,67,2,2,2,5878.00,15624.00,3,12,3,1,80,1,12,3,7,1,2,5
No,Travel_Rarely,35 - 44,Current Employees,R&D,Other,STAFF-1782,1782,Female,Laboratory Technician,Married,No,Y,3,38,1,1153,6,Associates Degree,1,4,40,2,1,3,3702.00,16376.00,1,11,3,2,80,1,5,3,5,4,0,4
No,Travel_Rarely,35 - 44,Current Employees,R&D,Medical,STAFF-1687,1687,Female,Laboratory Technician,Married,No,Y,5,38,1,1495,4,Associates Degree,1,4,87,3,1,3,3306.00,26176.00,7,19,3,4,80,1,7,2,0,0,0,0
No,Travel_Rarely,25 - 34,Current Employees,R&D,Medical,STAFF-1709,1709,Female,Laboratory Technician,Married,No,Y,2,29,1,1082,9,Master's Degree,1,4,43,3,1,3,2974.00,25412.00,9,17,3,3,80,1,9,3,5,3,1,2
No,Travel_Rarely,45 - 54,Current Employees,R&D,Medical,STAFF-1830,1830,Female,Research Scientist,Married,No,Y,2,54,1,431,7,Master's Degree,1,4,68,3,2,4,6854.00,15696.00,4,15,3,2,80,1,14,2,7,1,1,7
No,Travel_Rarely,35 - 44,Current Employees,R&D,Life Sciences,STAFF-1628,1628,Female,Manufacturing Director,Married,No,Y,2,40,1,884,15,Bachelor's Degree,1,1,80,2,3,3,10435.00,25800.00,1,13,3,4,80,2,18,3,18,15,14,12
No,Travel_Rarely,45 - 54,Current Employees,R&D,Other,STAFF-1655,1655,Female,Research Director,Married,No,Y,2,49,1,301,22,Master's Degree,1,1,72,3,4,2,16413.00,3498.00,3,16,3,2,80,2,27,3,4,2,1,2
No,Travel_Rarely,45 - 54,Current Employees,R&D,Life Sciences,STAFF-1969,1969,Female,Research Scientist,Married,No,Y,6,54,1,155,9,Associates Degree,1,1,67,3,2,3,2897.00,22474.00,3,11,3,3,80,2,9,2,4,3,2,3
No,Travel_Rarely,45 - 54,Current Employees,R&D,Medical,STAFF-1443,1443,Female,Research Director,Married,No,Y,2,47,1,359,2,Master's Degree,1,1,82,3,4,3,17169.00,26703.00,3,19,3,2,80,2,26,4,20,17,5,6
No,Travel_Rarely,45 - 54,Current Employees,R&D,Life Sciences,STAFF-1888,1888,Female,Manufacturing Director,Married,No,Y,2,45,1,556,25,Associates Degree,1,2,93,2,2,4,5906.00,23888.00,0,13,3,4,80,2,10,2,9,8,3,8
No,Travel_Rarely,35 - 44,Current Employees,R&D,Life Sciences,STAFF-1651,1651,Female,Healthcare Representative,Married,No,Y,6,36,1,711,5,Master's Degree,1,2,42,3,3,1,8008.00,22792.00,4,12,3,3,80,2,9,3,3,2,0,2
No,Travel_Rarely,25 - 34,Current Employees,R&D,Other,STAFF-1607,1607,Female,Research Scientist,Married,No,Y,3,32,1,634,5,Master's Degree,1,2,35,4,1,4,3312.00,18783.00,3,17,3,4,80,2,6,3,3,2,0,2
No,Travel_Rarely,35 - 44,Current Employees,R&D,Medical,STAFF-2051,2051,Female,Research Scientist,Married,No,Y,2,40,1,1194,2,Master's Degree,1,3,98,3,1,3,2001.00,12549.00,2,14,3,2,80,3,20,3,5,3,0,2
No,Travel_Rarely,25 - 34,Current Employees,R&D,Life Sciences,STAFF-1430,1430,Female,Research Director,Single,No,Y,3,31,1,182,8,Doctoral Degree,1,1,93,3,4,2,16422.00,8847.00,3,11,3,3,80,0,9,4,3,2,1,0
No,Travel_Rarely,35 - 44,Current Employees,R&D,Medical,STAFF-1411,1411,Female,Laboratory Technician,Single,No,Y,6,37,1,1462,11,Bachelor's Degree,1,1,94,3,1,3,3629.00,19106.00,4,18,3,1,80,0,8,3,3,2,0,2
No,Travel_Rarely,25 - 34,Current Employees,R&D,Medical,STAFF-1816,1816,Female,Manufacturing Director,Single,No,Y,3,30,1,1092,10,Bachelor's Degree,1,1,64,3,3,3,9667.00,2739.00,9,14,3,2,80,0,9,3,7,7,0,2
No,Travel_Rarely,35 - 44,Current Employees,R&D,Life Sciences,STAFF-1525,1525,Female,Manufacturing Director,Single,No,Y,3,39,1,1089,6,Bachelor's Degree,1,2,32,3,3,2,8376.00,9150.00,4,18,3,4,80,0,9,3,2,0,2,2
No,Travel_Rarely,45 - 54,Current Employees,R&D,Life Sciences,STAFF-1856,1856,Female,Laboratory Technician,Single,No,Y,2,47,1,207,9,Master's Degree,1,2,64,3,1,3,2105.00,5411.00,4,12,3,3,80,0,7,3,2,2,2,0
No,Travel_Rarely,25 - 34,Current Employees,R&D,Life Sciences,STAFF-2010,2010,Female,Laboratory Technician,Single,No,Y,3,32,1,267,29,Master's Degree,1,3,49,2,1,2,2837.00,15919.00,1,13,3,3,80,0,6,3,6,2,4,1
No,Travel_Rarely,Under 25,Current Employees,R&D,Medical,STAFF-1735,1735,Female,Laboratory Technician,Single,No,Y,3,23,1,160,4,High School,1,3,51,3,1,2,3295.00,12862.00,1,13,3,3,80,0,3,1,3,2,1,2
No,Travel_Rarely,25 - 34,Current Employees,R&D,Medical,STAFF-1751,1751,Female,Research Scientist,Single,No,Y,5,27,1,1054,8,Bachelor's Degree,1,3,67,3,1,4,3445.00,6152.00,1,11,3,3,80,0,6,2,6,2,1,4
No,Travel_Rarely,25 - 34,Current Employees,R&D,Medical,STAFF-2054,2054,Female,Research Scientist,Single,No,Y,3,29,1,468,28,Master's Degree,1,4,73,2,1,1,3785.00,8489.00,1,14,3,2,80,0,5,1,5,4,0,4
No,Travel_Rarely,35 - 44,Current Employees,R&D,Life Sciences,STAFF-1529,1529,Female,Healthcare Representative,Single,No,Y,3,35,1,1029,16,Bachelor's Degree,1,4,91,2,3,2,8606.00,21195.00,1,19,3,4,80,0,11,1,11,8,3,3
No,Travel_Rarely,45 - 54,Current Employees,R&D,Technical Degree,STAFF-1719,1719,Female,Research Director,Single,No,Y,2,45,1,1005,28,Associates Degree,1,4,48,2,4,2,16704.00,17119.00,1,11,3,3,80,0,21,3,21,6,8,6
No,Travel_Rarely,45 - 54,Current Employees,R&D,Medical,STAFF-1422,1422,Female,Research Director,Single,No,Y,3,54,1,971,1,Bachelor's Degree,1,4,54,3,4,4,17328.00,5652.00,6,19,3,4,80,0,29,2,20,7,12,7
No,Travel_Rarely,45 - 54,Current Employees,Sales,Technical Degree,STAFF-1863,1863,Female,Sales Executive,Divorced,No,Y,5,46,1,1319,3,Bachelor's Degree,1,1,45,4,4,1,13225.00,7739.00,2,12,3,4,80,1,25,3,19,17,2,8
No,Travel_Rarely,45 - 54,Current Employees,Sales,Life Sciences,STAFF-1557,1557,Female,Sales Executive,Divorced,No,Y,2,48,1,492,16,Master's Degree,1,3,96,3,2,3,6439.00,13693.00,8,14,3,3,80,1,18,3,8,7,7,7
No,Travel_Rarely,25 - 34,Current Employees,Sales,Marketing,STAFF-1428,1428,Female,Sales Executive,Divorced,No,Y,3,30,1,855,7,Master's Degree,1,4,73,3,2,1,4779.00,12761.00,7,14,3,2,80,2,8,3,3,2,0,2
No,Travel_Rarely,45 - 54,Current Employees,Sales,Life Sciences,STAFF-1676,1676,Female,Manager,Divorced,No,Y,2,47,1,1225,2,Master's Degree,1,2,47,4,4,2,15972.00,21086.00,6,14,3,3,80,3,29,3,3,2,1,2
No,Travel_Rarely,35 - 44,Current Employees,Sales,Life Sciences,STAFF-2041,2041,Female,Sales Executive,Married,No,Y,1,38,1,345,10,Associates Degree,1,1,100,3,2,4,5343.00,5982.00,1,11,3,3,80,1,10,3,10,7,1,9
No,Travel_Rarely,35 - 44,Current Employees,Sales,Marketing,STAFF-2045,2045,Female,Sales Executive,Married,No,Y,2,36,1,1120,11,Master's Degree,1,2,100,2,2,4,6652.00,14369.00,4,13,3,1,80,1,8,2,6,3,0,0
No,Travel_Rarely,35 - 44,Current Employees,Sales,Marketing,STAFF-2056,2056,Female,Sales Executive,Married,No,Y,2,39,1,722,24,High School,1,2,60,2,4,4,12031.00,8828.00,0,11,3,1,80,1,21,2,20,9,9,6
No,Travel_Rarely,35 - 44,Current Employees,Sales,Marketing,STAFF-1986,1986,Female,Sales Executive,Married,No,Y,4,40,1,444,2,Associates Degree,1,2,92,3,2,2,5677.00,4258.00,3,14,3,3,80,1,15,3,11,8,5,10
No,Travel_Rarely,25 - 34,Current Employees,Sales,Medical,STAFF-1875,1875,Female,Sales Representative,Married,No,Y,3,28,1,1172,3,Bachelor's Degree,1,2,78,3,1,2,2856.00,3692.00,1,19,3,4,80,1,1,3,1,0,0,0
No,Travel_Rarely,45 - 54,Current Employees,Sales,Life Sciences,STAFF-1527,1527,Female,Manager,Married,No,Y,2,46,1,228,3,Bachelor's Degree,1,3,51,3,4,2,16606.00,11380.00,8,12,3,4,80,1,23,4,13,12,5,1
No,Travel_Rarely,Over 55,Current Employees,Sales,Marketing,STAFF-1935,1935,Female,Sales Executive,Married,No,Y,3,56,1,1443,11,Doctoral Degree,1,4,89,2,2,1,5380.00,20328.00,4,16,3,3,80,1,6,3,0,0,0,0
No,Travel_Rarely,35 - 44,Current Employees,Sales,Life Sciences,STAFF-1598,1598,Female,Sales Executive,Married,No,Y,2,40,1,118,14,Associates Degree,1,4,84,3,2,1,4639.00,11262.00,1,15,3,3,80,1,5,3,5,4,1,2
No,Travel_Rarely,25 - 34,Current Employees,Sales,Marketing,STAFF-1784,1784,Female,Sales Executive,Married,No,Y,3,31,1,196,29,Master's Degree,1,1,91,2,2,4,5468.00,13402.00,1,14,3,1,80,2,13,3,12,7,5,7
No,Travel_Rarely,35 - 44,Current Employees,Sales,Medical,STAFF-2024,2024,Female,Sales Executive,Married,No,Y,2,36,1,557,3,Bachelor's Degree,1,1,94,2,3,4,7644.00,12695.00,0,19,3,3,80,2,10,3,9,7,3,4
No,Travel_Rarely,25 - 34,Current Employees,Sales,Life Sciences,STAFF-1673,1673,Female,Sales Executive,Married,No,Y,2,31,1,1112,5,Master's Degree,1,1,67,3,2,4,5476.00,22589.00,1,11,3,1,80,2,10,3,10,0,0,2
No,Travel_Rarely,35 - 44,Current Employees,Sales,Marketing,STAFF-1436,1436,Female,Sales Executive,Married,No,Y,3,36,1,329,16,Master's Degree,1,3,98,2,2,1,5647.00,13494.00,4,13,3,1,80,2,11,2,3,2,0,2
No,Travel_Rarely,25 - 34,Current Employees,Sales,Marketing,STAFF-2016,2016,Female,Sales Executive,Married,No,Y,3,32,1,801,1,Master's Degree,1,3,48,3,3,4,10422.00,24032.00,1,19,3,3,80,2,14,3,14,10,5,7
No,Travel_Rarely,25 - 34,Current Employees,Sales,Medical,STAFF-1898,1898,Female,Sales Executive,Single,No,Y,5,27,1,511,2,Associates Degree,1,1,89,4,2,3,6500.00,26997.00,0,14,3,2,80,0,9,2,8,7,0,7
No,Travel_Rarely,35 - 44,Current Employees,Sales,Life Sciences,STAFF-1583,1583,Female,Sales Executive,Single,No,Y,5,38,1,437,16,Bachelor's Degree,1,2,90,3,2,2,4198.00,16379.00,2,12,3,2,80,0,8,4,3,2,1,2
No,Travel_Rarely,35 - 44,Current Employees,Sales,Life Sciences,STAFF-1585,1585,Female,Sales Executive,Single,No,Y,5,36,1,884,1,Master's Degree,1,2,73,3,2,3,6815.00,21447.00,6,13,3,1,80,0,15,3,1,0,0,0
No,Travel_Rarely,Under 25,Current Employees,Sales,Medical,STAFF-1657,1657,Female,Sales Representative,Single,No,Y,3,20,1,1141,2,Bachelor's Degree,1,3,31,3,1,3,2783.00,13251.00,1,19,3,1,80,0,2,3,2,2,2,2
No,Travel_Rarely,35 - 44,Current Employees,Sales,Life Sciences,STAFF-1710,1710,Female,Sales Representative,Single,No,Y,2,36,1,530,2,Master's Degree,1,3,51,3,2,4,4502.00,7439.00,3,15,3,3,80,0,17,2,13,7,6,7
No,Travel_Rarely,25 - 34,Current Employees,Sales,Life Sciences,STAFF-1779,1779,Female,Sales Executive,Single,No,Y,3,34,1,511,3,Associates Degree,1,4,32,1,2,4,6029.00,25353.00,5,12,3,1,80,0,6,3,2,2,2,2
No,Travel_Rarely,25 - 34,Current Employees,Sales,Other,STAFF-2060,2060,Female,Sales Representative,Single,No,Y,2,26,1,1167,5,Bachelor's Degree,1,4,30,2,1,3,2966.00,21378.00,0,18,3,4,80,0,5,3,4,2,0,0
No,Travel_Rarely,45 - 54,Current Employees,Sales,Life Sciences,STAFF-2046,2046,Female,Sales Executive,Single,No,Y,3,45,1,374,20,Bachelor's Degree,1,4,50,3,2,3,4850.00,23333.00,8,15,3,3,80,0,8,3,5,3,0,1
No,Travel_Rarely,45 - 54,Current Employees,Sales,Marketing,STAFF-1757,1757,Female,Sales Executive,Single,No,Y,1,49,1,1313,11,Master's Degree,1,4,80,3,2,4,4507.00,8191.00,3,12,3,3,80,0,8,4,5,1,0,4
No,Non-Travel,25 - 34,Current Employees,HR,Life Sciences,STAFF-1858,1858,Male,Human Resources,Divorced,No,Y,2,28,1,280,1,Associates Degree,1,3,43,3,1,4,2706.00,10494.00,1,15,3,2,80,1,3,3,3,2,2,2
No,Non-Travel,35 - 44,Current Employees,HR,Human Resources,STAFF-1805,1805,Male,Human Resources,Divorced,No,Y,3,38,1,1336,2,Bachelor's Degree,1,1,100,3,1,2,2592.00,7129.00,5,13,3,4,80,3,13,3,11,10,3,8
No,Non-Travel,35 - 44,Current Employees,HR,Human Resources,STAFF-1722,1722,Male,Human Resources,Married,No,Y,4,41,1,552,4,Bachelor's Degree,1,3,60,1,2,2,6430.00,20794.00,6,19,3,2,80,1,10,3,3,2,1,2
No,Non-Travel,35 - 44,Current Employees,R&D,Medical,STAFF-1804,1804,Male,Manufacturing Director,Divorced,No,Y,6,35,1,1180,2,Associates Degree,1,2,90,3,2,4,5762.00,24442.00,2,14,3,3,80,1,15,3,7,7,1,7
No,Non-Travel,35 - 44,Current Employees,R&D,Medical,STAFF-1468,1468,Male,Research Director,Divorced,No,Y,5,40,1,218,8,High School,1,4,55,2,3,2,13757.00,25178.00,2,11,3,3,80,1,16,3,9,8,4,8
No,Non-Travel,25 - 34,Current Employees,R&D,Technical Degree,STAFF-1482,1482,Male,Research Scientist,Divorced,No,Y,2,30,1,990,7,Bachelor's Degree,1,3,64,3,1,3,1274.00,7152.00,1,13,3,2,80,2,1,2,1,0,0,0
No,Non-Travel,35 - 44,Current Employees,R&D,Other,STAFF-1449,1449,Male,Laboratory Technician,Divorced,No,Y,2,40,1,663,9,Master's Degree,1,3,81,3,2,3,3975.00,23099.00,3,11,3,3,80,2,11,4,8,7,0,7
No,Non-Travel,25 - 34,Current Employees,R&D,Technical Degree,STAFF-1771,1771,Male,Research Scientist,Divorced,No,Y,2,33,1,775,4,Bachelor's Degree,1,4,90,3,2,2,3055.00,6194.00,5,15,3,4,80,2,11,2,9,8,1,7
No,Non-Travel,25 - 34,Current Employees,R&D,Medical,STAFF-1994,1994,Male,Laboratory Technician,Divorced,No,Y,2,33,1,1313,1,Associates Degree,1,2,59,2,1,3,2008.00,20439.00,1,12,3,3,80,3,1,2,1,1,0,0
No,Non-Travel,45 - 54,Current Employees,R&D,Technical Degree,STAFF-1934,1934,Male,Research Scientist,Married,No,Y,4,47,1,1169,14,Master's Degree,1,3,64,3,2,2,5467.00,2125.00,8,18,3,3,80,1,16,4,8,7,1,7
No,Non-Travel,25 - 34,Current Employees,R&D,Technical Degree,STAFF-1574,1574,Male,Research Scientist,Married,No,Y,3,32,1,1200,1,Master's Degree,1,4,62,3,2,1,4087.00,25174.00,4,14,3,2,80,1,9,2,6,5,1,2
No,Non-Travel,35 - 44,Current Employees,R&D,Life Sciences,STAFF-1813,1813,Male,Research Scientist,Single,No,Y,2,43,1,343,9,Bachelor's Degree,1,1,52,3,1,3,2438.00,24978.00,4,13,3,3,80,0,7,2,3,2,1,2
No,Non-Travel,25 - 34,Current Employees,R&D,Medical,STAFF-2057,2057,Male,Manufacturing Director,Single,No,Y,2,31,1,325,5,Bachelor's Degree,1,2,74,3,2,1,9936.00,3787.00,0,19,3,2,80,0,10,3,9,4,1,7
No,Non-Travel,25 - 34,Current Employees,R&D,Technical Degree,STAFF-1764,1764,Male,Research Scientist,Single,No,Y,3,32,1,953,5,Master's Degree,1,2,65,3,1,2,2718.00,17674.00,2,14,3,2,80,0,12,3,7,7,0,7
No,Non-Travel,35 - 44,Current Employees,R&D,Life Sciences,STAFF-1471,1471,Male,Laboratory Technician,Single,No,Y,5,44,1,981,5,Bachelor's Degree,1,3,90,2,1,3,3162.00,7973.00,3,14,3,4,80,0,7,3,5,2,0,3
No,Non-Travel,25 - 34,Current Employees,R&D,Medical,STAFF-1947,1947,Male,Research Scientist,Single,No,Y,3,28,1,1103,16,Bachelor's Degree,1,3,49,3,1,3,2144.00,2122.00,1,14,3,3,80,0,5,2,5,3,1,4
No,Non-Travel,35 - 44,Current Employees,R&D,Technical Degree,STAFF-1440,1440,Male,Laboratory Technician,Single,No,Y,2,37,1,1413,5,Associates Degree,1,3,84,4,1,3,3500.00,25470.00,0,14,3,1,80,0,7,1,6,5,1,3
No,Non-Travel,35 - 44,Current Employees,R&D,Life Sciences,STAFF-1976,1976,Male,Research Scientist,Single,No,Y,2,42,1,335,23,Associates Degree,1,4,37,2,2,3,4332.00,14811.00,1,12,3,4,80,0,20,3,20,9,3,7
No,Non-Travel,35 - 44,Current Employees,R&D,Life Sciences,STAFF-2022,2022,Male,Manager,Single,No,Y,3,39,1,105,9,Bachelor's Degree,1,4,87,3,5,4,19431.00,15302.00,2,13,3,3,80,0,21,2,6,0,1,3
No,Non-Travel,45 - 54,Current Employees,Sales,Life Sciences,STAFF-2019,2019,Male,Sales Representative,Divorced,No,Y,3,52,1,585,29,Master's Degree,1,1,40,3,1,4,3482.00,19788.00,2,15,3,2,80,2,16,2,9,8,0,0
No,Non-Travel,45 - 54,Current Employees,Sales,Marketing,STAFF-1612,1612,Male,Sales Executive,Married,No,Y,2,45,1,336,26,Bachelor's Degree,1,1,52,2,2,1,4385.00,24162.00,1,15,3,1,80,1,10,3,10,7,4,5
No,Non-Travel,45 - 54,Current Employees,Sales,Marketing,STAFF-1731,1731,Male,Sales Executive,Married,No,Y,3,47,1,543,2,Master's Degree,1,3,87,3,2,2,4978.00,3536.00,7,11,3,4,80,1,4,1,1,0,0,0
No,Non-Travel,45 - 54,Current Employees,Sales,Life Sciences,STAFF-1801,1801,Male,Sales Executive,Single,No,Y,3,46,1,849,26,Associates Degree,1,2,98,2,2,2,7991.00,25166.00,8,15,3,3,80,0,6,3,2,2,2,2
No,Travel_Frequently,35 - 44,Current Employees,HR,Human Resources,STAFF-1563,1563,Male,Human Resources,Married,No,Y,2,38,1,888,10,Master's Degree,1,3,71,3,2,3,6077.00,14814.00,3,11,3,3,80,0,10,3,6,3,1,2
No,Travel_Frequently,Under 25,Current Employees,HR,Medical,STAFF-1746,1746,Male,Human Resources,Married,No,Y,2,24,1,897,10,Bachelor's Degree,1,1,59,3,1,4,2145.00,2097.00,0,14,3,4,80,1,3,3,2,2,2,1
No,Travel_Frequently,25 - 34,Current Employees,R&D,Life Sciences,STAFF-1590,1590,Male,Healthcare Representative,Divorced,No,Y,0,29,1,995,2,High School,1,1,87,3,2,4,8853.00,24483.00,1,19,3,4,80,1,6,4,6,4,1,3
No,Travel_Frequently,25 - 34,Current Employees,R&D,Life Sciences,STAFF-1615,1615,Male,Manufacturing Director,Divorced,No,Y,3,34,1,426,10,Master's Degree,1,3,42,4,2,4,4724.00,17000.00,1,13,3,1,80,1,9,3,9,7,7,2
No,Travel_Frequently,25 - 34,Current Employees,R&D,Medical,STAFF-1485,1485,Male,Research Director,Divorced,No,Y,3,34,1,829,15,Bachelor's Degree,1,2,71,3,4,1,17007.00,11929.00,7,14,3,4,80,2,16,2,14,8,6,9
No,Travel_Frequently,25 - 34,Current Employees,R&D,Other,STAFF-1431,1431,Male,Research Scientist,Divorced,No,Y,2,34,1,560,1,Master's Degree,1,4,91,3,1,1,2996.00,20284.00,5,14,3,3,80,2,10,3,4,3,1,3
No,Travel_Frequently,25 - 34,Current Employees,R&D,Life Sciences,STAFF-1653,1653,Male,Manufacturing Director,Divorced,No,Y,6,25,1,772,2,High School,1,4,77,4,2,3,5206.00,4973.00,1,17,3,3,80,2,7,3,7,7,0,7
No,Travel_Frequently,45 - 54,Current Employees,R&D,Life Sciences,STAFF-1941,1941,Male,Research Director,Married,No,Y,3,49,1,1064,2,High School,1,2,42,3,5,4,19161.00,13738.00,3,15,3,4,80,0,28,3,5,4,4,3
No,Travel_Frequently,25 - 34,Current Employees,R&D,Medical,STAFF-1852,1852,Male,Laboratory Technician,Married,No,Y,3,29,1,574,20,High School,1,4,40,3,1,4,3812.00,7003.00,1,13,3,2,80,0,11,4,11,8,3,10
No,Travel_Frequently,35 - 44,Current Employees,R&D,Life Sciences,STAFF-1997,1997,Male,Manufacturing Director,Married,No,Y,1,38,1,508,6,Master's Degree,1,1,72,2,2,3,5321.00,14284.00,2,11,3,4,80,1,10,3,8,3,7,7
No,Travel_Frequently,25 - 34,Current Employees,R&D,Life Sciences,STAFF-1720,1720,Male,Research Scientist,Married,No,Y,3,32,1,585,10,Bachelor's Degree,1,1,56,3,1,3,3433.00,17360.00,6,13,3,1,80,1,10,2,5,2,1,3
No,Travel_Frequently,25 - 34,Current Employees,R&D,Other,STAFF-1918,1918,Male,Laboratory Technician,Married,No,Y,3,26,1,1096,6,Bachelor's Degree,1,3,61,4,1,4,2544.00,7102.00,0,18,3,1,80,1,8,3,7,7,7,7
No,Travel_Frequently,35 - 44,Current Employees,R&D,Medical,STAFF-2061,2061,Male,Laboratory Technician,Married,No,Y,3,36,1,884,23,Associates Degree,1,3,41,4,2,4,2571.00,12290.00,4,17,3,3,80,1,17,3,5,2,0,3
No,Travel_Frequently,25 - 34,Current Employees,R&D,Technical Degree,STAFF-1597,1597,Male,Healthcare Representative,Married,No,Y,3,34,1,653,10,Master's Degree,1,4,92,2,2,3,5063.00,15332.00,1,14,3,2,80,1,8,2,8,2,7,7
No,Travel_Frequently,35 - 44,Current Employees,R&D,Life Sciences,STAFF-1668,1668,Male,Research Scientist,Married,No,Y,4,38,1,1189,1,Bachelor's Degree,1,4,90,3,2,4,4735.00,9867.00,7,15,3,4,80,2,19,4,13,11,2,9
No,Travel_Frequently,45 - 54,Current Employees,R&D,Medical,STAFF-1922,1922,Male,Healthcare Representative,Single,No,Y,3,45,1,1297,1,Master's Degree,1,2,44,3,2,3,5399.00,14511.00,4,12,3,3,80,0,12,3,4,2,0,3
No,Travel_Frequently,35 - 44,Current Employees,R&D,Life Sciences,STAFF-1412,1412,Male,Manufacturing Director,Single,No,Y,2,35,1,200,18,Associates Degree,1,3,60,3,3,4,9362.00,19944.00,2,11,3,3,80,0,10,3,2,2,2,2
No,Travel_Frequently,25 - 34,Current Employees,R&D,Medical,STAFF-1648,1648,Male,Research Scientist,Single,No,Y,0,27,1,591,2,Bachelor's Degree,1,4,87,3,1,4,2580.00,6297.00,2,13,3,3,80,0,6,2,4,2,1,2
No,Travel_Frequently,35 - 44,Current Employees,Sales,Life Sciences,STAFF-1812,1812,Male,Sales Executive,Divorced,No,Y,6,39,1,766,20,Bachelor's Degree,1,3,83,3,2,4,4127.00,19188.00,2,18,3,4,80,1,7,3,2,1,2,2
No,Travel_Frequently,35 - 44,Current Employees,Sales,Medical,STAFF-1700,1700,Male,Sales Executive,Divorced,No,Y,2,37,1,1278,1,Master's Degree,1,3,31,1,2,4,9525.00,7677.00,1,14,3,3,80,2,6,2,6,3,1,3
No,Travel_Frequently,45 - 54,Current Employees,Sales,Medical,STAFF-2065,2065,Male,Sales Executive,Married,No,Y,3,49,1,1023,2,Bachelor's Degree,1,4,63,2,2,2,5390.00,13243.00,2,14,3,4,80,0,17,2,9,6,0,8
No,Travel_Frequently,25 - 34,Current Employees,Sales,Medical,STAFF-1477,1477,Male,Sales Executive,Married,No,Y,2,33,1,430,7,Bachelor's Degree,1,4,54,3,2,1,4373.00,17456.00,0,14,3,1,80,2,5,3,4,3,0,3
No,Travel_Frequently,25 - 34,Current Employees,Sales,Life Sciences,STAFF-1507,1507,Male,Sales Executive,Single,No,Y,5,28,1,467,7,Bachelor's Degree,1,3,55,3,2,1,4898.00,11827.00,0,14,3,4,80,0,5,3,4,2,1,3
No,Travel_Frequently,25 - 34,Current Employees,Sales,Other,STAFF-1613,1613,Male,Sales Executive,Single,No,Y,3,31,1,715,2,Master's Degree,1,4,54,3,2,1,5332.00,21602.00,7,13,3,4,80,0,10,3,5,2,0,3
No,Travel_Frequently,25 - 34,Current Employees,Sales,Marketing,STAFF-1853,1853,Male,Sales Executive,Single,No,Y,2,32,1,1318,10,Master's Degree,1,4,79,3,2,4,4648.00,26075.00,8,13,3,3,80,0,4,4,0,0,0,0
No,Travel_Rarely,35 - 44,Current Employees,HR,Other,STAFF-1794,1794,Male,Human Resources,Divorced,No,Y,4,37,1,1239,8,Associates Degree,1,3,89,3,2,2,4071.00,12832.00,2,13,3,3,80,0,19,2,10,0,4,7
No,Travel_Rarely,25 - 34,Current Employees,HR,Medical,STAFF-1865,1865,Male,Human Resources,Married,No,Y,3,29,1,352,6,High School,1,4,87,2,1,2,2804.00,15434.00,1,11,3,4,80,0,1,3,1,0,0,0
No,Travel_Rarely,25 - 34,Current Employees,HR,Other,STAFF-1419,1419,Male,Human Resources,Single,No,Y,3,29,1,332,17,Bachelor's Degree,1,2,51,2,3,1,7988.00,9769.00,1,13,3,1,80,0,10,2,10,9,0,9
No,Travel_Rarely,35 - 44,Current Employees,HR,Life Sciences,STAFF-1778,1778,Male,Human Resources,Single,No,Y,5,43,1,244,2,Bachelor's Degree,1,2,97,3,1,4,3539.00,5033.00,0,13,3,2,80,0,10,3,9,7,1,8
No,Travel_Rarely,Over 55,Current Employees,R&D,Technical Degree,STAFF-1694,1694,Male,Research Scientist,Divorced,No,Y,1,55,1,1441,22,Bachelor's Degree,1,1,94,2,1,2,3537.00,23737.00,5,12,3,4,80,1,8,3,4,2,1,2
No,Travel_Rarely,25 - 34,Current Employees,R&D,Life Sciences,STAFF-1506,1506,Male,Research Scientist,Divorced,No,Y,2,28,1,1423,1,Bachelor's Degree,1,1,72,2,1,3,1563.00,12530.00,1,14,3,4,80,1,1,1,1,0,0,0
No,Travel_Rarely,35 - 44,Current Employees,R&D,Life Sciences,STAFF-1892,1892,Male,Manager,Divorced,No,Y,3,40,1,1137,1,Master's Degree,1,1,98,3,4,1,16823.00,18991.00,2,11,3,1,80,1,22,3,19,7,11,16
No,Travel_Rarely,25 - 34,Current Employees,R&D,Life Sciences,STAFF-1881,1881,Male,Laboratory Technician,Divorced,No,Y,2,31,1,311,20,Bachelor's Degree,1,2,89,3,2,3,4197.00,18624.00,1,11,3,1,80,1,10,3,10,8,0,2
No,Travel_Rarely,35 - 44,Current Employees,R&D,Medical,STAFF-1627,1627,Male,Laboratory Technician,Divorced,No,Y,3,39,1,170,3,Associates Degree,1,3,76,2,2,3,3069.00,10302.00,0,15,3,4,80,1,11,3,10,8,0,7
No,Travel_Rarely,35 - 44,Current Employees,R&D,Medical,STAFF-1474,1474,Male,Research Scientist,Divorced,No,Y,3,40,1,896,2,Bachelor's Degree,1,3,68,3,1,3,2345.00,8045.00,2,14,3,3,80,1,8,4,3,1,1,2
No,Travel_Rarely,45 - 54,Current Employees,R&D,Life Sciences,STAFF-1857,1857,Male,Manufacturing Director,Divorced,No,Y,4,46,1,706,2,Associates Degree,1,4,82,3,3,4,8578.00,19989.00,3,14,3,3,80,1,12,2,9,8,4,7
No,Travel_Rarely,35 - 44,Current Employees,R&D,Technical Degree,STAFF-1599,1599,Male,Laboratory Technician,Divorced,No,Y,0,43,1,990,27,Bachelor's Degree,1,4,87,4,1,2,4876.00,5855.00,5,12,3,3,80,1,8,3,6,4,0,2
No,Travel_Rarely,35 - 44,Current Employees,R&D,Life Sciences,STAFF-1940,1940,Male,Research Scientist,Divorced,No,Y,0,38,1,1206,9,Associates Degree,1,2,71,3,1,4,4771.00,14293.00,2,19,3,4,80,2,10,4,5,2,0,3
No,Travel_Rarely,Over 55,Current Employees,R&D,Medical,STAFF-1424,1424,Male,Research Director,Divorced,No,Y,4,55,1,1136,1,Master's Degree,1,2,81,4,4,4,14732.00,12414.00,2,13,3,4,80,2,31,4,7,7,0,0
No,Travel_Rarely,45 - 54,Current Employees,R&D,Life Sciences,STAFF-1484,1484,Male,Healthcare Representative,Divorced,No,Y,3,49,1,1490,7,Master's Degree,1,3,35,3,3,2,10466.00,20948.00,3,14,3,2,80,2,29,3,8,7,0,7
No,Travel_Rarely,25 - 34,Current Employees,R&D,Life Sciences,STAFF-1859,1859,Male,Healthcare Representative,Divorced,No,Y,3,29,1,726,29,High School,1,4,93,1,2,3,6384.00,21143.00,8,17,3,4,80,2,11,3,7,0,1,6
No,Travel_Rarely,25 - 34,Current Employees,R&D,Other,STAFF-1619,1619,Male,Laboratory Technician,Divorced,No,Y,3,27,1,1302,19,Bachelor's Degree,1,4,67,2,1,1,4066.00,16290.00,1,11,3,1,80,2,7,3,7,7,0,7
No,Travel_Rarely,25 - 34,Current Employees,R&D,Medical,STAFF-1671,1671,Male,Research Scientist,Divorced,No,Y,4,32,1,977,2,Bachelor's Degree,1,4,45,3,2,2,5470.00,25518.00,0,13,3,3,80,2,10,2,9,5,1,6
No,Travel_Rarely,45 - 54,Current Employees,R&D,Technical Degree,STAFF-1553,1553,Male,Healthcare Representative,Divorced,No,Y,4,45,1,538,1,Master's Degree,1,1,66,3,3,2,7441.00,20933.00,1,12,3,1,80,3,10,3,10,8,7,7
No,Travel_Rarely,Under 25,Current Employees,R&D,Medical,STAFF-1725,1725,Male,Laboratory Technician,Divorced,No,Y,2,24,1,506,29,High School,1,2,91,3,1,1,3907.00,3622.00,1,13,3,2,80,3,6,4,6,2,1,2
No,Travel_Rarely,Under 25,Current Employees,R&D,Technical Degree,STAFF-1551,1551,Male,Laboratory Technician,Divorced,No,Y,3,24,1,350,21,Associates Degree,1,3,57,2,1,1,2296.00,10036.00,0,14,3,2,80,3,2,3,1,1,0,0
No,Travel_Rarely,35 - 44,Current Employees,R&D,Other,STAFF-1871,1871,Male,Research Scientist,Divorced,No,Y,2,39,1,835,19,Master's Degree,1,4,41,3,2,4,3902.00,5141.00,8,14,3,2,80,3,7,3,2,2,2,2
No,Travel_Rarely,35 - 44,Current Employees,R&D,Life Sciences,STAFF-2031,2031,Male,Manager,Married,No,Y,2,42,1,300,2,Bachelor's Degree,1,1,56,3,5,3,18880.00,17312.00,5,11,3,1,80,0,24,2,22,6,4,14
No,Travel_Rarely,35 - 44,Current Employees,R&D,Medical,STAFF-1543,1543,Male,Research Scientist,Married,No,Y,2,37,1,674,13,Bachelor's Degree,1,1,47,3,2,4,4285.00,3031.00,1,17,3,1,80,0,10,3,10,8,3,7
No,Travel_Rarely,25 - 34,Current Employees,R&D,Life Sciences,STAFF-1434,1434,Male,Laboratory Technician,Married,No,Y,3,27,1,1377,11,High School,1,2,91,3,1,1,2099.00,7679.00,0,14,3,2,80,0,6,4,5,0,1,4
No,Travel_Rarely,35 - 44,Current Employees,R&D,Life Sciences,STAFF-1621,1621,Male,Research Scientist,Married,No,Y,2,35,1,819,18,Doctoral Degree,1,2,48,4,2,1,5208.00,26312.00,1,11,3,4,80,0,16,3,16,15,1,10
No,Travel_Rarely,25 - 34,Current Employees,R&D,Medical,STAFF-2068,2068,Male,Laboratory Technician,Married,No,Y,3,34,1,628,8,Bachelor's Degree,1,2,82,4,2,3,4404.00,10228.00,2,12,3,1,80,0,6,4,4,3,1,2
No,Travel_Rarely,45 - 54,Current Employees,R&D,Medical,STAFF-1689,1689,Male,Healthcare Representative,Married,No,Y,2,53,1,1395,24,Master's Degree,1,2,48,4,3,4,7005.00,3458.00,3,15,3,3,80,0,11,3,4,3,1,2
No,Travel_Rarely,45 - 54,Current Employees,R&D,Life Sciences,STAFF-1867,1867,Male,Research Director,Married,No,Y,3,48,1,1224,10,Bachelor's Degree,1,4,91,2,5,2,19665.00,13583.00,4,12,3,4,80,0,29,3,22,10,12,9
No,Travel_Rarely,25 - 34,Current Employees,R&D,Medical,STAFF-1989,1989,Male,Laboratory Technician,Married,No,Y,6,30,1,911,1,Associates Degree,1,4,76,3,1,2,3748.00,4077.00,1,13,3,3,80,0,12,2,12,8,1,7
No,Travel_Rarely,25 - 34,Current Employees,R&D,Life Sciences,STAFF-1954,1954,Male,Healthcare Representative,Married,No,Y,5,29,1,136,1,Bachelor's Degree,1,1,89,3,2,1,5373.00,6225.00,0,12,3,1,80,1,6,2,5,3,0,2
No,Travel_Rarely,45 - 54,Current Employees,R&D,Technical Degree,STAFF-1473,1473,Male,Healthcare Representative,Married,No,Y,0,49,1,1495,5,Master's Degree,1,1,96,3,2,3,6651.00,21534.00,2,14,3,2,80,1,20,2,3,2,1,2
No,Travel_Rarely,35 - 44,Current Employees,R&D,Life Sciences,STAFF-1971,1971,Male,Healthcare Representative,Married,No,Y,1,43,1,574,11,Bachelor's Degree,1,1,30,3,3,3,7510.00,16873.00,1,17,3,2,80,1,10,3,10,9,0,9
No,Travel_Rarely,25 - 34,Current Employees,R&D,Technical Degree,STAFF-1415,1415,Male,Laboratory Technician,Married,No,Y,2,25,1,949,1,Bachelor's Degree,1,1,81,3,1,4,3229.00,4910.00,4,11,3,2,80,1,7,2,3,2,0,2
No,Travel_Rarely,45 - 54,Current Employees,R&D,Technical Degree,STAFF-1438,1438,Male,Research Scientist,Married,No,Y,2,47,1,465,1,Bachelor's Degree,1,1,74,3,1,4,3420.00,10205.00,7,12,3,3,80,1,17,2,6,5,1,2
No,Travel_Rarely,35 - 44,Current Employees,R&D,Medical,STAFF-1826,1826,Male,Laboratory Technician,Married,No,Y,2,35,1,185,23,Master's Degree,1,2,91,1,1,3,2705.00,9696.00,0,16,3,2,80,1,6,4,5,4,0,3
No,Travel_Rarely,25 - 34,Current Employees,R&D,Medical,STAFF-1609,1609,Male,Research Scientist,Married,No,Y,3,30,1,241,7,Bachelor's Degree,1,2,48,2,1,2,2141.00,5348.00,1,12,3,2,80,1,6,2,6,4,1,1
No,Travel_Rarely,25 - 34,Current Employees,R&D,Medical,STAFF-1696,1696,Male,Laboratory Technician,Married,No,Y,3,34,1,1157,5,Associates Degree,1,2,57,2,2,4,3986.00,11912.00,1,14,3,3,80,1,15,4,15,10,4,13
No,Travel_Rarely,25 - 34,Current Employees,R&D,Technical Degree,STAFF-1931,1931,Male,Research Scientist,Married,No,Y,3,27,1,1354,2,Master's Degree,1,2,41,3,1,2,2226.00,6073.00,1,11,3,3,80,1,6,2,5,3,1,2
No,Travel_Rarely,25 - 34,Current Employees,R&D,Life Sciences,STAFF-1721,1721,Male,Laboratory Technician,Married,No,Y,2,31,1,741,2,Master's Degree,1,2,69,3,1,3,3477.00,18103.00,1,14,3,4,80,1,6,4,5,2,0,3
No,Travel_Rarely,25 - 34,Current Employees,R&D,Life Sciences,STAFF-1729,1729,Male,Research Scientist,Married,No,Y,2,30,1,793,16,High School,1,2,33,3,1,4,2862.00,3811.00,1,12,3,2,80,1,10,2,10,0,0,8
No,Travel_Rarely,25 - 34,Current Employees,R&D,Life Sciences,STAFF-1580,1580,Male,Research Scientist,Married,No,Y,3,34,1,1351,1,Master's Degree,1,2,45,3,2,4,5484.00,13008.00,9,17,3,2,80,1,9,2,2,2,2,1
No,Travel_Rarely,35 - 44,Current Employees,R&D,Life Sciences,STAFF-1903,1903,Male,Healthcare Representative,Married,No,Y,5,44,1,170,1,Master's Degree,1,2,78,4,2,1,5033.00,9364.00,2,15,3,4,80,1,10,3,2,0,2,2
No,Travel_Rarely,35 - 44,Current Employees,R&D,Medical,STAFF-1542,1542,Male,Laboratory Technician,Married,No,Y,3,42,1,1210,2,Bachelor's Degree,1,3,68,2,1,2,4841.00,24052.00,4,14,3,2,80,1,4,3,1,0,0,0
No,Travel_Rarely,35 - 44,Current Employees,R&D,Life Sciences,STAFF-1601,1601,Male,Laboratory Technician,Married,No,Y,5,35,1,1349,7,Associates Degree,1,3,63,2,1,4,2690.00,7713.00,1,18,3,4,80,1,1,2,1,0,0,1
No,Travel_Rarely,35 - 44,Current Employees,R&D,Medical,STAFF-1911,1911,Male,Research Director,Married,No,Y,3,42,1,1396,6,Bachelor's Degree,1,3,83,3,3,1,13348.00,14842.00,9,13,3,2,80,1,18,4,13,7,5,7
No,Travel_Rarely,25 - 34,Current Employees,R&D,Life Sciences,STAFF-1799,1799,Male,Research Scientist,Married,No,Y,6,28,1,1181,1,Bachelor's Degree,1,3,82,3,1,4,2044.00,5531.00,1,11,3,3,80,1,5,4,5,3,0,3
No,Travel_Rarely,25 - 34,Current Employees,R&D,Life Sciences,STAFF-1763,1763,Male,Healthcare Representative,Married,No,Y,3,30,1,305,16,Bachelor's Degree,1,3,58,4,2,3,5294.00,9128.00,3,16,3,3,80,1,10,3,7,0,1,7
No,Travel_Rarely,Under 25,Current Employees,R&D,Medical,STAFF-1707,1707,Male,Research Scientist,Married,No,Y,1,24,1,581,9,Bachelor's Degree,1,3,62,4,1,3,4401.00,17616.00,1,16,3,4,80,1,5,3,5,3,0,4
No,Travel_Rarely,35 - 44,Current Employees,R&D,Medical,STAFF-2062,2062,Male,Healthcare Representative,Married,No,Y,5,39,1,613,6,High School,1,4,42,2,3,1,9991.00,21457.00,4,15,3,1,80,1,9,3,7,7,1,7
No,Travel_Rarely,35 - 44,Current Employees,R&D,Life Sciences,STAFF-1523,1523,Male,Research Director,Married,No,Y,1,44,1,136,28,Bachelor's Degree,1,4,32,3,4,1,16328.00,22074.00,3,13,3,3,80,1,24,4,20,6,14,17
No,Travel_Rarely,35 - 44,Current Employees,R&D,Life Sciences,STAFF-1728,1728,Male,Manufacturing Director,Married,No,Y,3,35,1,1370,27,Master's Degree,1,4,49,3,2,3,6883.00,5151.00,2,16,3,2,80,1,17,3,7,7,0,7
No,Travel_Rarely,25 - 34,Current Employees,R&D,Life Sciences,STAFF-1798,1798,Male,Research Scientist,Married,No,Y,1,33,1,867,8,Master's Degree,1,4,90,4,1,1,3143.00,6076.00,6,19,3,2,80,1,14,3,10,8,7,6
No,Travel_Rarely,Under 25,Current Employees,R&D,Technical Degree,STAFF-1592,1592,Male,Research Scientist,Married,No,Y,2,23,1,977,10,Bachelor's Degree,1,4,45,4,1,3,2073.00,12826.00,2,16,3,4,80,1,4,3,2,2,2,2
No,Travel_Rarely,35 - 44,Current Employees,R&D,Life Sciences,STAFF-1682,1682,Male,Healthcare Representative,Married,No,Y,2,36,1,1351,26,Master's Degree,1,1,80,3,2,3,5347.00,7419.00,6,14,3,2,80,2,10,2,3,2,0,2
No,Travel_Rarely,35 - 44,Current Employees,R&D,Life Sciences,STAFF-2012,2012,Male,Laboratory Technician,Married,No,Y,3,40,1,543,1,Master's Degree,1,1,83,3,1,4,2406.00,4060.00,8,19,3,3,80,2,8,2,1,0,0,0
No,Travel_Rarely,35 - 44,Current Employees,R&D,Medical,STAFF-1803,1803,Male,Healthcare Representative,Married,No,Y,2,42,1,1128,13,Bachelor's Degree,1,2,95,4,2,1,5538.00,5696.00,5,18,3,3,80,2,10,2,0,0,0,0
No,Travel_Rarely,35 - 44,Current Employees,R&D,Life Sciences,STAFF-1596,1596,Male,Laboratory Technician,Married,No,Y,3,35,1,750,28,Bachelor's Degree,1,2,46,4,2,3,3407.00,25348.00,1,17,3,4,80,2,10,2,10,9,6,8
No,Travel_Rarely,25 - 34,Current Employees,R&D,Life Sciences,STAFF-1514,1514,Male,Manufacturing Director,Married,No,Y,2,28,1,1083,29,High School,1,3,96,1,2,2,6549.00,3173.00,1,14,3,2,80,2,8,2,8,6,1,7
No,Travel_Rarely,25 - 34,Current Employees,R&D,Life Sciences,STAFF-1558,1558,Male,Research Scientist,Married,No,Y,2,29,1,598,9,Bachelor's Degree,1,3,91,4,1,3,2451.00,22376.00,6,18,3,1,80,2,5,2,1,0,0,0
No,Travel_Rarely,35 - 44,Current Employees,R&D,Medical,STAFF-1618,1618,Male,Manufacturing Director,Married,No,Y,3,39,1,1387,10,Doctoral Degree,1,2,76,3,2,1,5377.00,3835.00,2,13,3,4,80,3,10,3,7,7,7,7
No,Travel_Rarely,25 - 34,Current Employees,R&D,Medical,STAFF-1698,1698,Male,Laboratory Technician,Married,No,Y,6,33,1,267,21,Bachelor's Degree,1,2,79,4,1,2,2028.00,13637.00,1,18,3,4,80,3,14,3,14,11,2,13
No,Travel_Rarely,Over 55,Current Employees,R&D,Medical,STAFF-1770,1770,Male,Research Director,Married,No,Y,2,55,1,478,2,Bachelor's Degree,1,3,60,2,5,1,19038.00,19805.00,8,12,3,2,80,3,34,3,1,0,0,0
No,Travel_Rarely,35 - 44,Current Employees,R&D,Life Sciences,STAFF-1631,1631,Male,Manufacturing Director,Married,No,Y,2,37,1,671,19,Bachelor's Degree,1,3,85,3,2,3,5768.00,26493.00,3,17,3,1,80,3,9,2,4,3,0,2
No,Travel_Rarely,25 - 34,Current Employees,R&D,Medical,STAFF-1718,1718,Male,Laboratory Technician,Married,No,Y,3,26,1,390,17,Master's Degree,1,4,62,1,1,3,2305.00,6217.00,1,15,3,3,80,3,3,4,3,2,0,2
No,Travel_Rarely,35 - 44,Current Employees,R&D,Life Sciences,STAFF-1435,1435,Male,Laboratory Technician,Single,No,Y,2,36,1,172,4,Master's Degree,1,1,37,2,2,4,5810.00,22604.00,1,16,3,3,80,0,10,2,10,4,1,8
No,Travel_Rarely,35 - 44,Current Employees,R&D,Life Sciences,STAFF-1659,1659,Male,Laboratory Technician,Single,No,Y,4,36,1,311,7,Bachelor's Degree,1,1,77,3,1,2,2013.00,10950.00,2,11,3,3,80,0,15,3,4,3,1,3
No,Travel_Rarely,Under 25,Current Employees,R&D,Life Sciences,STAFF-1533,1533,Male,Laboratory Technician,Single,No,Y,2,23,1,507,20,High School,1,1,97,3,2,3,2272.00,24812.00,0,14,3,2,80,0,5,3,4,3,1,2
No,Travel_Rarely,25 - 34,Current Employees,R&D,Medical,STAFF-1577,1577,Male,Research Scientist,Single,No,Y,4,34,1,479,7,Master's Degree,1,1,35,3,1,4,2972.00,22061.00,1,13,3,3,80,0,1,1,1,0,0,0
No,Travel_Rarely,35 - 44,Current Employees,R&D,Life Sciences,STAFF-2014,2014,Male,Research Scientist,Single,No,Y,2,39,1,116,24,High School,1,1,52,3,2,4,4108.00,5340.00,7,13,3,1,80,0,18,3,7,7,1,7
No,Travel_Rarely,Under 25,Current Employees,R&D,Life Sciences,STAFF-1981,1981,Male,Healthcare Representative,Single,No,Y,2,24,1,771,1,Associates Degree,1,2,45,2,2,3,4617.00,14120.00,1,12,3,2,80,0,4,2,4,3,1,2
No,Travel_Rarely,35 - 44,Current Employees,R&D,Medical,STAFF-2008,2008,Male,Research Scientist,Single,No,Y,5,35,1,1395,9,Master's Degree,1,2,48,3,2,3,5098.00,18698.00,1,19,3,2,80,0,10,3,10,7,0,8
No,Travel_Rarely,35 - 44,Current Employees,R&D,Life Sciences,STAFF-1814,1814,Male,Healthcare Representative,Single,No,Y,3,41,1,447,5,Bachelor's Degree,1,2,85,4,2,2,6870.00,15530.00,3,12,3,1,80,0,11,1,3,2,1,2
No,Travel_Rarely,35 - 44,Current Employees,R&D,Life Sciences,STAFF-2048,2048,Male,Research Scientist,Single,No,Y,2,40,1,1322,2,Master's Degree,1,3,52,2,1,3,2809.00,2725.00,2,14,3,4,80,0,8,3,2,2,2,2
No,Travel_Rarely,25 - 34,Current Employees,R&D,Medical,STAFF-1952,1952,Male,Laboratory Technician,Single,No,Y,6,26,1,157,1,Bachelor's Degree,1,3,95,3,1,1,2867.00,20006.00,0,13,3,4,80,0,8,2,7,7,7,6
No,Travel_Rarely,45 - 54,Current Employees,R&D,Life Sciences,STAFF-1727,1727,Male,Healthcare Representative,Single,No,Y,3,46,1,717,13,Master's Degree,1,3,34,3,2,2,5562.00,9697.00,6,14,3,4,80,0,19,3,10,7,0,9
No,Travel_Rarely,45 - 54,Current Employees,R&D,Life Sciences,STAFF-1677,1677,Male,Manager,Single,No,Y,2,49,1,809,1,Bachelor's Degree,1,3,36,3,4,3,15379.00,22384.00,4,14,3,1,80,0,23,3,8,7,0,0
No,Travel_Rarely,Under 25,Current Employees,R&D,Medical,STAFF-1623,1623,Male,Research Scientist,Single,No,Y,2,21,1,546,5,High School,1,3,97,3,1,4,3117.00,26009.00,1,18,3,3,80,0,3,3,2,2,2,2
No,Travel_Rarely,25 - 34,Current Employees,R&D,Other,STAFF-1417,1417,Male,Laboratory Technician,Single,No,Y,2,26,1,652,7,Bachelor's Degree,1,3,100,4,1,1,3578.00,23577.00,0,12,3,4,80,0,8,3,7,7,0,7
No,Travel_Rarely,35 - 44,Current Employees,R&D,Medical,STAFF-1564,1564,Male,Laboratory Technician,Single,No,Y,3,35,1,992,1,Bachelor's Degree,1,4,68,2,1,1,2450.00,21731.00,1,19,3,2,80,0,3,3,3,0,1,2
No,Travel_Rarely,25 - 34,Current Employees,R&D,Life Sciences,STAFF-1545,1545,Male,Manufacturing Director,Single,No,Y,2,33,1,575,25,Bachelor's Degree,1,4,44,2,2,2,4320.00,24152.00,1,13,3,4,80,0,5,3,5,3,0,2
No,Travel_Rarely,25 - 34,Current Employees,R&D,Life Sciences,STAFF-1883,1883,Male,Laboratory Technician,Single,No,Y,2,29,1,592,7,Bachelor's Degree,1,4,59,3,1,1,2062.00,19384.00,3,14,3,2,80,0,11,3,3,2,1,2
No,Travel_Rarely,25 - 34,Current Employees,R&D,Technical Degree,STAFF-2038,2038,Male,Research Scientist,Single,No,Y,4,32,1,529,2,Bachelor's Degree,1,4,78,3,1,1,2439.00,11288.00,1,14,3,4,80,0,4,3,4,2,1,2
No,Travel_Rarely,35 - 44,Current Employees,R&D,Life Sciences,STAFF-1475,1475,Male,Research Scientist,Single,No,Y,3,44,1,1467,20,Bachelor's Degree,1,4,49,3,1,2,3420.00,21158.00,1,13,3,3,80,0,6,2,5,2,1,3
No,Travel_Rarely,35 - 44,Current Employees,R&D,Life Sciences,STAFF-1860,1860,Male,Laboratory Technician,Single,No,Y,3,42,1,1142,8,Bachelor's Degree,1,4,81,3,1,3,3968.00,13624.00,4,13,3,4,80,0,8,3,0,0,0,0
No,Travel_Rarely,Under 25,Current Employees,R&D,Life Sciences,STAFF-2007,2007,Male,Research Scientist,Single,No,Y,2,22,1,581,1,Associates Degree,1,4,63,3,1,3,3375.00,17624.00,0,12,3,4,80,0,4,4,3,2,1,2
No,Travel_Rarely,Under 25,Current Employees,R&D,Other,STAFF-1982,1982,Male,Laboratory Technician,Single,No,Y,6,23,1,571,12,Associates Degree,1,4,78,3,1,4,2647.00,13672.00,1,13,3,3,80,0,5,4,5,2,1,4
No,Travel_Rarely,45 - 54,Current Employees,R&D,Medical,STAFF-1472,1472,Male,Research Director,Single,No,Y,2,53,1,447,2,Bachelor's Degree,1,4,39,4,4,2,16598.00,19764.00,4,12,3,2,80,0,35,2,9,8,8,8
No,Travel_Rarely,25 - 34,Current Employees,Sales,Life Sciences,STAFF-1453,1453,Male,Sales Executive,Divorced,No,Y,5,31,1,326,8,Associates Degree,1,1,31,3,3,4,10793.00,8386.00,1,18,3,1,80,1,13,3,13,7,9,9
No,Travel_Rarely,25 - 34,Current Employees,Sales,Marketing,STAFF-1754,1754,Male,Sales Executive,Divorced,No,Y,2,30,1,979,15,Associates Degree,1,3,94,2,3,1,7140.00,3088.00,2,11,3,1,80,1,12,3,7,7,1,7
No,Travel_Rarely,35 - 44,Current Employees,Sales,Life Sciences,STAFF-2037,2037,Male,Sales Executive,Divorced,No,Y,5,41,1,930,3,Bachelor's Degree,1,3,57,2,2,2,8938.00,12227.00,2,11,3,3,80,1,14,3,5,4,0,4
No,Travel_Rarely,25 - 34,Current Employees,Sales,Medical,STAFF-1951,1951,Male,Sales Executive,Divorced,No,Y,2,34,1,1239,13,Master's Degree,1,4,39,3,3,3,8628.00,22914.00,1,18,3,3,80,1,9,2,8,7,1,1
No,Travel_Rarely,25 - 34,Current Employees,Sales,Life Sciences,STAFF-1497,1497,Male,Sales Executive,Divorced,No,Y,3,29,1,1246,19,Bachelor's Degree,1,3,77,2,2,3,8620.00,23757.00,1,14,3,3,80,2,10,3,10,7,0,4
No,Travel_Rarely,25 - 34,Current Employees,Sales,Medical,STAFF-1670,1670,Male,Sales Executive,Divorced,No,Y,5,33,1,392,2,Master's Degree,1,4,93,3,2,4,5505.00,3921.00,1,14,3,3,80,2,6,3,6,2,0,4
No,Travel_Rarely,45 - 54,Current Employees,Sales,Marketing,STAFF-1466,1466,Male,Sales Executive,Divorced,No,Y,3,48,1,1221,7,Bachelor's Degree,1,3,96,3,2,1,5486.00,24795.00,4,11,3,1,80,3,15,3,2,2,2,2
No,Travel_Rarely,35 - 44,Current Employees,Sales,Medical,STAFF-1548,1548,Male,Sales Executive,Married,No,Y,5,40,1,1342,9,Associates Degree,1,1,47,3,2,1,5473.00,19345.00,0,12,3,4,80,0,9,4,8,4,7,1
No,Travel_Rarely,25 - 34,Current Employees,Sales,Life Sciences,STAFF-1560,1560,Male,Sales Executive,Married,No,Y,6,33,1,1242,8,Master's Degree,1,1,46,3,2,1,6392.00,10589.00,2,13,3,4,80,1,8,1,2,2,2,2
No,Travel_Rarely,25 - 34,Current Employees,Sales,Life Sciences,STAFF-1996,1996,Male,Sales Representative,Married,No,Y,1,31,1,1154,2,Associates Degree,1,1,54,3,1,3,3067.00,6393.00,0,19,3,3,80,1,3,3,2,2,1,2
No,Travel_Rarely,25 - 34,Current Employees,Sales,Technical Degree,STAFF-1749,1749,Male,Sales Executive,Married,No,Y,3,31,1,1003,5,Bachelor's Degree,1,1,51,3,2,3,8346.00,20943.00,1,19,3,3,80,1,6,3,5,2,0,2
No,Travel_Rarely,25 - 34,Current Employees,Sales,Medical,STAFF-2013,2013,Male,Sales Representative,Married,No,Y,2,32,1,234,1,Master's Degree,1,2,68,2,1,2,2269.00,18024.00,0,14,3,2,80,1,3,3,2,2,2,2
No,Travel_Rarely,35 - 44,Current Employees,Sales,Medical,STAFF-1945,1945,Male,Sales Executive,Married,No,Y,2,35,1,682,18,Master's Degree,1,2,71,3,2,1,5561.00,15975.00,0,16,3,4,80,1,6,1,5,3,0,4
No,Travel_Rarely,25 - 34,Current Employees,Sales,Technical Degree,STAFF-1568,1568,Male,Sales Executive,Married,No,Y,3,30,1,1288,29,Master's Degree,1,3,33,3,3,2,9250.00,17799.00,3,12,3,2,80,1,9,3,4,2,1,3
No,Travel_Rarely,35 - 44,Current Employees,Sales,Life Sciences,STAFF-1582,1582,Male,Sales Executive,Married,No,Y,3,38,1,1245,14,Bachelor's Degree,1,3,80,3,2,2,9924.00,12355.00,0,11,3,4,80,1,10,3,9,8,7,7
No,Travel_Rarely,25 - 34,Current Employees,Sales,Life Sciences,STAFF-1739,1739,Male,Sales Executive,Married,No,Y,2,32,1,371,19,Bachelor's Degree,1,4,80,1,3,3,9610.00,3840.00,3,13,3,3,80,1,10,1,4,3,0,2
No,Travel_Rarely,35 - 44,Current Employees,Sales,Life Sciences,STAFF-1492,1492,Male,Sales Representative,Married,No,Y,3,35,1,660,7,High School,1,4,76,3,1,3,2404.00,16192.00,1,13,3,1,80,1,1,3,1,0,0,0
No,Travel_Rarely,25 - 34,Current Employees,Sales,Marketing,STAFF-1446,1446,Male,Sales Executive,Married,No,Y,3,32,1,601,7,Doctoral Degree,1,4,97,3,2,4,9204.00,23343.00,4,12,3,3,80,1,7,2,4,3,0,3
No,Travel_Rarely,35 - 44,Current Employees,Sales,Medical,STAFF-1588,1588,Male,Sales Executive,Married,No,Y,3,39,1,1462,6,Bachelor's Degree,1,4,38,4,3,3,8237.00,4658.00,2,11,3,1,80,1,11,3,7,6,7,6
No,Travel_Rarely,35 - 44,Current Employees,Sales,Marketing,STAFF-1787,1787,Male,Sales Executive,Married,No,Y,2,37,1,589,9,Associates Degree,1,2,46,2,2,2,4189.00,8800.00,1,14,3,1,80,2,5,3,5,2,0,3
No,Travel_Rarely,35 - 44,Current Employees,Sales,Marketing,STAFF-1908,1908,Male,Sales Executive,Married,No,Y,1,36,1,335,17,Associates Degree,1,3,33,2,2,2,5507.00,16822.00,2,16,3,3,80,2,12,1,4,2,1,3
No,Travel_Rarely,35 - 44,Current Employees,Sales,Life Sciences,STAFF-1995,1995,Male,Sales Executive,Married,No,Y,3,38,1,1321,1,Master's Degree,1,4,86,3,2,2,4440.00,7636.00,0,15,3,1,80,2,16,3,15,13,5,8
No,Travel_Rarely,25 - 34,Current Employees,Sales,Life Sciences,STAFF-1479,1479,Male,Sales Executive,Married,No,Y,2,30,1,1358,16,High School,1,4,96,3,2,3,5301.00,2939.00,8,15,3,3,80,2,4,2,2,1,2,2
No,Travel_Rarely,35 - 44,Current Employees,Sales,Life Sciences,STAFF-1961,1961,Male,Sales Representative,Single,No,Y,3,38,1,1404,1,Bachelor's Degree,1,1,59,2,1,1,2858.00,11473.00,4,14,3,1,80,0,20,2,1,0,0,0
No,Travel_Rarely,35 - 44,Current Employees,Sales,Marketing,STAFF-1975,1975,Male,Sales Executive,Single,No,Y,3,39,1,119,15,Master's Degree,1,2,77,3,4,1,13341.00,25098.00,0,12,3,1,80,0,21,3,20,8,11,10
No,Travel_Rarely,35 - 44,Current Employees,Sales,Medical,STAFF-1740,1740,Male,Manager,Single,No,Y,3,40,1,611,7,Master's Degree,1,2,88,3,5,2,19833.00,4349.00,1,14,3,2,80,0,21,2,21,8,12,8
No,Travel_Rarely,25 - 34,Current Employees,Sales,Marketing,STAFF-1924,1924,Male,Sales Executive,Single,No,Y,2,33,1,217,10,Master's Degree,1,2,43,3,2,3,5487.00,10410.00,1,14,3,2,80,0,10,2,10,4,0,9
No,Travel_Rarely,25 - 34,Current Employees,Sales,Medical,STAFF-1650,1650,Male,Sales Executive,Single,No,Y,2,29,1,469,10,Bachelor's Degree,1,3,42,2,2,3,5869.00,23413.00,9,11,3,3,80,0,8,3,5,2,1,4
No,Travel_Rarely,25 - 34,Current Employees,Sales,Medical,STAFF-1836,1836,Male,Sales Executive,Single,No,Y,4,26,1,572,10,Bachelor's Degree,1,3,46,3,2,4,4684.00,9125.00,1,13,3,1,80,0,5,3,5,3,1,2
No,Travel_Rarely,25 - 34,Current Employees,Sales,Other,STAFF-1478,1478,Male,Sales Executive,Single,No,Y,2,34,1,1326,3,Bachelor's Degree,1,4,81,1,2,1,4759.00,15891.00,3,18,3,4,80,0,15,3,13,9,3,12
No,Travel_Rarely,Under 25,Current Employees,Sales,Life Sciences,STAFF-1680,1680,Male,Sales Representative,Single,No,Y,3,20,1,727,9,High School,1,4,54,3,1,1,2728.00,21082.00,1,11,3,1,80,0,2,3,2,2,0,2
No,Travel_Rarely,25 - 34,Current Employees,Sales,Medical,STAFF-1469,1469,Male,Sales Executive,Single,No,Y,4,28,1,866,5,Bachelor's Degree,1,4,84,3,2,1,8463.00,23490.00,0,18,3,4,80,0,6,3,5,4,1,3
No,Travel_Rarely,35 - 44,Current Employees,Sales,Marketing,STAFF-1708,1708,Male,Sales Executive,Single,No,Y,3,41,1,918,6,Bachelor's Degree,1,4,35,3,3,3,9241.00,15869.00,1,12,3,2,80,0,10,3,10,8,8,7
No,Travel_Rarely,25 - 34,Current Employees,Sales,Marketing,STAFF-1965,1965,Male,Sales Executive,Single,No,Y,5,27,1,954,9,Bachelor's Degree,1,4,44,3,2,4,4105.00,5099.00,1,14,3,1,80,0,7,3,7,7,0,7
No,Travel_Rarely,45 - 54,Current Employees,Sales,Life Sciences,STAFF-1602,1602,Male,Manager,Single,No,Y,5,46,1,563,1,Master's Degree,1,4,56,4,4,1,17567.00,3156.00,1,15,3,2,80,0,27,1,26,0,0,12
No,Non-Travel,Under 25,Current Employees,R&D,Other,STAFF-1605,1605,Female,Research Scientist,Married,Yes,Y,2,22,1,457,26,Associates Degree,1,2,85,2,1,3,2814.00,10293.00,1,14,3,2,80,0,4,2,4,2,1,3
No,Travel_Frequently,35 - 44,Current Employees,R&D,Medical,STAFF-1937,1937,Female,Research Scientist,Divorced,Yes,Y,3,38,1,1394,8,Bachelor's Degree,1,4,58,2,2,2,2133.00,18115.00,1,16,3,3,80,1,20,3,20,11,0,7
No,Travel_Frequently,Under 25,Current Employees,R&D,Technical Degree,STAFF-1646,1646,Female,Research Scientist,Single,Yes,Y,2,24,1,567,2,High School,1,1,32,3,1,4,3760.00,17218.00,1,13,3,3,80,0,6,3,6,3,1,3
No,Travel_Frequently,25 - 34,Current Employees,R&D,Life Sciences,STAFF-1850,1850,Female,Laboratory Technician,Single,Yes,Y,3,27,1,1297,5,Associates Degree,1,4,53,3,1,4,2379.00,19826.00,0,14,3,3,80,0,6,2,5,4,0,2
No,Travel_Rarely,35 - 44,Current Employees,HR,Life Sciences,STAFF-1683,1683,Female,Human Resources,Divorced,Yes,Y,2,44,1,528,1,Bachelor's Degree,1,3,44,3,1,4,3195.00,4167.00,4,18,3,1,80,3,8,3,2,2,2,2
No,Travel_Rarely,35 - 44,Current Employees,HR,Life Sciences,STAFF-2040,2040,Female,Human Resources,Single,Yes,Y,2,35,1,1146,26,Master's Degree,1,3,31,3,3,4,8837.00,16642.00,1,16,3,3,80,0,9,3,9,0,1,7
No,Travel_Rarely,35 - 44,Current Employees,R&D,Medical,STAFF-1608,1608,Female,Research Director,Divorced,Yes,Y,4,44,1,1313,7,Bachelor's Degree,1,2,31,3,5,4,19049.00,3549.00,0,14,3,4,80,1,23,2,22,7,1,10
No,Travel_Rarely,45 - 54,Current Employees,R&D,Life Sciences,STAFF-1827,1827,Female,Manufacturing Director,Divorced,Yes,Y,4,47,1,1001,4,Bachelor's Degree,1,3,92,2,3,2,10333.00,19271.00,8,12,3,3,80,1,28,3,22,11,14,10
No,Travel_Rarely,45 - 54,Current Employees,R&D,Medical,STAFF-1674,1674,Female,Laboratory Technician,Divorced,Yes,Y,2,49,1,464,16,Bachelor's Degree,1,4,74,3,1,1,2587.00,24941.00,4,16,3,2,80,1,17,2,2,2,2,2
No,Travel_Rarely,25 - 34,Current Employees,R&D,Medical,STAFF-1974,1974,Female,Laboratory Technician,Divorced,Yes,Y,4,31,1,1276,2,High School,1,4,59,1,1,4,1129.00,17536.00,1,11,3,3,80,3,1,3,1,0,0,0
No,Travel_Rarely,35 - 44,Current Employees,R&D,Other,STAFF-1886,1886,Female,Manufacturing Director,Married,Yes,Y,2,35,1,219,16,Associates Degree,1,4,44,2,2,2,4788.00,25388.00,0,11,3,4,80,0,4,3,3,2,0,2
No,Travel_Rarely,25 - 34,Current Employees,R&D,Life Sciences,STAFF-1893,1893,Female,Research Scientist,Married,Yes,Y,3,26,1,482,1,Associates Degree,1,2,90,2,1,3,2933.00,14908.00,1,13,3,3,80,1,1,2,1,0,1,0
No,Travel_Rarely,35 - 44,Current Employees,R&D,Life Sciences,STAFF-1724,1724,Female,Manufacturing Director,Married,Yes,Y,3,40,1,369,8,Associates Degree,1,2,92,3,2,1,6516.00,5041.00,2,16,3,2,80,1,18,3,1,0,0,0
No,Travel_Rarely,25 - 34,Current Employees,R&D,Medical,STAFF-2009,2009,Female,Healthcare Representative,Married,Yes,Y,6,33,1,501,15,Associates Degree,1,2,95,3,2,4,4878.00,21653.00,0,13,3,1,80,1,10,3,9,7,8,1
No,Travel_Rarely,45 - 54,Current Employees,R&D,Life Sciences,STAFF-1661,1661,Female,Healthcare Representative,Married,Yes,Y,3,49,1,465,6,High School,1,3,41,2,4,3,13966.00,11652.00,2,19,3,2,80,1,30,3,15,11,2,12
No,Travel_Rarely,35 - 44,Current Employees,R&D,Life Sciences,STAFF-1703,1703,Female,Healthcare Representative,Married,Yes,Y,2,44,1,921,2,Bachelor's Degree,1,3,96,4,3,4,7879.00,14810.00,1,19,3,2,80,1,9,3,8,7,6,7
No,Travel_Rarely,35 - 44,Current Employees,R&D,Medical,STAFF-1638,1638,Female,Manufacturing Director,Married,Yes,Y,6,38,1,397,2,Associates Degree,1,4,54,2,3,3,7756.00,14199.00,3,19,3,4,80,1,10,4,5,4,0,2
No,Travel_Rarely,35 - 44,Current Employees,R&D,Life Sciences,STAFF-1614,1614,Female,Manufacturing Director,Married,Yes,Y,2,36,1,559,12,Master's Degree,1,3,76,3,2,3,4663.00,12421.00,9,12,3,2,80,2,7,3,3,2,1,1
No,Travel_Rarely,35 - 44,Current Employees,R&D,Medical,STAFF-1587,1587,Female,Healthcare Representative,Single,Yes,Y,4,35,1,670,10,Master's Degree,1,1,51,3,2,3,6142.00,4223.00,3,16,3,3,80,0,10,3,5,2,0,4
No,Travel_Rarely,45 - 54,Current Employees,R&D,Medical,STAFF-1611,1611,Female,Laboratory Technician,Single,Yes,Y,3,45,1,1015,5,Doctoral Degree,1,3,50,1,2,1,5769.00,23447.00,1,14,3,1,80,0,10,3,10,7,1,4
No,Travel_Rarely,45 - 54,Current Employees,R&D,Medical,STAFF-1980,1980,Female,Manufacturing Director,Single,Yes,Y,3,54,1,157,10,Bachelor's Degree,1,3,77,3,2,1,4440.00,25198.00,6,19,3,4,80,0,9,3,5,2,1,4
No,Travel_Rarely,35 - 44,Current Employees,R&D,Life Sciences,STAFF-1641,1641,Female,Manufacturing Director,Single,Yes,Y,2,40,1,448,16,Bachelor's Degree,1,3,84,3,3,4,7945.00,19948.00,6,15,3,4,80,0,18,2,4,2,3,3
No,Travel_Rarely,35 - 44,Current Employees,Sales,Marketing,STAFF-1815,1815,Female,Sales Executive,Divorced,Yes,Y,3,41,1,796,4,High School,1,3,81,3,3,3,10447.00,26458.00,0,13,3,4,80,1,23,4,22,14,13,5
No,Travel_Rarely,25 - 34,Current Employees,Sales,Medical,STAFF-1912,1912,Female,Sales Executive,Divorced,Yes,Y,2,31,1,1079,10,Associates Degree,1,3,86,3,2,4,6583.00,20115.00,2,11,3,4,80,1,8,3,5,2,1,4
No,Travel_Rarely,35 - 44,Current Employees,Sales,Life Sciences,STAFF-1962,1962,Female,Sales Executive,Married,Yes,Y,2,35,1,1224,7,Master's Degree,1,3,55,3,2,4,5204.00,13586.00,1,11,3,4,80,0,10,3,10,8,0,9
No,Travel_Rarely,25 - 34,Current Employees,Sales,Medical,STAFF-1915,1915,Female,Sales Executive,Married,Yes,Y,3,34,1,735,3,High School,1,4,75,2,2,4,8103.00,16495.00,3,12,3,3,80,0,9,2,4,2,0,1
No,Travel_Rarely,35 - 44,Current Employees,Sales,Technical Degree,STAFF-1880,1880,Female,Sales Executive,Married,Yes,Y,4,36,1,1266,10,Master's Degree,1,2,63,2,2,3,5673.00,6060.00,1,13,3,1,80,1,10,3,10,9,1,7
No,Travel_Rarely,45 - 54,Current Employees,Sales,Medical,STAFF-1503,1503,Female,Sales Executive,Married,Yes,Y,4,47,1,571,14,Bachelor's Degree,1,3,78,3,2,3,4591.00,24200.00,3,17,3,3,80,1,11,2,5,4,1,2
No,Travel_Rarely,Over 55,Current Employees,Sales,Life Sciences,STAFF-1938,1938,Female,Manager,Married,Yes,Y,2,58,1,605,21,Bachelor's Degree,1,4,72,3,4,4,17875.00,11761.00,4,13,3,3,80,1,29,2,1,0,0,0
No,Travel_Rarely,Under 25,Current Employees,Sales,Medical,STAFF-1445,1445,Female,Sales Executive,Married,Yes,Y,3,24,1,1476,4,High School,1,4,42,3,2,3,4162.00,15211.00,1,12,3,3,80,2,5,3,5,4,0,3
No,Travel_Rarely,35 - 44,Current Employees,Sales,Marketing,STAFF-1425,1425,Female,Sales Executive,Single,Yes,Y,3,36,1,1174,3,Master's Degree,1,1,99,3,2,2,9278.00,20763.00,3,16,3,4,80,0,15,3,5,4,0,1
No,Non-Travel,35 - 44,Current Employees,R&D,Life Sciences,STAFF-1552,1552,Male,Healthcare Representative,Divorced,Yes,Y,2,40,1,1142,8,Associates Degree,1,4,72,3,2,4,4069.00,8841.00,3,18,3,3,80,0,8,3,2,2,2,2
No,Non-Travel,25 - 34,Current Employees,R&D,Medical,STAFF-1948,1948,Male,Research Scientist,Divorced,Yes,Y,3,31,1,976,3,Associates Degree,1,3,48,3,1,1,3065.00,3995.00,1,13,3,4,80,1,4,4,4,2,2,3
No,Non-Travel,35 - 44,Current Employees,R&D,Life Sciences,STAFF-1737,1737,Male,Laboratory Technician,Married,Yes,Y,2,39,1,792,1,Bachelor's Degree,1,4,77,3,2,4,6472.00,8989.00,1,15,3,4,80,1,9,3,9,8,5,8
No,Non-Travel,25 - 34,Current Employees,Sales,Life Sciences,STAFF-1774,1774,Male,Sales Executive,Divorced,Yes,Y,3,34,1,1375,10,Bachelor's Degree,1,4,87,3,2,3,4001.00,12313.00,1,14,3,3,80,1,15,3,15,14,0,7
No,Travel_Frequently,35 - 44,Current Employees,HR,Human Resources,STAFF-1642,1642,Male,Human Resources,Married,Yes,Y,3,44,1,602,1,Doctoral Degree,1,1,37,3,2,4,5743.00,10503.00,4,11,3,3,80,0,14,3,10,7,0,2
No,Travel_Frequently,35 - 44,Current Employees,HR,Other,STAFF-1972,1972,Male,Human Resources,Married,Yes,Y,2,38,1,1444,1,Master's Degree,1,4,88,3,1,2,2991.00,5224.00,0,11,3,2,80,1,7,3,6,2,1,2
No,Travel_Frequently,Over 55,Current Employees,R&D,Life Sciences,STAFF-1837,1837,Male,Research Director,Married,Yes,Y,3,58,1,1216,15,Master's Degree,1,1,87,3,4,3,15787.00,21624.00,2,14,3,2,80,0,23,3,2,2,2,2
No,Travel_Frequently,25 - 34,Current Employees,R&D,Other,STAFF-1932,1932,Male,Research Scientist,Married,Yes,Y,3,34,1,735,22,Master's Degree,1,3,86,2,2,4,5747.00,26496.00,1,15,3,2,80,0,16,3,15,10,6,11
No,Travel_Frequently,35 - 44,Current Employees,R&D,Life Sciences,STAFF-1594,1594,Male,Laboratory Technician,Married,Yes,Y,3,36,1,1302,6,Master's Degree,1,1,80,4,2,1,5562.00,19711.00,3,13,3,4,80,1,9,3,3,2,0,2
No,Travel_Frequently,45 - 54,Current Employees,R&D,Medical,STAFF-1606,1606,Male,Healthcare Representative,Married,Yes,Y,3,50,1,1234,20,Doctoral Degree,1,2,41,3,4,3,11245.00,20689.00,2,15,3,3,80,1,32,3,30,8,12,13
No,Travel_Frequently,35 - 44,Current Employees,R&D,Life Sciences,STAFF-1547,1547,Male,Healthcare Representative,Married,Yes,Y,3,42,1,288,2,Bachelor's Degree,1,4,40,3,3,4,10124.00,18611.00,2,14,3,3,80,1,24,1,20,8,13,9
No,Travel_Frequently,35 - 44,Current Employees,R&D,Life Sciences,STAFF-2049,2049,Male,Healthcare Representative,Married,Yes,Y,2,35,1,1199,18,Master's Degree,1,3,80,3,2,3,5689.00,24594.00,1,14,3,4,80,2,10,4,10,2,0,2
No,Travel_Frequently,35 - 44,Current Employees,R&D,Medical,STAFF-1704,1704,Male,Research Scientist,Single,Yes,Y,2,35,1,146,2,Master's Degree,1,1,79,2,1,4,4930.00,13970.00,0,14,3,3,80,0,6,4,5,4,1,4
No,Travel_Frequently,35 - 44,Current Employees,R&D,Medical,STAFF-1496,1496,Male,Manufacturing Director,Single,Yes,Y,2,44,1,1193,2,High School,1,2,86,3,3,3,10209.00,19719.00,5,18,3,2,80,0,16,2,2,2,2,2
No,Travel_Frequently,45 - 54,Current Employees,R&D,Medical,STAFF-1539,1539,Male,Research Director,Single,Yes,Y,2,50,1,333,22,Doctoral Degree,1,3,88,1,4,4,14411.00,24450.00,1,13,3,4,80,0,32,3,32,6,13,9
No,Travel_Frequently,25 - 34,Current Employees,R&D,Life Sciences,STAFF-1753,1753,Male,Healthcare Representative,Single,Yes,Y,5,29,1,461,1,Bachelor's Degree,1,4,70,4,2,3,6294.00,23060.00,8,12,3,4,80,0,10,4,3,2,0,2
No,Travel_Frequently,25 - 34,Current Employees,Sales,Life Sciences,STAFF-1927,1927,Male,Sales Executive,Married,Yes,Y,2,28,1,783,1,Associates Degree,1,3,42,2,2,4,6834.00,19255.00,1,12,3,3,80,1,7,3,7,7,0,7
No,Travel_Rarely,Over 55,Current Employees,HR,Human Resources,STAFF-1973,1973,Male,Manager,Married,Yes,Y,0,55,1,189,26,Master's Degree,1,3,71,4,5,2,19636.00,25811.00,4,18,3,1,80,1,35,3,10,9,1,4
No,Travel_Rarely,45 - 54,Current Employees,R&D,Medical,STAFF-1460,1460,Male,Healthcare Representative,Divorced,Yes,Y,2,45,1,1038,20,Bachelor's Degree,1,2,95,1,3,1,10851.00,19863.00,2,18,3,2,80,1,24,3,7,7,0,7
No,Travel_Rarely,45 - 54,Current Employees,R&D,Medical,STAFF-1789,1789,Male,Research Director,Divorced,Yes,Y,3,46,1,734,2,Master's Degree,1,3,46,3,5,4,19328.00,14218.00,7,17,3,3,80,1,24,3,2,1,2,2
No,Travel_Rarely,35 - 44,Current Employees,R&D,Life Sciences,STAFF-1998,1998,Male,Research Scientist,Divorced,Yes,Y,3,42,1,557,18,Master's Degree,1,4,35,3,2,1,5410.00,11189.00,6,17,3,3,80,1,9,2,4,3,1,2
No,Travel_Rarely,25 - 34,Current Employees,R&D,Other,STAFF-1992,1992,Male,Laboratory Technician,Divorced,Yes,Y,2,25,1,977,2,High School,1,4,57,3,1,3,3977.00,7298.00,6,19,3,3,80,1,7,2,2,2,0,2
No,Travel_Rarely,35 - 44,Current Employees,R&D,Medical,STAFF-1448,1448,Male,Research Scientist,Married,Yes,Y,5,41,1,1283,5,Doctoral Degree,1,2,90,4,1,3,2127.00,5561.00,2,12,3,1,80,0,7,2,4,2,0,3
No,Travel_Rarely,Over 55,Current Employees,R&D,Life Sciences,STAFF-1501,1501,Male,Healthcare Representative,Married,Yes,Y,2,55,1,1229,4,Master's Degree,1,4,30,3,2,3,4035.00,16143.00,0,16,3,2,80,0,4,3,3,2,1,2
No,Travel_Rarely,35 - 44,Current Employees,R&D,Medical,STAFF-1766,1766,Male,Healthcare Representative,Married,Yes,Y,2,38,1,833,18,Bachelor's Degree,1,2,60,1,2,4,5811.00,24539.00,3,16,3,3,80,1,15,3,1,0,1,0
No,Travel_Rarely,25 - 34,Current Employees,R&D,Life Sciences,STAFF-1549,1549,Male,Laboratory Technician,Married,Yes,Y,3,33,1,589,28,Master's Degree,1,2,79,3,2,3,5207.00,22949.00,1,12,3,2,80,1,15,3,15,14,5,7
No,Travel_Rarely,25 - 34,Current Employees,R&D,Other,STAFF-2053,2053,Male,Laboratory Technician,Married,Yes,Y,2,29,1,1378,13,Associates Degree,1,4,46,2,2,2,4025.00,23679.00,4,13,3,1,80,1,10,3,4,3,0,3
No,Travel_Rarely,35 - 44,Current Employees,R&D,Life Sciences,STAFF-1790,1790,Male,Healthcare Representative,Married,Yes,Y,1,36,1,1383,10,Bachelor's Degree,1,4,90,3,3,1,8321.00,25949.00,7,13,3,4,80,1,15,3,12,8,5,7
No,Travel_Rarely,35 - 44,Current Employees,R&D,Medical,STAFF-2003,2003,Male,Laboratory Technician,Married,Yes,Y,3,35,1,1490,11,Master's Degree,1,4,43,3,1,3,2660.00,20232.00,7,11,3,3,80,1,5,3,2,2,2,2
No,Travel_Rarely,45 - 54,Current Employees,R&D,Technical Degree,STAFF-1465,1465,Male,Manufacturing Director,Married,Yes,Y,4,45,1,1448,29,Bachelor's Degree,1,2,55,3,3,4,9380.00,14720.00,4,18,3,4,80,2,10,4,3,1,1,2
No,Travel_Rarely,25 - 34,Current Employees,R&D,Medical,STAFF-1755,1755,Male,Research Scientist,Married,Yes,Y,3,34,1,181,2,Master's Degree,1,4,97,4,1,4,2932.00,5586.00,0,14,3,1,80,3,6,3,5,0,1,2
No,Travel_Rarely,25 - 34,Current Employees,R&D,Medical,STAFF-1586,1586,Male,Laboratory Technician,Single,Yes,Y,3,29,1,1370,3,High School,1,2,87,3,1,1,4723.00,16213.00,1,18,3,4,80,0,10,3,10,9,1,5
No,Travel_Rarely,35 - 44,Current Employees,R&D,Medical,STAFF-2020,2020,Male,Research Scientist,Single,Yes,Y,2,44,1,1037,1,Bachelor's Degree,1,2,42,3,1,4,2436.00,13422.00,6,12,3,3,80,0,6,3,4,3,1,2
No,Travel_Rarely,25 - 34,Current Employees,R&D,Life Sciences,STAFF-1515,1515,Male,Healthcare Representative,Single,Yes,Y,6,33,1,516,8,Doctoral Degree,1,4,69,3,2,3,6388.00,22049.00,2,17,3,1,80,0,14,3,0,0,0,0
No,Travel_Rarely,25 - 34,Current Employees,Sales,Medical,STAFF-1669,1669,Male,Sales Executive,Divorced,Yes,Y,3,29,1,991,5,Bachelor's Degree,1,1,43,2,2,2,4187.00,3356.00,1,13,3,2,80,1,10,2,10,0,0,9
No,Travel_Rarely,45 - 54,Current Employees,Sales,Life Sciences,STAFF-1732,1732,Male,Sales Executive,Divorced,Yes,Y,5,46,1,1277,2,Bachelor's Degree,1,3,74,3,3,4,10368.00,5596.00,4,12,3,2,80,1,13,2,10,6,0,3
No,Travel_Rarely,35 - 44,Current Employees,Sales,Marketing,STAFF-1943,1943,Male,Sales Executive,Divorced,Yes,Y,4,42,1,419,12,Master's Degree,1,2,77,3,2,4,5087.00,2900.00,3,12,3,3,80,2,14,3,0,0,0,0
No,Travel_Rarely,25 - 34,Current Employees,Sales,Technical Degree,STAFF-1535,1535,Male,Sales Executive,Married,Yes,Y,3,34,1,971,1,Bachelor's Degree,1,4,64,2,3,3,7083.00,12288.00,1,14,3,4,80,0,10,3,10,9,8,6
No,Travel_Rarely,45 - 54,Current Employees,Sales,Marketing,STAFF-1591,1591,Male,Manager,Married,Yes,Y,2,50,1,264,9,Bachelor's Degree,1,3,59,3,5,3,19331.00,19519.00,4,16,3,3,80,1,27,3,1,0,0,0
No,Travel_Rarely,35 - 44,Current Employees,Sales,Medical,STAFF-1706,1706,Male,Sales Executive,Married,Yes,Y,3,43,1,1179,2,Bachelor's Degree,1,4,73,3,2,4,7847.00,6069.00,1,17,3,1,80,1,10,3,10,9,8,8
No,Travel_Rarely,25 - 34,Current Employees,Sales,Life Sciences,STAFF-1882,1882,Male,Sales Executive,Married,Yes,Y,3,34,1,1480,4,Bachelor's Degree,1,3,64,3,3,4,9713.00,24444.00,2,13,3,4,80,3,9,3,5,3,1,0
No,Travel_Rarely,Under 25,Current Employees,Sales,Medical,STAFF-2021,2021,Male,Sales Representative,Single,Yes,Y,6,21,1,501,5,High School,1,3,58,3,1,1,2380.00,25479.00,1,11,3,4,80,0,2,3,2,2,1,2
No,Travel_Rarely,35 - 44,Current Employees,Sales,Life Sciences,STAFF-1678,1678,Male,Sales Executive,Single,Yes,Y,2,41,1,1206,23,Associates Degree,1,4,80,3,3,3,7082.00,11591.00,3,16,3,4,80,0,21,3,2,0,0,2
No,Non-Travel,25 - 34,Current Employees,R&D,Medical,STAFF-1979,1979,Female,Research Director,Married,No,Y,2,31,1,697,10,Bachelor's Degree,1,3,40,3,3,3,11031.00,26862.00,4,20,4,3,80,1,13,4,11,7,4,8
No,Non-Travel,45 - 54,Current Employees,Sales,Life Sciences,STAFF-1845,1845,Female,Sales Executive,Married,No,Y,3,45,1,589,2,Master's Degree,1,3,67,3,2,3,5154.00,19665.00,4,22,4,2,80,2,10,4,8,7,5,7
No,Travel_Frequently,45 - 54,Current Employees,R&D,Medical,STAFF-1520,1520,Female,Manager,Divorced,No,Y,2,54,1,1050,11,Master's Degree,1,2,87,3,4,4,16032.00,24456.00,3,20,4,1,80,1,26,3,14,9,1,12
No,Travel_Frequently,35 - 44,Current Employees,R&D,Medical,STAFF-1675,1675,Female,Laboratory Technician,Single,No,Y,3,38,1,148,2,Bachelor's Degree,1,4,42,2,1,2,2440.00,23826.00,1,22,4,2,80,0,4,3,4,3,3,3
No,Travel_Frequently,25 - 34,Current Employees,R&D,Technical Degree,STAFF-1736,1736,Female,Manufacturing Director,Single,No,Y,3,31,1,163,24,High School,1,4,30,3,2,4,5238.00,6670.00,2,20,4,4,80,0,9,2,5,4,1,4
No,Travel_Rarely,45 - 54,Current Employees,HR,Life Sciences,STAFF-1744,1744,Female,Human Resources,Married,No,Y,2,45,1,176,4,Bachelor's Degree,1,3,56,1,3,3,9756.00,6595.00,4,21,4,3,80,2,9,4,5,0,0,3
No,Travel_Rarely,25 - 34,Current Employees,R&D,Medical,STAFF-1622,1622,Female,Manufacturing Director,Divorced,No,Y,5,28,1,580,27,Bachelor's Degree,1,2,39,1,2,1,4877.00,20460.00,0,21,4,2,80,1,6,2,5,3,0,0
No,Travel_Rarely,25 - 34,Current Employees,R&D,Life Sciences,STAFF-1581,1581,Female,Research Scientist,Married,No,Y,5,26,1,474,3,Bachelor's Degree,1,1,89,3,1,4,2061.00,11133.00,1,21,4,1,80,0,1,3,1,0,0,0
No,Travel_Rarely,35 - 44,Current Employees,R&D,Life Sciences,STAFF-2034,2034,Female,Manufacturing Director,Married,No,Y,3,41,1,582,28,Master's Degree,1,1,60,2,4,2,13570.00,5640.00,0,23,4,3,80,1,21,3,20,7,0,10
No,Travel_Rarely,Over 55,Current Employees,R&D,Life Sciences,STAFF-1441,1441,Female,Research Scientist,Married,No,Y,3,56,1,1255,1,Associates Degree,1,1,90,3,1,1,2066.00,10494.00,2,22,4,4,80,1,5,4,3,2,1,0
No,Travel_Rarely,45 - 54,Current Employees,R&D,Medical,STAFF-1665,1665,Female,Manager,Married,No,Y,6,54,1,584,22,Doctoral Degree,1,2,91,3,4,3,17426.00,18685.00,3,25,4,3,80,1,36,3,10,8,4,7
No,Travel_Rarely,45 - 54,Current Employees,R&D,Medical,STAFF-1509,1509,Female,Laboratory Technician,Married,No,Y,3,49,1,271,3,Associates Degree,1,3,43,2,2,1,4789.00,23070.00,4,25,4,1,80,1,10,3,3,2,1,2
No,Travel_Rarely,25 - 34,Current Employees,R&D,Medical,STAFF-1834,1834,Female,Research Scientist,Married,No,Y,3,28,1,1217,1,Bachelor's Degree,1,3,67,3,1,1,3591.00,12719.00,1,25,4,3,80,1,3,3,3,2,1,2
No,Travel_Rarely,25 - 34,Current Employees,Sales,Medical,STAFF-1864,1864,Female,Sales Representative,Married,No,Y,5,27,1,728,23,High School,1,2,36,2,2,3,3540.00,7018.00,1,21,4,4,80,1,9,3,9,8,5,8
No,Travel_Rarely,35 - 44,Current Employees,Sales,Marketing,STAFF-1909,1909,Female,Sales Executive,Married,No,Y,3,41,1,337,8,Bachelor's Degree,1,3,54,3,2,2,4393.00,26841.00,5,21,4,3,80,1,14,3,5,4,1,4
No,Travel_Rarely,35 - 44,Current Employees,Sales,Life Sciences,STAFF-1554,1554,Female,Sales Representative,Married,No,Y,5,35,1,1402,28,Master's Degree,1,2,98,2,1,3,2430.00,26204.00,0,23,4,1,80,2,6,3,5,3,4,2
No,Travel_Rarely,25 - 34,Current Employees,Sales,Marketing,STAFF-2035,2035,Female,Sales Executive,Married,No,Y,2,34,1,704,28,Bachelor's Degree,1,4,95,2,2,3,6712.00,8978.00,1,21,4,4,80,2,8,3,8,7,1,7
No,Non-Travel,Over 55,Current Employees,R&D,Life Sciences,STAFF-2026,2026,Male,Healthcare Representative,Divorced,No,Y,2,56,1,667,1,Master's Degree,1,3,57,3,2,3,6306.00,26236.00,1,21,4,1,80,1,13,2,13,12,1,9
No,Non-Travel,35 - 44,Current Employees,R&D,Life Sciences,STAFF-1949,1949,Male,Laboratory Technician,Married,No,Y,3,36,1,1351,9,Master's Degree,1,1,66,4,1,2,2810.00,9238.00,1,22,4,2,80,0,5,3,5,4,0,2
No,Non-Travel,45 - 54,Current Employees,R&D,Life Sciences,STAFF-1712,1712,Male,Healthcare Representative,Married,No,Y,3,45,1,1238,1,High School,1,3,74,2,3,3,10748.00,3395.00,3,23,4,4,80,1,25,2,23,15,14,4
No,Non-Travel,35 - 44,Current Employees,R&D,Technical Degree,STAFF-1854,1854,Male,Research Scientist,Married,No,Y,1,42,1,355,10,Master's Degree,1,3,38,3,1,3,2936.00,6161.00,3,22,4,2,80,2,10,2,6,3,3,3
No,Non-Travel,25 - 34,Current Employees,R&D,Medical,STAFF-1693,1693,Male,Laboratory Technician,Single,No,Y,5,26,1,786,7,Bachelor's Degree,1,4,76,3,1,4,2570.00,11925.00,1,20,4,3,80,0,7,3,7,7,5,7
No,Non-Travel,Over 55,Current Employees,Sales,Medical,STAFF-1824,1824,Male,Manager,Divorced,No,Y,0,58,1,350,2,Bachelor's Degree,1,2,52,3,4,2,16291.00,22577.00,4,22,4,4,80,1,37,2,16,9,14,14
No,Non-Travel,35 - 44,Current Employees,Sales,Marketing,STAFF-2036,2036,Male,Sales Executive,Divorced,No,Y,4,36,1,301,15,Master's Degree,1,4,88,1,2,4,5406.00,10436.00,1,24,4,1,80,1,15,2,15,12,11,11
No,Travel_Frequently,35 - 44,Current Employees,HR,Human Resources,STAFF-1890,1890,Male,Human Resources,Single,No,Y,2,36,1,1213,2,High School,1,2,94,2,2,4,3886.00,4223.00,1,21,4,4,80,0,10,2,10,1,0,8
No,Travel_Frequently,25 - 34,Current Employees,R&D,Life Sciences,STAFF-1970,1970,Male,Healthcare Representative,Divorced,No,Y,2,33,1,1303,7,Associates Degree,1,4,36,3,2,3,5968.00,18079.00,1,20,4,3,80,3,9,3,9,7,2,8
No,Travel_Frequently,25 - 34,Current Employees,R&D,Life Sciences,STAFF-1956,1956,Male,Research Scientist,Married,No,Y,6,31,1,1125,1,Bachelor's Degree,1,4,48,1,2,1,5003.00,5771.00,1,21,4,2,80,0,10,3,10,8,8,7
No,Travel_Frequently,45 - 54,Current Employees,R&D,Medical,STAFF-1644,1644,Male,Manager,Married,No,Y,3,48,1,365,4,Doctoral Degree,1,3,89,2,4,4,15202.00,5602.00,2,25,4,2,80,1,23,3,2,2,2,2
No,Travel_Frequently,35 - 44,Current Employees,Sales,Life Sciences,STAFF-1849,1849,Male,Sales Executive,Married,No,Y,5,43,1,1422,2,Master's Degree,1,1,92,3,2,4,5675.00,19246.00,1,20,4,3,80,1,7,3,7,7,7,7
No,Travel_Rarely,25 - 34,Current Employees,HR,Life Sciences,STAFF-1499,1499,Male,Human Resources,Divorced,No,Y,3,30,1,330,1,Bachelor's Degree,1,3,46,3,1,3,2064.00,15428.00,0,21,4,1,80,1,6,4,5,3,1,3
No,Travel_Rarely,Over 55,Current Employees,R&D,Medical,STAFF-1697,1697,Male,Healthcare Representative,Divorced,No,Y,2,60,1,370,1,Master's Degree,1,3,92,1,3,4,10883.00,20467.00,3,20,4,3,80,1,19,4,1,0,0,0
No,Travel_Rarely,35 - 44,Current Employees,R&D,Life Sciences,STAFF-1664,1664,Male,Healthcare Representative,Divorced,No,Y,3,36,1,1040,3,Associates Degree,1,4,79,4,2,1,6842.00,26308.00,6,20,4,1,80,1,13,3,5,4,0,4
No,Travel_Rarely,35 - 44,Current Employees,R&D,Life Sciences,STAFF-1772,1772,Male,Laboratory Technician,Divorced,No,Y,2,41,1,548,9,Master's Degree,1,3,94,3,1,1,2289.00,20520.00,1,20,4,2,80,2,5,3,5,3,0,4
No,Travel_Rarely,35 - 44,Current Employees,R&D,Medical,STAFF-1768,1768,Male,Laboratory Technician,Divorced,No,Y,6,42,1,855,12,Bachelor's Degree,1,2,57,3,1,2,2766.00,8952.00,8,22,4,2,80,3,7,2,5,3,0,4
No,Travel_Rarely,35 - 44,Current Employees,R&D,Medical,STAFF-1654,1654,Male,Manufacturing Director,Married,No,Y,3,39,1,492,12,Bachelor's Degree,1,4,66,3,2,2,5295.00,7693.00,4,21,4,3,80,0,7,3,5,4,1,0
No,Travel_Rarely,35 - 44,Current Employees,R&D,Medical,STAFF-1936,1936,Male,Manufacturing Director,Married,No,Y,3,39,1,867,9,Associates Degree,1,1,87,3,2,1,5151.00,12315.00,1,25,4,4,80,1,10,3,10,0,7,9
No,Travel_Rarely,Over 55,Current Employees,R&D,Technical Degree,STAFF-1873,1873,Male,Research Scientist,Married,No,Y,2,55,1,836,2,Master's Degree,1,2,98,2,1,4,2662.00,7975.00,8,20,4,2,80,1,19,4,5,2,0,4
No,Travel_Rarely,Over 55,Current Employees,R&D,Life Sciences,STAFF-1483,1483,Male,Research Scientist,Married,No,Y,2,57,1,405,1,Associates Degree,1,2,93,4,2,3,4900.00,2721.00,0,24,4,1,80,1,13,2,12,9,2,8
No,Travel_Rarely,35 - 44,Current Employees,R&D,Life Sciences,STAFF-1666,1666,Male,Research Director,Married,No,Y,3,43,1,1291,15,Associates Degree,1,3,65,2,4,3,17603.00,3525.00,1,24,4,1,80,1,14,3,14,10,6,11
No,Travel_Rarely,35 - 44,Current Employees,R&D,Life Sciences,STAFF-1999,1999,Male,Research Scientist,Married,No,Y,3,41,1,642,1,Bachelor's Degree,1,4,76,3,1,4,2782.00,21412.00,3,22,4,1,80,1,12,3,5,3,1,0
No,Travel_Rarely,45 - 54,Current Employees,R&D,Technical Degree,STAFF-1546,1546,Male,Research Scientist,Married,No,Y,3,45,1,950,28,Bachelor's Degree,1,4,97,3,1,4,2132.00,4585.00,4,20,4,4,80,1,8,3,5,4,0,3
No,Travel_Rarely,45 - 54,Current Employees,R&D,Medical,STAFF-1993,1993,Male,Healthcare Representative,Single,No,Y,3,47,1,1180,25,Bachelor's Degree,1,1,84,3,3,3,8633.00,13084.00,2,23,4,2,80,0,25,3,17,14,12,11
No,Travel_Rarely,35 - 44,Current Employees,R&D,Medical,STAFF-1800,1800,Male,Research Director,Single,No,Y,3,39,1,1253,10,High School,1,3,65,3,3,3,13464.00,7914.00,7,21,4,3,80,0,9,3,4,3,2,2
No,Travel_Rarely,25 - 34,Current Employees,R&D,Medical,STAFF-1516,1516,Male,Manager,Single,No,Y,5,32,1,495,10,Bachelor's Degree,1,3,64,3,3,4,11244.00,21072.00,2,25,4,2,80,0,10,4,5,2,0,0
No,Travel_Rarely,25 - 34,Current Employees,R&D,Life Sciences,STAFF-1966,1966,Male,Manufacturing Director,Single,No,Y,1,32,1,1373,5,Master's Degree,1,4,56,2,2,4,9679.00,10138.00,8,24,4,2,80,0,8,3,1,0,0,0
No,Travel_Rarely,35 - 44,Current Employees,R&D,Other,STAFF-1595,1595,Male,Manager,Single,No,Y,2,42,1,1059,9,Associates Degree,1,4,93,2,5,4,19613.00,26362.00,8,22,4,4,80,0,24,3,1,0,0,1
No,Travel_Rarely,Over 55,Current Employees,Sales,Marketing,STAFF-1578,1578,Male,Manager,Married,No,Y,3,55,1,685,26,Doctoral Degree,1,3,60,2,5,4,19586.00,23037.00,1,21,4,3,80,1,36,3,36,6,2,13
No,Travel_Rarely,25 - 34,Current Employees,Sales,Technical Degree,STAFF-1823,1823,Male,Sales Executive,Married,No,Y,5,34,1,810,8,Associates Degree,1,2,92,4,2,3,6799.00,22128.00,1,21,4,3,80,2,10,3,10,8,4,8
No,Travel_Rarely,25 - 34,Current Employees,Sales,Marketing,STAFF-1950,1950,Male,Sales Executive,Single,No,Y,3,34,1,937,1,Bachelor's Degree,1,1,32,3,3,4,9888.00,6770.00,1,21,4,1,80,0,14,2,14,8,2,1
No,Non-Travel,45 - 54,Current Employees,R&D,Medical,STAFF-1775,1775,Female,Manufacturing Director,Married,Yes,Y,2,53,1,661,1,Master's Degree,1,1,60,2,4,3,12965.00,22308.00,4,20,4,4,80,3,27,2,3,2,0,2
No,Non-Travel,25 - 34,Current Employees,Sales,Life Sciences,STAFF-1681,1681,Female,Sales Executive,Divorced,Yes,Y,2,33,1,530,16,Bachelor's Degree,1,3,36,3,2,4,5368.00,16130.00,1,25,4,3,80,1,7,3,6,5,1,2
No,Travel_Rarely,35 - 44,Current Employees,R&D,Life Sciences,STAFF-2017,2017,Female,Research Director,Married,Yes,Y,2,37,1,161,10,Bachelor's Degree,1,3,42,4,3,4,13744.00,15471.00,1,25,4,1,80,1,16,3,16,11,6,8
No,Travel_Rarely,Over 55,Current Employees,R&D,Medical,STAFF-1423,1423,Female,Research Director,Married,Yes,Y,3,58,1,1055,1,Bachelor's Degree,1,4,76,3,5,1,19701.00,22456.00,3,21,4,3,80,1,32,3,9,8,1,5
No,Travel_Rarely,35 - 44,Current Employees,R&D,Other,STAFF-1847,1847,Female,Research Scientist,Married,Yes,Y,2,36,1,430,2,Master's Degree,1,4,73,3,2,2,6962.00,19573.00,4,22,4,4,80,1,15,3,1,0,0,0
No,Travel_Rarely,25 - 34,Current Employees,Sales,Other,STAFF-2018,2018,Female,Sales Executive,Divorced,Yes,Y,3,25,1,1382,8,Associates Degree,1,1,85,3,2,3,4907.00,13684.00,0,22,4,2,80,1,6,2,5,3,0,4
No,Travel_Rarely,35 - 44,Current Employees,Sales,Marketing,STAFF-1835,1835,Female,Sales Representative,Married,Yes,Y,4,38,1,723,2,Master's Degree,1,2,77,1,2,4,5405.00,4244.00,2,20,4,1,80,2,20,2,4,2,0,3
No,Travel_Rarely,35 - 44,Current Employees,HR,Medical,STAFF-1550,1550,Male,Manager,Single,Yes,Y,2,40,1,898,6,Associates Degree,1,3,38,3,4,4,16437.00,17381.00,1,21,4,4,80,0,21,3,21,7,7,7
No,Travel_Rarely,25 - 34,Current Employees,R&D,Life Sciences,STAFF-2064,2064,Male,Manufacturing Director,Married,Yes,Y,0,27,1,155,4,Bachelor's Degree,1,2,87,4,2,2,6142.00,5174.00,1,20,4,2,80,1,6,3,6,2,0,3
No,Travel_Rarely,35 - 44,Current Employees,R&D,Medical,STAFF-1885,1885,Male,Research Scientist,Married,Yes,Y,2,37,1,783,7,Master's Degree,1,4,78,3,2,1,4284.00,13588.00,5,22,4,3,80,1,16,3,5,3,0,4
No,Travel_Rarely,25 - 34,Current Employees,Sales,Technical Degree,STAFF-1541,1541,Male,Sales Representative,Married,Yes,Y,4,34,1,1440,7,Associates Degree,1,2,55,3,1,3,2308.00,4944.00,0,25,4,2,80,1,12,3,11,10,5,7
No,Travel_Rarely,35 - 44,Current Employees,Sales,Life Sciences,STAFF-1556,1556,Male,Sales Representative,Single,Yes,Y,3,36,1,1157,2,Master's Degree,1,3,70,3,1,4,2644.00,17001.00,3,21,4,4,80,0,7,2,3,2,1,2
Yes,Travel_Frequently,25 - 34,Ex-Employees,HR,Human Resources,STAFF-1747,1747,Female,Human Resources,Divorced,No,Y,0,30,0,600,8,Bachelor's Degree,1,3,66,2,1,4,2180.00,9732.00,6,11,3,3,80,1,6,2,4,2,1,2
Yes,Travel_Frequently,25 - 34,Ex-Employees,HR,Human Resources,STAFF-1944,1944,Female,Human Resources,Married,No,Y,2,27,0,1337,22,Bachelor's Degree,1,1,58,2,1,2,2863.00,19555.00,1,12,3,1,80,0,1,3,1,0,0,0
Yes,Travel_Frequently,25 - 34,Ex-Employees,R&D,Life Sciences,STAFF-1459,1459,Female,Manufacturing Director,Single,No,Y,2,31,0,1445,1,Doctoral Degree,1,3,100,4,3,2,7446.00,8931.00,1,11,3,1,80,0,10,3,10,8,4,7
Yes,Travel_Frequently,25 - 34,Ex-Employees,R&D,Life Sciences,STAFF-1537,1537,Female,Research Scientist,Single,No,Y,2,31,0,561,3,Bachelor's Degree,1,4,33,3,1,3,4084.00,4156.00,1,12,3,1,80,0,7,1,7,2,7,7
Yes,Travel_Frequently,25 - 34,Ex-Employees,Sales,Technical Degree,STAFF-1487,1487,Female,Sales Executive,Single,No,Y,4,29,0,115,13,Bachelor's Degree,1,1,51,3,2,2,5765.00,17485.00,5,11,3,1,80,0,7,1,5,3,0,0
Yes,Travel_Frequently,25 - 34,Ex-Employees,Sales,Life Sciences,STAFF-1427,1427,Female,Sales Representative,Single,No,Y,3,31,0,667,1,Master's Degree,1,2,50,1,1,3,1359.00,16154.00,1,12,3,2,80,0,1,3,1,0,0,0
Yes,Travel_Rarely,25 - 34,Ex-Employees,HR,Technical Degree,STAFF-1467,1467,Female,Human Resources,Married,No,Y,0,34,0,1107,9,Master's Degree,1,1,52,3,1,3,2742.00,3072.00,1,15,3,4,80,0,2,3,2,2,2,2
Yes,Travel_Rarely,45 - 54,Ex-Employees,R&D,Technical Degree,STAFF-1572,1572,Female,Manufacturing Director,Married,No,Y,4,53,0,607,2,Doctoral Degree,1,3,78,2,3,4,10169.00,14618.00,0,16,3,2,80,1,34,3,33,7,1,9
Yes,Travel_Rarely,25 - 34,Ex-Employees,R&D,Life Sciences,STAFF-1433,1433,Female,Research Scientist,Single,No,Y,3,31,0,202,8,Bachelor's Degree,1,1,34,2,1,2,1261.00,22262.00,1,12,3,3,80,0,1,4,1,0,0,0
Yes,Travel_Rarely,25 - 34,Ex-Employees,Sales,Marketing,STAFF-1752,1752,Female,Sales Representative,Single,No,Y,3,29,0,428,9,Bachelor's Degree,1,2,52,1,1,2,2760.00,14630.00,1,13,3,3,80,0,2,3,2,2,2,2
Yes,Travel_Frequently,25 - 34,Ex-Employees,R&D,Life Sciences,STAFF-1807,1807,Male,Laboratory Technician,Married,No,Y,3,34,0,234,9,Master's Degree,1,4,93,3,2,1,5346.00,6208.00,4,17,3,3,80,1,11,2,7,1,0,7
Yes,Travel_Frequently,25 - 34,Ex-Employees,R&D,Medical,STAFF-1504,1504,Male,Laboratory Technician,Single,No,Y,2,28,0,289,2,Associates Degree,1,3,38,2,1,1,2561.00,5355.00,7,11,3,3,80,0,8,2,0,0,0,0
Yes,Travel_Frequently,45 - 54,Ex-Employees,Sales,Life Sciences,STAFF-2044,2044,Male,Sales Executive,Divorced,No,Y,3,50,0,878,1,Master's Degree,1,2,94,3,2,3,6728.00,14255.00,7,12,3,4,80,2,12,3,6,3,0,1
Yes,Travel_Frequently,45 - 54,Ex-Employees,Sales,Life Sciences,STAFF-1716,1716,Male,Sales Executive,Married,No,Y,3,47,0,1093,9,Bachelor's Degree,1,3,82,1,4,3,12936.00,24164.00,7,11,3,3,80,0,25,1,23,5,14,10
Yes,Travel_Frequently,25 - 34,Ex-Employees,Sales,Technical Degree,STAFF-1486,1486,Male,Sales Representative,Married,No,Y,3,28,0,1496,1,Bachelor's Degree,1,1,92,3,1,3,2909.00,15747.00,3,15,3,4,80,1,5,4,3,2,1,2
Yes,Travel_Frequently,Under 25,Ex-Employees,Sales,Marketing,STAFF-2023,2023,Male,Sales Representative,Married,No,Y,3,23,0,638,9,Bachelor's Degree,1,4,33,3,1,1,1790.00,26956.00,1,19,3,1,80,1,1,2,1,0,1,0
Yes,Travel_Frequently,25 - 34,Ex-Employees,Sales,Technical Degree,STAFF-1928,1928,Male,Sales Representative,Single,No,Y,3,29,0,746,24,Bachelor's Degree,1,3,45,4,1,1,1091.00,10642.00,1,17,3,4,80,0,1,3,1,0,0,0
Yes,Travel_Rarely,25 - 34,Ex-Employees,HR,Human Resources,STAFF-1842,1842,Male,Human Resources,Married,No,Y,4,31,0,359,18,Doctoral Degree,1,4,89,4,1,1,2956.00,21495.00,0,17,3,3,80,0,2,3,1,0,0,0
Yes,Travel_Rarely,Under 25,Ex-Employees,HR,Human Resources,STAFF-1714,1714,Male,Human Resources,Married,No,Y,2,24,0,240,22,High School,1,4,58,1,1,3,1555.00,11585.00,1,11,3,3,80,1,1,3,1,0,0,0
Yes,Travel_Rarely,25 - 34,Ex-Employees,R&D,Technical Degree,STAFF-1960,1960,Male,Laboratory Technician,Divorced,No,Y,2,28,0,1404,17,Bachelor's Degree,1,3,32,2,1,4,2367.00,18779.00,5,12,3,1,80,1,6,2,4,1,0,3
Yes,Travel_Rarely,Over 55,Ex-Employees,R&D,Technical Degree,STAFF-2032,2032,Male,Laboratory Technician,Married,No,Y,4,56,0,310,7,Associates Degree,1,4,72,3,1,3,2339.00,3666.00,8,11,3,4,80,1,14,1,10,9,9,8
Yes,Travel_Rarely,35 - 44,Ex-Employees,R&D,Medical,STAFF-1573,1573,Male,Manufacturing Director,Married,No,Y,2,38,0,903,2,Bachelor's Degree,1,3,81,3,2,2,4855.00,7653.00,4,11,3,1,80,2,7,3,5,2,1,4
Yes,Travel_Rarely,25 - 34,Ex-Employees,R&D,Technical Degree,STAFF-1522,1522,Male,Research Scientist,Single,No,Y,2,29,0,224,1,Master's Degree,1,1,100,2,1,1,2362.00,7568.00,6,13,3,3,80,0,11,1,9,7,0,7
Yes,Travel_Rarely,Over 55,Ex-Employees,R&D,Life Sciences,STAFF-1907,1907,Male,Laboratory Technician,Single,No,Y,3,56,0,1162,24,Associates Degree,1,1,97,3,1,4,2587.00,10261.00,1,16,3,4,80,0,5,3,4,2,1,0
Yes,Travel_Rarely,35 - 44,Ex-Employees,R&D,Life Sciences,STAFF-1534,1534,Male,Laboratory Technician,Single,No,Y,3,40,0,676,9,Master's Degree,1,4,86,3,1,1,2018.00,21831.00,3,14,3,2,80,0,15,1,5,4,1,0
Yes,Travel_Rarely,35 - 44,Ex-Employees,R&D,Medical,STAFF-1809,1809,Male,Manufacturing Director,Single,No,Y,4,37,0,370,10,Master's Degree,1,4,58,3,2,1,4213.00,4992.00,1,15,3,2,80,0,10,1,10,3,0,8
Yes,Travel_Rarely,25 - 34,Ex-Employees,R&D,Life Sciences,STAFF-1692,1692,Male,Laboratory Technician,Single,No,Y,2,32,0,1259,2,Master's Degree,1,4,95,3,1,2,1393.00,24852.00,1,12,3,1,80,0,1,3,1,0,0,0
Yes,Travel_Rarely,45 - 54,Ex-Employees,Sales,Marketing,STAFF-1457,1457,Male,Sales Executive,Divorced,No,Y,1,46,0,377,9,Bachelor's Degree,1,1,52,3,3,4,10096.00,15986.00,4,11,3,1,80,1,28,4,7,7,4,3
Yes,Travel_Rarely,25 - 34,Ex-Employees,Sales,Life Sciences,STAFF-1439,1439,Male,Sales Representative,Married,No,Y,2,25,0,383,9,Associates Degree,1,1,68,2,1,1,4400.00,15182.00,3,12,3,1,80,0,6,3,3,2,2,2
Yes,Travel_Rarely,35 - 44,Ex-Employees,Sales,Medical,STAFF-1639,1639,Male,Sales Executive,Married,No,Y,3,35,0,737,10,Bachelor's Degree,1,4,55,2,3,1,10306.00,21530.00,9,17,3,3,80,0,15,3,13,12,6,0
Yes,Travel_Rarely,25 - 34,Ex-Employees,Sales,Life Sciences,STAFF-1562,1562,Male,Sales Executive,Married,No,Y,4,30,0,740,1,Bachelor's Degree,1,2,64,2,2,1,9714.00,5323.00,1,11,3,4,80,1,10,3,10,8,6,7
Yes,Travel_Rarely,25 - 34,Ex-Employees,Sales,Marketing,STAFF-1761,1761,Male,Sales Executive,Married,No,Y,2,31,0,1079,16,Master's Degree,1,1,70,3,3,3,8161.00,19002.00,2,13,3,1,80,3,10,3,1,0,0,0
Yes,Travel_Rarely,25 - 34,Ex-Employees,Sales,Life Sciences,STAFF-1734,1734,Male,Sales Executive,Single,No,Y,2,32,0,964,1,Associates Degree,1,1,34,1,2,2,6735.00,12147.00,6,15,3,2,80,0,10,3,0,0,0,0
Yes,Travel_Rarely,Under 25,Ex-Employees,Sales,Marketing,STAFF-1780,1780,Male,Sales Representative,Single,No,Y,3,21,0,337,7,High School,1,2,31,3,1,2,2679.00,4567.00,1,13,3,2,80,0,1,3,1,0,1,0
Yes,Travel_Rarely,25 - 34,Ex-Employees,Sales,Medical,STAFF-1876,1876,Male,Sales Representative,Single,No,Y,3,30,0,945,9,Bachelor's Degree,1,2,89,3,1,4,1081.00,16019.00,1,13,3,3,80,0,1,2,1,0,0,0
Yes,Travel_Frequently,25 - 34,Ex-Employees,R&D,Life Sciences,STAFF-1939,1939,Female,Research Scientist,Single,Yes,Y,2,32,0,238,5,Associates Degree,1,1,47,4,1,3,2432.00,15318.00,3,14,3,1,80,0,8,3,4,1,0,3
Yes,Travel_Frequently,25 - 34,Ex-Employees,R&D,Other,STAFF-1421,1421,Female,Healthcare Representative,Single,Yes,Y,1,29,0,337,14,High School,1,3,84,3,3,4,7553.00,22930.00,0,12,3,1,80,0,9,3,8,7,7,7
Yes,Travel_Frequently,45 - 54,Ex-Employees,Sales,Medical,STAFF-1691,1691,Female,Sales Representative,Married,Yes,Y,3,48,0,708,7,Associates Degree,1,4,95,3,1,3,2655.00,11740.00,2,11,3,3,80,2,19,3,9,7,7,7
Yes,Travel_Frequently,Under 25,Ex-Employees,Sales,Medical,STAFF-1624,1624,Female,Sales Representative,Single,Yes,Y,2,18,0,544,3,Associates Degree,1,2,70,3,1,4,1569.00,18420.00,1,12,3,3,80,0,0,4,0,0,0,0
Yes,Travel_Rarely,25 - 34,Ex-Employees,HR,Medical,STAFF-1818,1818,Female,Human Resources,Married,Yes,Y,3,26,0,920,20,Associates Degree,1,4,69,3,1,2,2148.00,6889.00,0,11,3,3,80,0,6,3,5,1,1,4
Yes,Travel_Rarely,35 - 44,Ex-Employees,R&D,Life Sciences,STAFF-1569,1569,Female,Laboratory Technician,Divorced,Yes,Y,2,35,0,104,2,Bachelor's Degree,1,1,69,3,1,1,2074.00,26619.00,1,12,3,4,80,1,1,3,1,0,0,0
Yes,Travel_Rarely,Under 25,Ex-Employees,R&D,Medical,STAFF-1783,1783,Female,Laboratory Technician,Married,Yes,Y,6,22,0,1294,8,High School,1,3,79,3,1,1,2398.00,15999.00,1,17,3,3,80,0,1,3,1,0,0,0
Yes,Travel_Rarely,25 - 34,Ex-Employees,Sales,Marketing,STAFF-1933,1933,Female,Sales Executive,Single,Yes,Y,0,28,0,1475,13,Associates Degree,1,4,84,3,2,3,9854.00,23352.00,3,11,3,4,80,0,6,3,2,0,2,2
Yes,Travel_Frequently,35 - 44,Ex-Employees,R&D,Medical,STAFF-1792,1792,Male,Research Scientist,Divorced,Yes,Y,2,44,0,429,1,Associates Degree,1,3,99,3,1,2,2342.00,11092.00,1,12,3,3,80,3,6,2,5,3,2,3
Yes,Travel_Frequently,25 - 34,Ex-Employees,R&D,Life Sciences,STAFF-1464,1464,Male,Laboratory Technician,Married,Yes,Y,2,31,0,523,2,Bachelor's Degree,1,2,94,3,1,4,3722.00,21081.00,6,13,3,3,80,1,7,1,2,2,2,2
Yes,Travel_Frequently,35 - 44,Ex-Employees,R&D,Technical Degree,STAFF-1767,1767,Male,Research Scientist,Married,Yes,Y,4,43,0,807,17,Bachelor's Degree,1,3,38,2,1,3,2437.00,15587.00,9,16,3,4,80,1,6,3,1,0,0,0
Yes,Travel_Frequently,Under 25,Ex-Employees,R&D,Medical,STAFF-1494,1494,Male,Laboratory Technician,Single,Yes,Y,2,24,0,381,9,Bachelor's Degree,1,2,89,3,1,1,3172.00,16998.00,2,11,3,3,80,0,4,2,0,0,0,0
Yes,Travel_Frequently,25 - 34,Ex-Employees,Sales,Marketing,STAFF-1967,1967,Male,Sales Executive,Married,Yes,Y,4,31,0,754,26,Master's Degree,1,1,63,3,2,4,5617.00,21075.00,1,11,3,3,80,0,10,3,10,7,0,8
Yes,Travel_Rarely,25 - 34,Ex-Employees,HR,Human Resources,STAFF-1844,1844,Male,Human Resources,Divorced,Yes,Y,3,29,0,350,13,Bachelor's Degree,1,1,56,2,1,1,2335.00,3157.00,4,15,3,4,80,3,4,3,2,2,2,0
Yes,Travel_Rarely,25 - 34,Ex-Employees,R&D,Medical,STAFF-2027,2027,Male,Research Scientist,Married,Yes,Y,3,29,0,1092,1,Master's Degree,1,1,36,3,1,4,4787.00,26124.00,9,14,3,2,80,3,4,4,2,2,2,2
Yes,Travel_Rarely,25 - 34,Ex-Employees,R&D,Medical,STAFF-1604,1604,Male,Laboratory Technician,Married,Yes,Y,3,28,0,329,24,Bachelor's Degree,1,3,51,3,1,2,2408.00,7324.00,1,17,3,3,80,3,1,3,1,1,0,0
Yes,Travel_Rarely,35 - 44,Ex-Employees,R&D,Life Sciences,STAFF-1649,1649,Male,Laboratory Technician,Single,Yes,Y,3,40,0,1329,7,Bachelor's Degree,1,1,73,3,1,1,2166.00,3339.00,3,14,3,2,80,0,10,1,4,2,0,3
Yes,Travel_Rarely,Under 25,Ex-Employees,R&D,Medical,STAFF-1684,1684,Male,Laboratory Technician,Single,Yes,Y,2,23,0,1320,8,High School,1,4,93,2,1,3,3989.00,20586.00,1,11,3,1,80,0,5,3,5,4,1,2
Yes,Travel_Rarely,45 - 54,Ex-Employees,Sales,Marketing,STAFF-2055,2055,Male,Sales Executive,Divorced,Yes,Y,3,50,0,410,28,Bachelor's Degree,1,4,39,2,3,1,10854.00,16586.00,4,13,3,2,80,1,20,3,3,2,2,0
Yes,Travel_Rarely,35 - 44,Ex-Employees,Sales,Medical,STAFF-1645,1645,Male,Sales Executive,Divorced,Yes,Y,2,35,0,763,15,Associates Degree,1,1,59,1,2,4,5440.00,22098.00,6,14,3,4,80,2,7,2,2,2,2,2
Yes,Travel_Rarely,35 - 44,Ex-Employees,Sales,Marketing,STAFF-1733,1733,Male,Sales Executive,Divorced,Yes,Y,3,36,0,1456,13,Doctoral Degree,1,2,96,2,2,1,6134.00,8658.00,5,13,3,2,80,3,16,3,2,2,2,2
Yes,Travel_Rarely,45 - 54,Ex-Employees,Sales,Life Sciences,STAFF-1968,1968,Male,Sales Executive,Single,Yes,Y,2,53,0,1168,24,Master's Degree,1,1,66,3,3,1,10448.00,5843.00,6,13,3,2,80,0,15,2,2,2,2,2
Yes,Travel_Rarely,25 - 34,Ex-Employees,Sales,Marketing,STAFF-1862,1862,Male,Sales Executive,Single,Yes,Y,3,32,0,414,2,Master's Degree,1,3,82,2,2,2,9907.00,26186.00,7,12,3,3,80,0,7,2,2,2,2,2
Yes,Travel_Rarely,35 - 44,Ex-Employees,Sales,Life Sciences,STAFF-1797,1797,Male,Sales Executive,Single,Yes,Y,2,35,0,303,27,Bachelor's Degree,1,3,84,3,2,4,5813.00,13492.00,1,18,3,4,80,0,10,3,10,7,7,7
Yes,Travel_Rarely,45 - 54,Ex-Employees,R&D,Medical,STAFF-1821,1821,Female,Healthcare Representative,Married,No,Y,2,46,0,261,21,Associates Degree,1,4,66,3,2,2,8926.00,10842.00,4,22,4,4,80,1,13,4,9,7,3,7
Yes,Travel_Rarely,45 - 54,Ex-Employees,Sales,Life Sciences,STAFF-1869,1869,Female,Sales Executive,Married,No,Y,2,46,0,1254,10,Bachelor's Degree,1,3,64,3,3,2,7314.00,14011.00,5,21,4,3,80,3,14,3,8,7,0,7
Yes,Travel_Frequently,45 - 54,Ex-Employees,R&D,Life Sciences,STAFF-1420,1420,Male,Laboratory Technician,Single,No,Y,2,49,0,1475,28,Associates Degree,1,1,97,2,2,1,4284.00,22710.00,3,20,4,1,80,0,20,3,4,3,1,3
Yes,Non-Travel,35 - 44,Ex-Employees,R&D,Life Sciences,STAFF-1458,1458,Female,Laboratory Technician,Single,Yes,Y,2,39,0,592,2,Bachelor's Degree,1,1,54,2,1,1,3646.00,17181.00,2,23,4,2,80,0,11,4,1,0,0,0
Yes,Travel_Rarely,25 - 34,Ex-Employees,Sales,Medical,STAFF-1489,1489,Female,Sales Executive,Single,Yes,Y,2,34,0,790,24,Master's Degree,1,1,40,2,2,2,4599.00,7815.00,0,23,4,3,80,0,16,4,15,9,10,10
Yes,Travel_Rarely,25 - 34,Ex-Employees,Sales,Life Sciences,STAFF-1758,1758,Female,Sales Executive,Single,Yes,Y,2,33,0,211,16,Bachelor's Degree,1,1,74,3,3,1,8564.00,10092.00,2,20,4,3,80,0,11,2,0,0,0,0
Yes,Non-Travel,25 - 34,Ex-Employees,R&D,Technical Degree,STAFF-1905,1905,Male,Research Scientist,Married,Yes,Y,2,34,0,967,16,Master's Degree,1,4,85,1,1,1,2307.00,14460.00,1,23,4,2,80,1,5,3,5,2,3,0
Yes,Travel_Frequently,25 - 34,Ex-Employees,R&D,Life Sciences,STAFF-1868,1868,Male,Research Scientist,Single,Yes,Y,3,29,0,459,24,Associates Degree,1,4,73,2,1,4,2439.00,14753.00,1,24,4,2,80,0,1,2,1,0,1,0
Yes,Travel_Frequently,35 - 44,Ex-Employees,Sales,Other,STAFF-1667,1667,Male,Sales Executive,Single,Yes,Y,2,35,0,880,12,Master's Degree,1,4,36,3,2,4,4581.00,10414.00,3,24,4,1,80,0,13,4,11,9,6,7
Yes,Travel_Rarely,Under 25,Ex-Employees,R&D,Life Sciences,STAFF-1878,1878,Male,Research Scientist,Single,Yes,Y,2,22,0,391,7,High School,1,4,75,3,1,2,2472.00,26092.00,1,23,4,1,80,0,1,3,1,0,0,0
Yes,Travel_Rarely,Under 25,Ex-Employees,Sales,Life Sciences,STAFF-1702,1702,Male,Sales Representative,Divorced,Yes,Y,2,23,0,427,7,Bachelor's Degree,1,3,99,3,1,4,2275.00,25103.00,1,21,4,2,80,1,3,3,3,2,0,2
